-- phpMyAdmin SQL Dump
-- version 5.0.4
-- https://www.phpmyadmin.net/
--
-- Host: 127.0.0.1
-- Waktu pembuatan: 14 Mar 2021 pada 18.49
-- Versi server: 10.4.16-MariaDB
-- Versi PHP: 7.4.12

SET SQL_MODE = "NO_AUTO_VALUE_ON_ZERO";
START TRANSACTION;
SET time_zone = "+00:00";


/*!40101 SET @OLD_CHARACTER_SET_CLIENT=@@CHARACTER_SET_CLIENT */;
/*!40101 SET @OLD_CHARACTER_SET_RESULTS=@@CHARACTER_SET_RESULTS */;
/*!40101 SET @OLD_COLLATION_CONNECTION=@@COLLATION_CONNECTION */;
/*!40101 SET NAMES utf8mb4 */;

--
-- Database: `e-sppd`
--

-- --------------------------------------------------------

--
-- Struktur dari tabel `eps_modul`
--

CREATE TABLE `eps_modul` (
  `kode_modul` int(4) NOT NULL,
  `nama_modul` varchar(50) NOT NULL,
  `url_seo` varchar(50) NOT NULL,
  `folder` varchar(50) NOT NULL
) ENGINE=MyISAM DEFAULT CHARSET=utf8;

--
-- Dumping data untuk tabel `eps_modul`
--

INSERT INTO `eps_modul` (`kode_modul`, `nama_modul`, `url_seo`, `folder`) VALUES
(1, 'SPPD', 'sppd', 'mod_sppd');

-- --------------------------------------------------------

--
-- Struktur dari tabel `kepegawaian`
--

CREATE TABLE `kepegawaian` (
  `id` int(5) NOT NULL,
  `NAMA` varchar(255) DEFAULT NULL,
  `NIPBARU2` varchar(255) DEFAULT NULL,
  `kd_gol` int(4) NOT NULL,
  `jabatan` varchar(255) DEFAULT NULL,
  `gol` varchar(255) DEFAULT NULL,
  `ttd` text NOT NULL
) ENGINE=MyISAM DEFAULT CHARSET=latin1;

--
-- Dumping data untuk tabel `kepegawaian`
--

INSERT INTO `kepegawaian` (`id`, `NAMA`, `NIPBARU2`, `kd_gol`, `jabatan`, `gol`, `ttd`) VALUES
(2, 'SUTRISNO, SH,MH', '19630919 199209 1 002', 4, 'Kepala Dinas Pendidikan, Pemuda dan Olahraga', 'IV/b', ''),
(3, 'LIS DWI ANDRIYANI, SH', '197006231996032002', 4, 'Sekretaris Dinas', 'IV/b', ''),
(4, 'FAJAR ADI WIDIARSO, S.Hut, M.Si', '198304292010011018', 7, 'Kepala Bidang Pembinaan Pemuda dan Olahraga ', 'III/c', ''),
(5, 'R. BUDI SETIAWAN', '196509182010011001', 11, 'Staf Subbag Program dan Keuangan', 'II/c', ''),
(6, 'IMAM ROSADI, S.Ag, M.Pdi', '197601012009011012', 7, 'Penilik Muda', 'III/c', ''),
(7, 'HERYADI, S.IP', '197809072008011007', 9, 'Staf Subbag Program dan Keuangan', 'III/a', ''),
(8, 'MARGO WALUYO, S.IP', '196606201988031013', 7, 'Staf Subbag Program dan Keuangan', 'III/c', ''),
(9, 'SUGIMIN', '196112071986021004', 8, 'Staf Subbag Program dan Keuangan`', 'III/b', ''),
(10, 'NUROKHMAN', '196304301986031006', 12, 'Staf Subbag Program dan Keuangan', 'II/c', ''),
(11, 'ROHYATI', '196903172007012014', 10, 'Staf Subbag Program dan Keuangan', 'II/d', ''),
(12, 'KRISNA RACHMAYANTI, SE', '197211021994122001', 7, 'Staf Subbag Program dan Keuangan', 'III/c', ''),
(13, 'AKHIRUDIN', '198403022010011005', 12, 'Staf', 'II/c', ''),
(14, 'AGUS REDI SUSANTO, S.Kom', '198308012009011014', 8, 'Staf PTK Dikdas', 'III/b', ''),
(15, 'SUCIATI', '198209012014092001', 8, 'Staf Subbag Program dan Keuangan', 'III/b', ''),
(16, 'DANI NUR SETIYAWAN, SE, M.Akun', '198502182009041001', 7, 'Kepala Subbag Pengelolaan Aset', 'III/c', ''),
(17, 'WHARYANTI', '196310091993032006', 9, 'Staf Subbag Umum dan Kepegawaian', 'III/a', ''),
(18, 'SLAMET APENDI, SE', '197904102014091001', 9, 'Staf Subbag Umum dan Kepegawaian', 'III/a', ''),
(19, 'SUSANTO', '196510302007011012', 10, 'Staf Subbag Umum dan Kepegawaian', 'II/d', ''),
(20, 'KASNURI', '197604182009011007', 12, 'Staf Subbag Umum dan Kepegawaian', 'II/b', ''),
(21, 'SATORI', '197107262007011009', 10, 'Staf Subbag Umum dan Kepegawaian', 'II/d', ''),
(22, 'DARMAWAN', '198605302014091002', 14, 'Staf Subbag Umum dan Kepegawaian', 'I/d', ''),
(23, 'ROJAT, S.Pd, M.Pd', '196608061988061003', 5, 'Kepala Bidang Pembinaan DIKDAS', 'IV/a', ''),
(24, 'ADITYA PERDANA, SE, M.Si', '198212052010011015', 7, 'Kepala Seksi Kepemudaan', 'III/c', ''),
(25, 'TUROHMAN', '198107012014091002', 12, 'Staf Kurikulum dan Kesiswaan ', 'II/b', ''),
(26, 'SOETONO, SE', '196212302000031002', 9, 'Staf Kurikulum dan Kesiswaan ', 'III/a', ''),
(27, 'BENI KRISMANTO', '198201312014091003', 12, 'Staf Kurikulum dan Kesiswaan ', 'II/b', ''),
(28, 'SARMIAN, S.Pd, M.Pd', '196703281992031003', 5, 'Kepala Seksi Kurikulum dan Kesiswaan', 'IV/a', ''),
(29, 'FATKHUDIN, SE', '197204182007011012', 7, 'Staf Kelembagaan Sarana dan Prasarana', 'III/c', ''),
(31, 'TRIYADI', '196402191993031005', 8, 'Staf Kelembagaan Sarana dan Prasarana', 'III/b', ''),
(32, 'EKO AGUS JAKA SUSILO', '197608052009011007', 9, 'Staf Kelembagaan Sarana dan Prasarana', 'III/a', ''),
(33, 'SITI UMRO ATIN, SE, M,Si', '196312021983042004', 5, 'Kepala Bidang Pembinaan Pemuda dan Olahraga', 'IV/a', ''),
(34, 'Drs. TAUFIQ, M.Pd', '196506061994031007', 5, 'Kepala Seksi Kepemudaan', 'IV/a', ''),
(35, 'TASRIPIN, SE', '196604072006041007', 7, 'Kepala Subbag Umum dan Kepegawaian', 'III/c', ''),
(36, 'WARDININGSIH', '197207082007012009', 10, 'Staf Kepemudaan', 'II/d', ''),
(37, 'SUGENG', '197904122009011007', 12, 'Staf Kepemudaan', 'II/c', ''),
(38, 'AKHMAD ROKHMANI, S.Pd, M.Pd', '197101112007011010', 7, 'Kepala Seksi Keolahragaan', 'III/c', ''),
(39, 'DENI SETIAWAN', '198110102010011014', 9, 'Staf Keolahragaan', 'III/a', ''),
(40, 'SRI SONI WIYOTO', '197111062010011001', 12, 'Staf Keolahragaan', 'II/c', ''),
(41, 'SALAM', '198003292010011004', 13, 'Staf keolahragaan', 'II/a', ''),
(42, 'Drs. IMAM SUGIHARTO, M.Pd', '196607161999011001', 5, 'Kepala Bidang Pembinaan PAUD PNF', 'IV/a', ''),
(43, 'BASKORO PRAMONO, S.Sos', '196504031989032005', 6, 'Kepala Seksi Kelembagaan dan Sarana Prasarana', 'III/d', ''),
(44, 'NINING PANCAWATI', '196404112007012008', 9, 'Staf Seksi Kurikulum dan Kesiswaan', 'III/a', ''),
(45, 'HENI NUR INDAHWATI', '196511081986032014', 8, 'Staf Seksi Kurikulum dan Kesiswaan', 'III/b', ''),
(46, 'HERU DWI SASONGKO', '197709072014091001', 12, 'Staf Seksi Kurikulum dan Kesiswaan', 'II/b', ''),
(47, 'HENDRA PRADISTYO B,S.STP,M.Si', '198511262004121003', 7, 'Kepala Seksi Kelembagaan Sarana dan Prasarana ', 'III/c', ''),
(48, 'NUR FAOZAN, S.S', '197708092009011006', 7, 'Kasi Keolahragaan', 'III/c', ''),
(49, 'FAJAR URIP ADITYA S, S.Kom', '198504172010011002', 9, 'Staf Kelembagaan Sarana dan Prasarana ', 'III/a', ''),
(50, 'SARMINI, SE', '197907202009012006', 7, 'Staf Kelembagaan Sarana dan Prasarana ', 'III/c', ''),
(51, 'Drs.TAUFIQ, M.Pd', '', 5, 'Kepala Bidang Pembinaan Ketenagaan', 'IV/a', ''),
(52, 'KUWAT SLAMET, S.Pd', '196206071984051001', 5, 'Kepala Seksi PTK PAUD PNF dan Pemuda Olahraga', 'IV/a', ''),
(53, 'NURKHOLIL', '197210072009011001', 12, 'Staf PTK PAUD PNF dan Pemuda Olahraga', 'II/c', ''),
(55, 'DAVID IWAN WIJAYA, S.Pd', '197703042008011010', 10, 'Staf PTK PAUDPNF dan Pemuda Olahraga', 'II/d', ''),
(56, 'DARMANSYAH, S.Pd, M.Pd', '196303281985011001', 5, 'Kepala Seksi PTK DIKDAS', 'IV/a', ''),
(57, 'CIPTO HANDOKO', '197208011999031002', 9, 'Staf PTK DIKDAS', 'III/a', ''),
(58, 'SUTIKNO', '196307021987031007', 8, 'Staf PTK DIKDAS', 'III/b', ''),
(59, 'TITIN RATMAWATI', '197302092010012001', 12, 'Staf PTK DIKDAS', 'II/c', ''),
(60, 'SANDRI YULIANTO', '198007092009011005', 9, 'Staf PTK DIKDAS', 'III/a', ''),
(61, 'TEGUH PRASETYO WIBOWO, A.Md', '198107012014091001', 10, 'Staf PTK DIKDAS', 'II/d', ''),
(62, 'DIDI MARTADI', '197209282010011002', 12, 'S e c u r i t y ', 'II/c', ''),
(64, 'TARMUDI', '197511292008011004', 12, 'S e c u r i t y ', 'II/c', ''),
(65, 'FATKHUROJI', '198005242008011006', 13, 'S e c u r i t y ', 'II/a', ''),
(66, 'ADI SYAEFUL ARIFIN', '198009082008011013', 12, 'S e c u r i t y ', 'II/c', ''),
(68, 'RAHMAT EFFENDI', '68', 18, 'Staf Bidang Pembinaan DIKDAS', '', ''),
(69, 'SLAMET SUTRISNO, S.IP', '69', 18, 'Staf Bidang Pembinaan PAUD PNF', '', ''),
(70, 'YANA HENDAYANA.SE', '70', 18, 'Staf Bidang Pembinaan DIKDAS ', '', ''),
(71, 'DEDY HENDRATA', '71', 18, 'Staf Bidang Pembinaan Ketenagaan', '', ''),
(72, 'DANI MAHENDRA', '72', 18, 'Staf Subbag Umum dan Kepegawaian', '', ''),
(73, 'ARIS WAHYUDI, S.Kom', '73', 18, 'Staf Subbag Program dan Keuangan', '', ''),
(74, 'SOPIYATUN MAGFIROH. S.Kom', '74', 18, 'Staf Subbag Program dan Keuangan', '', ''),
(75, 'DIAN SEPVIANA HARYANTI, S.Kom', '75', 18, 'Staf Subbag Program dan Keuangan', '', ''),
(76, 'SUYADI', '76', 18, 'Staf Bidang Pembinaan PAUD PNF', '', ''),
(77, 'ARI SOFIYANTO SAPUTRO, S.Kom', '77', 18, 'Staf Bidang Pembinaan Ketenagaan', '', ''),
(78, 'SAGAH HADI', '78', 18, 'Staf Subbag Program dan Keuangan', '', ''),
(79, 'SUTRISGIANTORO', '79', 18, 'Staf Subbag Umum dan Kepegawaian', '', ''),
(80, 'NINIK WAHYUNINGSIH', '80', 18, 'Staf Bidang Pembinaan DIKDAS', '', ''),
(81, 'TIKA MULIA CANDRA', '81', 18, '', '', ''),
(82, 'DIMAS ANGGUN PRIYATHAMA', '82', 18, 'Staf Bidang Pembinaan PAUD PNF', '', ''),
(83, 'NUR HIDAYAH', '83', 18, 'Staf Subbag Umum dan Kepegawaian', '', ''),
(84, 'SATRIO BAYU AJI P', '84', 18, 'Staf Bidang Pembinaan DIKDAS', '', ''),
(85, 'BRILIANI AVITA DEWI', '85', 18, '', '', ''),
(86, 'IMAN ARIFUDIN', '86', 18, 'Staf Bidang Pembinaan Pemuda dan Olahraga', '', ''),
(87, 'CANDRA APRIYANTO', '87', 18, 'Staf Bidang Pembinaan DIKDAS', '', ''),
(88, 'SRI MULYANI', '88', 18, 'Staf Bidang Pembinaan Dikdas', '', ''),
(89, 'TAUFIQ PUJO NUGROHO', '89', 18, ' Staf Bidang Pembinaan Pemuda dan Olahraga', '', ''),
(90, 'IMAN NUROFIQ', '90', 18, 'Staf Bidang Pembinaan Pemuda dan Olahraga', '', ''),
(91, 'AYU WULANDARI', '91', 18, 'Staf Bidang Pembinaan DIKDAS', '', ''),
(92, 'HERLINA ANDRIA RAMDANI', '92', 18, 'Staf Bidang Pembinaan Dikdas', '', ''),
(93, 'HARISH ARI NURFAHMI', '93', 18, 'Staf Subbag Program dan Keuangan', '', ''),
(94, 'FARAH KHOYRUN NISA', '94', 18, 'Staf Program dan Keuangan', '', ''),
(96, 'NADIA JULIANTI', '96', 18, 'Staf Bidang Pembinaan PAUD PNF', '', ''),
(97, 'FURQON NUL HAKIM', '97', 18, 'Staf Subbag Program dan Keuangan ', '', ''),
(98, 'WIDO DRIPANA', '98', 18, 'Staf Subag Umum dan Kepegawaian', '', ''),
(99, 'YUNIN IZZANI', '99', 18, 'Staf Bidang Pembinaan DIKDAS', '', ''),
(100, 'NUR MASROF', '100', 18, 'HARLEP KEBERSIHAN GOR DAN STADION KARBIR', '', ''),
(101, 'ROH INDRA SUKARNO', '101', 18, 'HARLEP KEBERSIHAN GOR DAN STADION KARBIR', '', ''),
(102, 'WARDANI JOYO NEGORO', '102', 18, 'HARLEP KEBERSIHAN GOR DAN STADION KARBIR', '', ''),
(103, 'TOMI ATMOJO', '103', 18, 'HARLEP KEBERSIHAN GOR DAN STADION KARBIR', '', ''),
(104, 'EDI SETYONO', '104', 18, 'HARLEP KEBERSIHAN GOR DAN STADION KARBIR', '', ''),
(105, 'ADE RIZKI NUR FAUZI', '105', 18, 'HARLEP KEBERSIHAN GOR DAN STADION KARBIR', '', ''),
(106, 'PRAJOKO', '106', 18, 'HARLEP KEBERSIHAN GOR DAN STADION KARBIR', '', ''),
(107, 'BAYU ALAMSYAH', '107', 18, 'HARLEP KEBERSIHAN GOR DAN STADION KARBIR', '', ''),
(108, 'KEMAL BAESAH', '108', 18, 'HARLEP KEBERSIHAN GOR DAN STADION KARBIR', '', ''),
(109, 'TRIO NUR AFANI', '109', 18, 'HARLEP KEBERSIHAN GOR DAN STADION KARBIR', '', ''),
(110, 'AGNING PRAKOSO NOOR', '110', 18, 'HARLEP KEBERSIHAN GOR DAN STADION KARBIR', '', ''),
(111, 'MUHAMMAD NUR MIALFI SALIM', '111', 18, 'HARLEP KEBERSIHAN GOR DAN STADION KARBIR', '', ''),
(112, 'SUBKHI', '112', 18, 'Staf Bidang Pembinaan Pemuda dan Olahraga ', '', ''),
(113, 'SAEFUDIN ZUHRI', '113', 18, 'HARLEP KEBERSIHAN GOR DAN STADION KARBIR', '', ''),
(114, 'NUR RIZKY REZA KOMALA', '114', 18, 'Staf Bidang Pembinaaan Dikdas', '', ''),
(117, 'ABDUL BASIT, SE', '198003242009041001', 7, 'Staf Subbag Program dan Keuangan', 'III/c', ''),
(121, 'D.NURZAMAN', '197603052009011002', 12, 'Staf', 'II/b', ''),
(122, 'SAYANG HENDRAWAN', '197325122007011014', 10, '', 'II/d', ''),
(123, 'WIDO DIPRANA', '123', 18, 'Staf Bidang Pembinaan Ketenagaan', '', ''),
(124, 'ABDUL KHAFID', '124', 18, 'Staf Bidang Pembinaan DIKDAS', '', ''),
(126, 'Drs. AGUS SUNARTO, M.Pd', '19611025 198803 1 008', 4, 'Pengawas Sekolah Madya', 'IV/b', ''),
(127, 'HARYANTO, S.Pd, S.IP, M.Pd', '196202261985031011', 4, 'Pengawas Sekolah Madya', 'IV/b', ''),
(128, 'KUSRIYANTO, S.Pd', '197804022014091003', 8, 'Staf Keolahragaan', 'III/b', ''),
(129, 'APIT BANGUN ARAFFAH', '129', 18, 'Staf Subbag Pengelolaan Aset', '', ''),
(130, 'SUSI LESTARI, S.Pd, M.Pd', '197110221998022002', 4, 'Pengawas Sekolah Madya', 'IV/b', ''),
(131, 'CAHIR, S.Pd, M.Pd', '196301011985031036', 4, 'Pengawas Sekolah Madya ', 'IV/b', ''),
(133, 'SAEFUDIN, M.Pd', '19620327 198412 1 004 ', 4, 'Pengawas Sekolah Madya', 'IV/b', ''),
(134, 'NURSIDIK,S.Pd.I', '196903282009061001', 12, 'Staf Kurikulum dan Kesiswaan', 'II/c', ''),
(135, 'PURHANDINI', '135', 18, 'Staf Sekretariat', '', ''),
(137, 'DEVITA OKTAVIA K', '137', 18, 'Staf Bidang Pembinaan Pemuda dan Olahraga', '', ''),
(138, 'HERKUSNADI, S.Kom', '198005042009041002', 6, 'Guru SMPN 2 Brebes', 'III/d', ''),
(139, 'WAHYUDIN, SM', '139', 18, 'Staf Subag Pengelolaan Aset', '', ''),
(140, 'WIRYO, SE, M.Si', '197906232010011016', 7, 'Kepala Sub Bidang  Penatausahaan Bidang Aset BPPKAD', 'III/c', ''),
(141, 'SARWO EDI', '141', 18, 'Staf Subbag Umum dan Kepegawaian ', '', ''),
(142, 'MIFTAHUDIN', '198005222014091001', 12, 'Staf Subbag Umum dan Kepegawaian', 'II/b', ''),
(143, 'AGIL PRIMA MUZAKI ', '143', 18, 'Staf Bidang Pembinaan DIKDAS', '', ''),
(144, 'MOH. MA`MUR, S.Pd, S.H, M.Pd', '196201121982011014', 3, 'Pengawas Sekolah Madya', 'IV/c', ''),
(146, 'MURTADO, M.Pd', '197007151994121002', 5, 'KEPALA SMPN 2 BREBES', 'IV/a', ''),
(148, 'FARAH KHOYRUN NISA', '148', 18, 'Staf Subbag Program dan Keuangan', '', ''),
(149, 'R. BUDI SETIAWAN ', '196509182010011001', 12, 'Staf Subbag Program dan Keuangan', 'II/c', ''),
(150, 'WARDANI JOYO NEGORO', '150', 18, 'Staf Bidang Pemuda dan Olahraga ', '', ''),
(151, 'AGNES KADARISMI, SH', '197009191990032004', 6, 'Kasi PTK PAUD PNF dan PORA ', 'III/d', ''),
(152, 'KUSNANDAR', '152', 18, 'Staff Subag Pengelolaan Aset', '', ''),
(153, 'KHAERUL SALEH, S.Pd', '19651105198508101', 6, 'Penilik Madya', 'III/d', ''),
(154, 'Drs. MOH. BAEDOWI ', '196703191988061001', 5, 'Penilik Madya', 'IV/a', ''),
(155, 'Dr. TAHRONI, M.Pd', '197106091998021001', 3, 'Kepala Dinas Pendidikan, Pemuda dan Olahraga Kabupaten Brebes ', 'IV/c', ''),
(156, 'HALIM PERMANASARI', '156', 18, 'Staf Subbag Program dan Keuangan ', '', ''),
(157, 'SUTARNO', '19631023 200701 1 008', 10, 'Staff Subbag Umum dan Kepegawaian', 'II/d', ''),
(158, 'Drs. TRIO YUGO PRABOWO, M.Pd', '19650113 198803 1 010', 4, 'Pengawas Sekolah', 'IV/b', ''),
(159, 'MOH. MA`MUR, S.Pd, S.H., M.Pd', '19620112 198201 1 014', 3, 'Pengawas Sekolah', 'IV/c', ''),
(161, 'RAGIL ISYRINASHIFAH, A.Md', '199206132020122002', 11, 'Staf', 'II/c', ''),
(162, 'SUWARDI', '162', 18, 'Staff Subbag Umum dan Kepegawaian  ', '', ''),
(163, 'NUR PUJI RAHMAWATI, ST', '197803202006042009', 6, 'Kepala Seksi PTK PAUDPNF, SMP dan Pemuda Olahraga ', 'III/d', ''),
(164, 'IMRON ARIPIN', '197602222010011005', 12, 'Staf PTK PAUDPNF dan Pemuda Olahraga', 'II/b', ''),
(165, ' Drs.PRIYONO AGUS PRATISTO,M.Pd', '196105271986031012', 4, 'Pengawas Sekolah Madya ', 'IV/b', ''),
(166, 'UNTUNG WIJAYA', '166', 18, 'Staf Bidang Pembinaan Pora', '', '');

-- --------------------------------------------------------

--
-- Struktur dari tabel `surat_tugas`
--

CREATE TABLE `surat_tugas` (
  `id` int(5) NOT NULL,
  `sid` varchar(255) NOT NULL,
  `no_agenda` varchar(10) DEFAULT NULL,
  `dasar` varchar(255) DEFAULT NULL,
  `keperluan` varchar(255) DEFAULT NULL,
  `tanggal_mulai` date DEFAULT NULL,
  `tanggal_akhir` date DEFAULT NULL,
  `waktu` varchar(255) DEFAULT NULL,
  `tempat` varchar(255) DEFAULT NULL,
  `id_pegawai` varchar(255) DEFAULT NULL,
  `jenis_biaya` varchar(255) NOT NULL,
  `penandatangan` varchar(255) NOT NULL,
  `catatan` varchar(255) DEFAULT NULL,
  `status` varchar(255) DEFAULT NULL,
  `sekbid` varchar(255) NOT NULL,
  `HAPUS` enum('0','1') CHARACTER SET latin1 COLLATE latin1_general_ci NOT NULL DEFAULT '0',
  `TGL_UPDATE` datetime DEFAULT NULL,
  `TGL_HAPUS` datetime DEFAULT NULL,
  `WARNING` int(10) DEFAULT NULL,
  `USER` varchar(255) DEFAULT NULL
) ENGINE=MyISAM DEFAULT CHARSET=latin1;

--
-- Dumping data untuk tabel `surat_tugas`
--

INSERT INTO `surat_tugas` (`id`, `sid`, `no_agenda`, `dasar`, `keperluan`, `tanggal_mulai`, `tanggal_akhir`, `waktu`, `tempat`, `id_pegawai`, `jenis_biaya`, `penandatangan`, `catatan`, `status`, `sekbid`, `HAPUS`, `TGL_UPDATE`, `TGL_HAPUS`, `WARNING`, `USER`) VALUES
(1, '2021-01-04', '0001', 'Dasar surat Peraturan Kepala Dinas Pendidikan, Pemuda dan Olahraga Kab. Brebes Nomor: 422.7 - 0013 Tahun 2020 Tentang Petunjuk Teknis Penggunaan dan pertanggungjawaban Dana bantuan Biaya Pendidikan Bagi Mahasiswa Berprestasi dan Tidak Mampu (BIDIKMISI) Ta', 'Monitoring Bansos Bidikmisi Tahun Anggaran 2020 ', '2021-01-05', '2021-01-07', '09.00 WIB', 'Perguruan Tinggi di Kab. Brebes', 'taufiq;sugeng;taufiqpujonugroho', '3', 'kadinas', '', '1', '19', '0', '2021-01-05 09:42:50', '0000-00-00 00:00:00', 1, 'sugeng'),
(3, '2021-01-05', '0003', 'Dasar surat dari BKPSDMD KABUPATEN BREBES  Nomor : 005-0020-2020. Tanggal  30 Desember 2020   Perihal Undangan Pembekalan CPNS Kabupaten Brebes Formasi Umum Tahun 2019.', 'menghadiri Pembekalan CPNS Kabupaten Brebes Formasi Umum Tahun 2019', '2021-01-07', '2021-01-07', 'Pukul 07.30 WIB s.d Selesai ', 'Aula BKPSDMD Kabupaten Brebe Jl. RA. Kartini No. 03 Brebes', 'ragil', '3', 'kadinas', '', '1', '19', '0', '2021-01-05 09:43:45', '0000-00-00 00:00:00', 1, 'ragil'),
(2, '2021-01-05', '0002', 'Dasar Juklak POPDA Tingkat Karesidenan Pekalongan Tahun 2020', 'Survai Lokasi Kegiatan POPDA Tingkat Karesidenan Pekalongan Tahun 2021dan Refting Staf Bidang Pora', '2021-01-06', '2021-01-06', '08.00 Wib sd selesai', 'Kabupaten Pemalang', 'terlampir', '3', 'kadinas', '', '1', '19', '0', '2021-01-05 09:43:07', '0000-00-00 00:00:00', 1, 'srisoniwiyoto'),
(4, '2021-01-05', '0004', 'Perintah Kepala Dinas Pendidikan Pemuda dan Olahraga Kabupaten Brebes', 'Konsultasi tentang Penilaian Pembelajaran pada Satuan Pendidikan dimasa Pandemi Covid-19', '2021-01-06', '2021-01-06', 'Pukul 08.00 WIB', 'LPMP Jawa Tengah ', 'rojat', '1', 'kadinas', '', '1', '19', '0', '2021-01-05 13:51:16', '0000-00-00 00:00:00', 1, 'rahmat'),
(5, '2021-01-06', '0005', 'Dasar surat dari Dindikpora Nomor : 005-00017-2021. Tanggal 5 Januari 2021 Perihal Undangan Rapat Persiapan Laporan BOS Akhir Tahun', 'Kegiatan Verifikasi Laporan BOS TA 2020', '2021-01-07', '2021-01-09', '08.00 S.D SELESAI', 'Terlampir', 'terlampir', '1', 'kadinas', '', '1', '19', '0', '2021-01-06 16:12:11', '0000-00-00 00:00:00', 1, 'yuninizzani'),
(6, '2021-01-11', '0006', 'Dasar surat Kepala Dinas Pendidikan Pemuda dan Olahraga Nomor : 005-00020-2021 Tanggal 6 Januari 2021 Perihal Undangan Verifikasi Data Rangkuman Sekolah Jenjang SD', 'Verifikasi Data Rangkuman Sekolah Jenjang SD', '2021-01-12', '2021-01-14', '08.00 s.d Selesai', 'Korwilcam', 'heryadi;slametapendi;rbudisetiawan;danimahendra;ariswahyudi;sopiyatunmagfiroh;suyadi;furqonnulhakim;subkhi', '1', 'kadinas', '', '1', '19', '0', '2021-01-13 10:25:45', '0000-00-00 00:00:00', 1, 'program'),
(7, '2021-01-13', '0007', 'Dasar surat dari Disporapar Nomor : 005-111-2020. Tanggal 13 Januari 2020 Perihal Undangan ', 'Kesiapan Pelaksanaan POPDA Tahun 2021', '2021-01-14', '2021-01-14', '09.00', 'Aula Lt. 4 Disporapar Jateng', 'fajaradiwidiarso;nurfaozan;danimahendra', '1', 'kadinas', '', '1', '19', '0', '2021-01-13 10:25:58', '0000-00-00 00:00:00', 1, 'devita'),
(8, '2021-01-14', '0008', '\r\n\r\n', 'Monitoring dan Visitasi Ijin Operasional ', '2021-01-14', '2021-01-15', 'Pukul 08.30 WIB s.d Selesai ', 'PKBM AKBAR ABIMATA NEGLA KEC. LOSARI,  dan KB BHAKTI PERTIWI KERTABESUKI KEC. WANASARI ', '', '3', 'kadinas', '', '1', '19', '0', '2021-01-14 08:06:13', '0000-00-00 00:00:00', 1, 'sutrisgiantoro'),
(9, '2021-01-14', '0009', 'Dasar surat dari Peraturan Presiden Republik Indonesia Nomor 123 Tahun 2020 Tentang Petunjuk Teknis Dana Alokasi Khusus Fisik Tahun Anggaran 2021', 'Survey dan Verifikasi Kegiatan DAK Fisik Pendidikan Tahun 2021', '2021-01-14', '2021-01-22', '08.00 WIB s.d. Selesai', 'terlampir', 'terlampir', '3', 'kadinas', '', '1', '19', '0', '2021-01-14 10:36:43', '0000-00-00 00:00:00', 1, 'khafid'),
(10, '2021-01-18', '0010', '', 'Monitoring dan Evaluasi Ijin Operasioal pada 2 Lembaga Baru  di Kec. Paguyangan', '2021-01-18', '2021-01-18', 'Pukul 08.00 WIB s.d Selesai', 'Paguyangan', 'imamsugiharto;slametsutrisno', '1', 'kadinas', '', '0', '19', '0', '2021-02-04 09:18:06', '0000-00-00 00:00:00', 1, 'nadiajulianti'),
(11, '2021-01-20', '0011', 'Dasar surat dari Baperlitbangda Nomor : 005-0145-2021. Tanggal     Januari 2021 Perihal Undangan', 'Rakor PAUD HI dan Penandatanganan Komitmen Pemodelan PAUD HI  di Kecamatan Paguyangan', '2021-01-21', '2021-01-21', '09.00 WIB', 'Aula Kecamatan Paguyangan', 'sarmian;imamsugiharto;herudwisasongko;dimasanggunpriyathama', '3', 'kadinas', '', '1', '19', '0', '2021-01-25 15:05:36', '0000-00-00 00:00:00', 1, 'herudwisasongko'),
(12, '2021-01-22', '0012', '', 'Monitoring dan Evaluasi Ijin Operasioal di TK TOLEDO Desa Limbangan Kecamatan Losari', '2021-01-25', '2021-01-25', 'Pukul 08.00', 'Losari', 'imamsugiharto;slametsutrisno;suyadi', '1', 'kadinas', '', '1', '19', '0', '2021-01-25 15:06:44', '0000-00-00 00:00:00', 1, 'nadiajulianti'),
(13, '2021-01-26', '0013', 'Dasar surat dari Pemerintah Kabupaten Brebes Dinas Pendidikan Pemuda dan Olahraga Kabupaten Brebes Nomor : 800 - 00149 - 2020 tanggal 25 Januari 2021 perihal Permohonan Kerjasama Seleksi Substansi Bakal Calon Kepala Sekolah dan Pengawas Sekolah', 'Untuk mengikuti kegiatan Rapat Koordinasi Permohonan Kerjasama Seleksi Subtansi Bakal Calon Kepala Sekolah dan Pengawas Sekolah.', '2021-01-27', '2021-01-27', 'Pukul 08.00 WIB s.d selesai', 'LPPKS Surakarta', 'taufiq;darmansyah;puji;dani;arisofiyantosaputro', '2', 'kadinas', '', '1', '19', '0', '2021-01-26 08:01:23', '0000-00-00 00:00:00', 1, 'arisofiantosaputro'),
(14, '2021-01-27', '0014', 'Dasar surat dari Dinas Pemuda, Olahraga dan Pariwisata Provinsi Jawa Tengah Nomor: 427-168 Tanggal 19 Januari 2021 Perihal Peserta Rakor Kemitraan dan Kelembagaan Pemuda ', 'Mengikuti Rapat Koordinasi, singkronisasi kemitraan dan Kelembagaan Pemuda', '2021-01-28', '2021-01-30', '08.00 WIB s.d Selesai', 'Hotel Surya Yudha Jl. Raya Rejasa, Madukara, Kab. Banjarnegara - Jawa Tengah', 'adityaperdana;taufiqpujonugroho', '1', 'kadinas', '', '1', '19', '0', '2021-01-27 08:12:49', '0000-00-00 00:00:00', 1, 'taufiqpujonugroho'),
(15, '2021-01-27', '0015', '\r\n', 'Monitoring Pengelolaan Aset ', '2021-01-22', '2021-01-22', 'Pukul 07.30 WIB s.d Selesai', 'Wilayah Kecamatan Selatan', 'dani', '1', 'kadinas', '', '1', '19', '0', '2021-01-27 08:28:07', '0000-00-00 00:00:00', 1, 'sutrisgiantoro'),
(16, '2021-01-28', '0016', 'Dasar Disposisi Bupati Brebes \r\n\r\n\r\n', 'Tennis Persahabatan Pelti Kuningan dengan Kabupaten Brebes', '2021-01-29', '2021-01-30', 'Pukul 07.30 WIB s.d Selesai', 'Hotel Der Cardela Kuningan', 'sekretaris;dani', '1', 'kadinas', '', '1', '19', '0', '2021-01-28 13:16:28', '0000-00-00 00:00:00', 1, 'sutrisgiantoro'),
(17, '2021-01-28', '0017', 'Dasar surat dari Pemerintah Kabupaten Brebes Dinas Pendidikan Pemuda dan Olahraga Kabupaten Brebes Nomor : 800 - 00122 - 2021, tanggal 21 Januari perihal Surat Perintah Tugas Pengampu Kepala SMP Negeri 4 Brebes atas nama SUEDI, S.Ag,. S.Kom., M.Pd', 'Untuk mengikuti kegiatan Serah Terima Jabatan Pengampu Kepala SMP Negeri 4 Bumiayu atas nama SUEDI, S.Ag., S.Kom., M.Pd terhitung mulai Tanggal 1 Februari 2021.', '2021-02-01', '2021-02-01', 'Pukul 08.00 s.d 16.00 WIB', 'SMP Negeri 4 Bumiayu', 'arisofiyantosaputro', '1', 'kadinas', '', '1', '19', '0', '2021-02-01 16:10:53', '0000-00-00 00:00:00', 1, 'arisofiantosaputro'),
(19, '2021-02-01', '0019', 'Dasar surat dari Kementerian Pendidikan dan Kebudayaan Pusat Pengembangan dan Pemberdayaan Pendidik dan Tenaga Kependidikan Matematika, Nomor : 0071-B6.4.3-PP-2021 tanggal 25 Januari 2021 perihal Undangan Pendampingan PGP lanjutan Angkatan 1', 'Untuk mengikuti kegiatan Pendampingan Program Guru Penggerak Lanjutan Angkatan I.', '2021-02-01', '2021-08-28', 'Pukul 08.00 WIB s.d selesai', 'terlampir', 'terlampir', '2', 'sutikno', '', '1', '19', '0', '2021-02-01 16:09:15', '0000-00-00 00:00:00', 1, 'arisofiantosaputro'),
(18, '2021-02-01', '0018', 'Dasar surat dari Kementerian Pendidikan dan Kebudayaan Pusat Pengembangan dan Pemberdayaan Pendidik dan Tenaga Kependidikan Matematika, Nomor : 0070-B6.4.3-PP-2021 tanggal 23 Januari 2021 perihal Undangan Peserta PGP lanjutan Angkatan 1', 'Untuk mengikuti kegiatan Program Guru Penggerak Lanjutan Angkatan I.', '2021-02-01', '2021-08-28', 'Pukul 08.00 WIB s.d selesai', 'terlampir', 'terlampir', '2', 'sutikno', '', '1', '19', '0', '2021-02-01 16:08:39', '0000-00-00 00:00:00', 1, 'arisofiantosaputro'),
(177, '2021-02-01', '0017a', 'Dasar surat dari Kementerian Pendidikan dan Kebudayaan Pusat Pengembangan dan Pemberdayaan Pendidik dan Tenaga Kependidikan Matematika, Nomor : 0120-B6.4.3-PP-2021 tanggal 31 Januari 2021 perihal Undangan Penyegaran Pendampingan PGP Angkatan 1 Paket Modul', 'Untuk mengikuti kegiatan Penyegaran Pendampingan PGP Angkatan 1 Paket Modul 2', '2021-02-02', '2021-02-04', 'Pukul 08.00 WIB s.d 14.30 WIB', 'Zoom Meeting', 'terlampir', '2', 'sutikno', '', '1', '19', '0', '2021-02-01 16:08:24', '0000-00-00 00:00:00', 1, 'arisofiantosaputro'),
(20, '2021-02-02', '0020', 'Dasar Program Kerja Dindikpora Kab. Brebes cq Bidang Pembinaan Pemuda dan Olahraga ', 'Survei Calon Lokasi Sport Center', '2021-02-03', '2021-02-03', '08.00 wib sd selesai', 'Kecamatan Bumiayu', 'fajaradiwidiarso;adityaperdana;nurfaozan;denisetiawan;subkhi', '1', 'kadinas', '', '1', '19', '0', '2021-02-02 10:15:06', '0000-00-00 00:00:00', 1, 'srisoniwiyoto'),
(21, '2021-02-08', '0021', '', 'Verifikasi Lembaga Calon Penerima Bantuan Hibah Sarpras PAUD sumber dana APBD Kabupaten Brebes', '2021-02-05', '2021-02-26', 'Pukul 08.00 WIB s.d Selesai', 'Terlampir', 'sarmian;imamsugiharto;hendrapradistyo;sarmini;fajaruripadityas;slametsutrisno;suyadi;nadiajulianti', '1', 'kadinas', '', '1', '29', '0', '2021-02-08 12:47:17', '0000-00-00 00:00:00', 1, 'nadiajulianti'),
(24, '2021-02-08', '0024', 'Dasar surat dari Kementerian Pendidikan dan Kebudayaan Lembaga Pengembangan dan Pemberdayaan Kepala Sekolah dan Pengawas Sekolah, Nomor : 0339-B6.7-TI-2021 tanggal 02 Februari 2021 perihal Permohonan Peserta Verifikasi Data dan Strategi Pelaksanaan Diklat', 'Untuk mengikuti kegiatan Verifikasi Data dan Strategi Pelaksanaan Diklat Penguatan Kepala Sekolah Bersama Dinas Pendidikan Moda Luring.', '2021-02-08', '2021-02-11', 'Pukul 08.00 WIB s.d selesai', 'Lor In Hotel Solo', 'arisofiyantosaputro;imanarifudin', '2', 'kadinas', '', '1', '19', '0', '2021-02-08 10:43:15', '0000-00-00 00:00:00', 1, 'arisofiantosaputro'),
(22, '2021-02-04', '0022', '\r\n\r\n', 'Monev Pengelolaan Aset ', '2021-02-05', '2021-02-05', 'Pukul 07.30 Wib s.d Selesai ', 'Kecamatan Bulakamba', 'dani', '3', 'kadinas', '', '1', '19', '0', '2021-02-05 09:05:26', '0000-00-00 00:00:00', 1, 'sutrisgiantoro'),
(23, '2021-02-08', '0023', 'Dasar surat dari Dinas Kepemudaan, Olahraga dan Pariwisata Provinsi Jawa Tengah Nomor : 005-368. Tanggal 5 Feb 2021 Perihal Undangan Rapat Sosialisasi Penerimaan Calon Peserta PKKP Provinsi Jawa Tengah. ', 'menghadiri Sosialisasi Penerimaan Calon Peserta PKKP Provinsi Jawa Tengah', '2021-02-09', '2021-02-09', 'Pukul 10.00 WIB s.d 11.00 WIB ', 'Aula Borobudur Lt. 4 Disporapar Prov. Jateng Jl. Ki Mangunsarkoro No. 12 Semarang', 'adityaperdana;sugeng;subkhi', '1', 'kadinas', '', '1', '19', '0', '2021-02-08 08:21:24', '0000-00-00 00:00:00', 1, 'sutrisgiantoro'),
(25, '2021-02-10', '0025', 'Dasar surat dari Paguyuban Setia Kawan Pengelola Dana Sosial Nomor : 07-Dansos-II-2021. Tanggal 3 Februari 2021 Perihal Penerimaan Seragam Batik dan Bantuan Uang Jahitan. ', 'Menghadiri Penerimaan Seragam Batik dan Bantuan Uang Jahitan', '2021-02-11', '2021-02-11', 'Pukul 07.30 WIb s.d Selesai ', 'Paguyuban Setia Kawan Pengelola Dnsos Jajaran Pendidikan Jawa Tengah', 'margowaluyo', '1', 'kadinas', '', '1', '19', '0', '2021-02-11 07:52:26', '0000-00-00 00:00:00', 1, 'sutrisgiantoro'),
(26, '2021-02-11', '0026', '', 'Monitoring PengelolaanAset BMD ', '2021-02-11', '2021-02-12', 'Pukul 07.30 WIB s.d Selesai', 'Wilayah Selatan ', 'dani', '3', 'kadinas', '', '1', '19', '0', '2021-02-11 07:55:33', '0000-00-00 00:00:00', 1, 'sutrisgiantoro'),
(27, '2021-02-15', '0027', 'Dasar surat Dirjen GTK Kemendikbud Nomor 0306-B2-GT-2021 tanggal 12 Februari 2021 perihal Pembekalan Calon Pengajar Praktik Pendidikan Guru Penggerak Angkatan 2 Gelombang I Tahun 2021', 'Mengikuti Pembekalan Calon Pengajar Praktik Pendidikan Guru Penggerak Angkatan 2 Gelombang I Tahun 2021', '2021-02-16', '2021-03-05', '09.00 WIB', 'Dirjen GTK ( Video Conference dan LMS )', 'terlampir', '2', 'kadinas', '', '1', '19', '0', '2021-02-15 12:55:13', '0000-00-00 00:00:00', 1, 'ciptohandoko'),
(408, '2021-02-15', '0408', 'Dasar surat Program Kegiatan Dinas Pendidikan, Pemuda dan Olahraga Kab. brebes Bidang Pembinaan Pemuda Olahraga', 'Kordinasi Komandan Koramil 08 Bumiayu.. Narasumber Kegiatan TUB - BB Th.2021', '2021-02-15', '2021-02-15', '09.00 WIB', 'Koramil 08 Bumiayu', 'sugeng;taufiqpujonugroho', '1', 'kadinas', '', '0', '32', '1', '2021-02-15 15:07:51', '0000-00-00 00:00:00', 1, ''),
(29, '2021-02-16', '0029', 'Dasar Surat Kami Nomor 800-00262-2021 tanggal 9 Februari 2021\r\n\r\n\r\n\r\n\r\n', 'Kunjungan Kerja Ke Dinas Pendidikan Kebudayaan Pemuda &amp; Olah Raga Kab.Semarang', '2021-02-17', '2021-02-17', '07.00', 'Dinas Pendidikan, Kebudayaan Pemuda dan Olahraga Kabupaten Semarang', 'sutikno;puji;sandriyulianto;davidiwanwijaya;arisofiyantosaputro', '1', 'kadinas', '', '1', '19', '0', '2021-02-16 08:57:23', '0000-00-00 00:00:00', 1, 'sandriyulianto'),
(28, '2021-02-16', '0028', '\r\n\r\n\r\n', 'Koordinasi pelaksanaan seleksi Test Substantif Calon Kepala Sekolah Tahun 2021', '2021-02-18', '2021-02-18', '08.00', 'Lembaga Pengembangan dan Pemberdayaan Kepala Sekolah ( LP2KS) Kp.Dapapan Rt 06-07, Desa Jatikuwung Gondangrejo Karanganyar, Jawa Tengah', 'sutikno;puji;sandriyulianto;davidiwanwijaya;arisofiyantosaputro', '1', 'kadinas', '', '1', '19', '0', '2021-02-16 08:50:48', '0000-00-00 00:00:00', 1, 'sandriyulianto'),
(30, '2021-02-16', '0030', 'Dasar surat dari NPCI Jawa Tengah Nomor 04.und-NPCI.JTG-II-2021\r\n\r\n\r\n', 'Mengikuti Kegiatan RAKERDA NPCI Provinsi Jateng', '2021-02-17', '2021-02-18', '07.00 Wib', '', 'nurfaozan;denisetiawan', '1', 'kadinas', '', '1', '19', '0', '2021-02-16 14:19:33', '0000-00-00 00:00:00', 1, 'srisoniwiyoto'),
(32, '2021-02-18', '0032', 'Dasar surat dari Kementerian Pendidikan dan Kebudayaan Pusat Pengembangan dan Pemberdayaan Pendidik dan Tenaga Kependidikan Matematika Nomor : 0327 -B6.4.3-PP-2021. Tanggal 17 Februari 2021 Perihal Undangan Peserta Lokakarya 3 PGP Lanjutan Angkatan 1.', 'menghadiri Lokakarya 3 PGP Lanjutan Angkatan 1', '2021-02-20', '2021-02-20', 'Pukul 07.30 WIB s.d 16.00 WIB ', 'Hotel Anggraeni  Brebes ', 'agussunarto;haryanto;cahir;saefudin;priyono', '2', 'kadinas', '', '1', '19', '0', '2021-02-18 07:50:50', '0000-00-00 00:00:00', 1, 'sutrisgiantoro'),
(31, '2021-02-18', '0031', 'Disposisi Bupati Brebes \r\n\r\n\r\n', 'mendampingi teknis persahabatan Pemda Kabupaten Brebes dan Pemerintah Kota Tegal', '2021-02-19', '2021-02-19', 'Pukul 07.30 WIB s.d Selesai', 'Kantor Walikota Tegal', 'kadinas;sekretaris;fajaradiwidiarso;dani;kusriyanto;tarno;subkhi;widodiprana', '1', 'kadinas', '', '1', '19', '0', '2021-02-18 08:15:48', '0000-00-00 00:00:00', 1, 'sutrisgiantoro'),
(35, '2021-02-18', '0035', 'Dasar surat dari Kementerian Pendidikan dan Kebudayaan Pusat Pengembangan dan Pemberdayaan Pendidik dan Tenaga Kependidikan Matematika, Nomor : 0317-B6.4.3-PP-2021 tanggal 15 Februari 2021 perihal Permohonan Panitia Daerah Kegiatan Lokakarya 3 Pendidikan ', 'Untuk mengikuti kegiatan sebagai Panitia Daerah Kegiatan Lokakarya 3 Pendidikan Guru Penggerak.', '2021-02-20', '2021-02-20', 'Pukul 07.30 - 16.00 WIB', 'Hotel Grand Dian Brebes dan Hotel Anggraeni Brebes', 'sutikno;puji;ciptohandoko;davidiwanwijaya;titinratmawati;arisofiyantosaputro;imanarifudin', '2', 'kadinas', '', '1', '19', '0', '2021-02-18 11:04:06', '0000-00-00 00:00:00', 1, 'arisofiantosaputro'),
(34, '2021-02-18', '0034', 'Dasar surat dari Kementerian Pendidikan dan Kebudayaan Pusat Pengembangan dan Pemberdayaan Pendidik dan Tenaga Kependidikan Matematika, Nomor : 0318-B6.4.3-PP-2021 tanggal 16 Februari 2021 perihal Permohonan Narasumber Lokakarya 3 Pendidikan Guru Penggera', 'Untuk mengikuti kegiatan sebagai Narasumber pada Lokakarya 3 Pendidikan Guru Penggerak', '2021-02-20', '2021-02-20', 'Pukul 07.30 - 16.00 WIB', 'Hotel Grand Dian Brebes dan Hotel Anggraeni Jatibarang', 'terlampir', '2', 'kadinas', '', '1', '19', '0', '2021-02-18 10:19:48', '0000-00-00 00:00:00', 1, 'arisofiantosaputro'),
(33, '2021-02-18', '0033', 'Dasar surat dari Kementerian Pendidikan dan Kebudayaan Pusat Pengembangan dan Pemberdayaan Pendidik dan Tenaga Kependidikan Matematika, Nomor : 0327-B6.4.3-PP-2021 tanggal 17 Februari 2021 perihal Undangan Peserta Lokakarya 3 PGP Lanjutan Angkatan 1', 'Untuk mengikuti kegiatan sebagai Peserta Kegiatan Lokakarya 3 Pendidikan Guru Penggerak', '2021-02-20', '2021-02-20', 'Pukul 07.30 - 16.00 WIB', 'Hotel Grand Dian Brebes dan Hotel Anggraeni Jatibarang', 'terlampir', '2', 'kadinas', '', '1', '19', '0', '2021-02-18 10:19:32', '0000-00-00 00:00:00', 1, 'arisofiantosaputro'),
(36, '2021-02-19', '0036', 'Dasar surat dari Dirjen GTK Kemendikbud Nomor 0223-B5-GT-2021 tanggal 09 Februari 2021 perihal Undangan Bimtek Pemenuhan Guru Pembimbing Khusus Tahap Penugasan Ketrampilan', 'Bimtek Pemenuhan Guru Pembimbing Khusus Tahap Penugasan Ketrampilan', '2021-02-23', '2021-02-26', '14.00 WIB', 'Novena Hotel, Jl. Dr Setiabudi No 4 Gudangkahuripan, Bandung Barat', 'terlampir', '2', 'kadinas', '', '1', '19', '0', '2021-02-19 09:43:59', '0000-00-00 00:00:00', 1, 'ciptohandoko'),
(37, '2021-02-24', '0037', 'Dasar surat dari program kerja Bidang PORA', 'Keg. TUB BB Pelatih paskibra kab. Brebes', '2021-02-24', '2021-02-26', '07.00', 'GOR SASANA KRIDA ADHI KARSA BREBES', '', '3', 'kadinas', '', '1', '19', '0', '2021-02-24 14:36:12', '0000-00-00 00:00:00', 1, 'devita'),
(38, '2021-02-25', '0038', 'Dasar surat dari Kementrian Pendidikan dan Kebudayaan Direktorat Jenderal Pendidikan Anak Usia Dini, Pendidikan Dasar, dan Pendidikan Menengah Direktorat Pendidikan Masyarakat dan Pendidikan Khusus Nomor : 0259-C6-TU-2021 Tanggal : 19 Februari 2021 Hal : ', 'Mengikuti Kegiatan Diskusi Terpumpun Peningkatan Kualitas Pengelolaan Pendidikan Kesetaraan', '2021-02-27', '2021-02-27', 'Pukul 07.00 s.d. 17.00 WIB', 'Primebiz Hotel Tegal Jl. Mayjend Sutoyo No. 25, Pekauman, Kec. Tegal Bar., Kota Tegal, Jawa Tengah 52113', 'terlampir', '2', 'kadinas', '', '1', '19', '0', '2021-02-25 14:27:40', '0000-00-00 00:00:00', 1, 'nadiajulianti'),
(39, '2021-02-26', '0039', 'Dasar surat dari SEKRETARIAT DAERAH KABUPATEN BREBES  Nomor : 005-1083-2021. Tanggal 25 Februari 2021 Perihal Undangan', 'Menghadiri Badan Kerjasama Antar Desa (BKAD) Kecamatan Banjarharjo dan Pertandingan tenis lapangan persahabatan antara Pemerintahan Kabupaten Brebes dengan Pemerintah Kabupaten Banyumas', '2021-02-27', '2021-02-28', 'Terlampir ', '1. Hotel Moro Seneng Baturaden, 2. Lapangan Tenis GOR Satria Purwokerto', 'fajaradiwidiarso;nurfaozan;denisetiawan;imannurofiq', '1', 'kadinas', '', '1', '19', '0', '2021-02-26 13:32:38', '0000-00-00 00:00:00', 1, 'sutrisgiantoro'),
(40, '2021-02-26', '0040', 'Dasar surat DISPORAPAR No.427-366-2021 Tentang Pendaftaran Penerimaan PKKP Provinsi Jawa Tengah Tahun 2021', 'Pengiriman Berkas Calon Peserta PKKP 2021', '2021-03-01', '2021-03-01', '07.00 WIB', 'Disporapar Provinsi Jawa Tengah Jl. Mangunsarkoro -Semarang', 'sugeng;subkhi', '1', 'kadinas', '', '0', '32', '0', '2021-02-26 14:10:57', '0000-00-00 00:00:00', 1, 'sugeng');

-- --------------------------------------------------------

--
-- Struktur dari tabel `tbanggaran`
--

CREATE TABLE `tbanggaran` (
  `kd_anggaran` int(11) NOT NULL,
  `sumber_anggaran` text NOT NULL,
  `ket` text NOT NULL
) ENGINE=MyISAM DEFAULT CHARSET=latin1;

--
-- Dumping data untuk tabel `tbanggaran`
--

INSERT INTO `tbanggaran` (`kd_anggaran`, `sumber_anggaran`, `ket`) VALUES
(1, 'APBN (Pusat)', ''),
(2, 'APBD I (Provinsi)', ''),
(3, 'APBD II (Kabupaten)', '');

-- --------------------------------------------------------

--
-- Struktur dari tabel `tb_bantu`
--

CREATE TABLE `tb_bantu` (
  `noagenda` int(11) NOT NULL,
  `tahun` char(4) DEFAULT NULL,
  `lembur` text DEFAULT NULL
) ENGINE=InnoDB DEFAULT CHARSET=utf8;

--
-- Dumping data untuk tabel `tb_bantu`
--

INSERT INTO `tb_bantu` (`noagenda`, `tahun`, `lembur`) VALUES
(1, '2021', 'aaaa');

-- --------------------------------------------------------

--
-- Struktur dari tabel `tb_bantu_pengikut`
--

CREATE TABLE `tb_bantu_pengikut` (
  `noagenda` int(4) DEFAULT NULL,
  `nip` varchar(255) DEFAULT NULL,
  `tahun` varchar(255) DEFAULT NULL,
  `nama` varchar(255) DEFAULT NULL,
  `tgl_berangkat` date DEFAULT NULL,
  `lembur` text DEFAULT NULL,
  `nomor` int(255) NOT NULL,
  `gol` char(5) DEFAULT NULL,
  `pangkat` varchar(255) DEFAULT NULL,
  `jabatan` varchar(255) DEFAULT NULL,
  `eselon` varchar(255) DEFAULT NULL,
  `tingkat` varchar(255) DEFAULT NULL
) ENGINE=InnoDB DEFAULT CHARSET=utf8;

--
-- Dumping data untuk tabel `tb_bantu_pengikut`
--

INSERT INTO `tb_bantu_pengikut` (`noagenda`, `nip`, `tahun`, `nama`, `tgl_berangkat`, `lembur`, `nomor`, `gol`, `pangkat`, `jabatan`, `eselon`, `tingkat`) VALUES
(1, '19630919 199209 1 002', '2021', 'SUTRISNO, SH, MH', '2021-02-12', 'aaaa', 1, 'IV/b', 'Pembina Tk.I', 'Kepala Dinas Pendidikan Pemuda dan Olahraga', 'II/b', 'Tingkat B'),
(1, '19830429 201001 1 018', '2021', 'FAJAR ADI WIDIARSO, S.Hut, M.Si', '2021-02-12', 'aaaa', 2, 'III/c', 'Penata', 'Kepala Bidang Pembinaan Pemuda dan Olahraga', 'III/b', 'Tingkat B');

-- --------------------------------------------------------

--
-- Struktur dari tabel `tb_bantu_tanggal`
--

CREATE TABLE `tb_bantu_tanggal` (
  `tahun` char(4) DEFAULT NULL,
  `noagenda` int(4) NOT NULL,
  `tanggal` date NOT NULL
) ENGINE=InnoDB DEFAULT CHARSET=utf8;

--
-- Dumping data untuk tabel `tb_bantu_tanggal`
--

INSERT INTO `tb_bantu_tanggal` (`tahun`, `noagenda`, `tanggal`) VALUES
('2021', 1, '2021-02-12');

-- --------------------------------------------------------

--
-- Struktur dari tabel `tb_bulan`
--

CREATE TABLE `tb_bulan` (
  `kd_bulan` int(11) NOT NULL,
  `bulan` varchar(50) NOT NULL
) ENGINE=InnoDB DEFAULT CHARSET=utf8mb4;

--
-- Dumping data untuk tabel `tb_bulan`
--

INSERT INTO `tb_bulan` (`kd_bulan`, `bulan`) VALUES
(1, 'Januari'),
(2, 'Februari'),
(3, 'Maret'),
(4, 'April'),
(5, 'Mei'),
(6, 'Juni'),
(7, 'Juli'),
(8, 'Agustus'),
(9, 'September'),
(10, 'Oktober'),
(11, 'November'),
(12, 'Desember');

-- --------------------------------------------------------

--
-- Struktur dari tabel `tb_ceksppd`
--

CREATE TABLE `tb_ceksppd` (
  `id` int(11) NOT NULL,
  `no_agenda` char(10) CHARACTER SET utf8 NOT NULL,
  `nip` varchar(21) CHARACTER SET utf8 NOT NULL,
  `tgl_berangkat` date NOT NULL,
  `tahun` char(4) CHARACTER SET utf8 NOT NULL,
  `eselon` varchar(20) CHARACTER SET utf8 NOT NULL,
  `kendaraan` varchar(20) CHARACTER SET utf8 NOT NULL
) ENGINE=MyISAM DEFAULT CHARSET=latin1;

--
-- Dumping data untuk tabel `tb_ceksppd`
--

INSERT INTO `tb_ceksppd` (`id`, `no_agenda`, `nip`, `tgl_berangkat`, `tahun`, `eselon`, `kendaraan`) VALUES
(1, '0031', '19630919 199209 1 002', '2021-02-19', '2021', 'II/b', 'G 30 G'),
(2, '0032', '19700623 199603 2 002', '2021-02-19', '2021', 'III/a', 'G 35 G'),
(3, '0033', '19830429 201001 1 018', '2021-02-19', '2021', 'III/b', 'G 1121 XG'),
(4, '0041', '196202261985031011', '2021-03-04', '2021', '', ''),
(5, '0040', '197904122009011007', '2021-03-01', '2021', '', 'Umum'),
(6, '0039', '198304292010011018', '2021-02-27', '2021', '', 'Umum'),
(7, '0039', '198304292010011018', '2021-02-28', '2021', '', 'Umum'),
(8, '0042', '196201121982011014', '2021-03-04', '2021', '', 'Umum'),
(9, '0043', '198304292010011018', '2021-03-04', '2021', '', 'G 1121 XG'),
(10, '0044', '197904122009011007', '2021-03-05', '2021', '', 'Umum'),
(11, '0045', '197106091998021001', '2021-03-04', '2021', '', 'Umum'),
(12, '0046', '196309191992091002', '2021-03-05', '2021', '', ''),
(13, '0046', '196309191992091002', '2021-03-04', '2021', '', ''),
(14, '0047', '98', '2021-03-12', '2021', '', 'Umum'),
(15, '0034', '196202261985031011', '2021-02-20', '2021', '', 'Umum'),
(16, '0034', '196202261985031011', '2021-02-19', '2021', '', 'Umum'),
(17, '0035', '196309191992091002', '2021-02-22', '2021', '', 'Umum'),
(18, '0035', '196309191992091002', '2021-02-23', '2021', '', 'Umum'),
(19, '0036', '196201121982011014', '2021-03-18', '2021', '', 'Umum'),
(20, '0036', '196201121982011014', '2021-03-22', '2021', '', 'Umum'),
(21, '0037', '196201121982011014', '2021-03-24', '2021', '', 'G 35 G'),
(22, '0048', '19620112 198201 1 014', '2021-03-26', '2021', '', ''),
(23, '0038', '196201121982011014', '2021-03-25', '2021', '', 'Umum'),
(26, '0049', '196201121982011014', '2021-03-11', '2021', '', 'Umum'),
(27, '0057', '197006231996032002', '2021-03-12', '2021', '', ''),
(28, '0057', '196309191992091002', '2021-03-18', '2021', '', 'Umum'),
(35, '0057', '196202261985031011', '2021-03-19', '2021', '', 'G 35 G'),
(33, '0056', '196703281992031003', '2021-03-18', '2021', '', 'G 35 G'),
(37, '0059', '197007151994121002', '2021-03-15', '2021', '', 'Umum'),
(36, '0058', '196504031989032005', '2021-03-22', '2021', '', 'G 35 G'),
(38, '0060', '196703191988061001', '2021-03-15', '2021', '', 'Umum'),
(39, '0061', '197009191990032004', '2021-03-22', '2021', '', 'Umum'),
(40, '0062', '198304292010011018', '2021-03-25', '2021', '', 'G 1121 XG'),
(41, '0063', '198504172010011002', '2021-03-25', '2021', '', 'Umum');

-- --------------------------------------------------------

--
-- Struktur dari tabel `tb_data`
--

CREATE TABLE `tb_data` (
  `nourut` int(11) NOT NULL,
  `NAMA` varchar(255) DEFAULT NULL,
  `NIPBARU2` varchar(255) DEFAULT NULL,
  `kd_gol` int(4) NOT NULL,
  `jabatan` varchar(255) DEFAULT NULL,
  `gol` varchar(255) DEFAULT NULL,
  `ttd` text NOT NULL,
  `status` varchar(100) NOT NULL
) ENGINE=MyISAM DEFAULT CHARSET=latin1;

--
-- Dumping data untuk tabel `tb_data`
--

INSERT INTO `tb_data` (`nourut`, `NAMA`, `NIPBARU2`, `kd_gol`, `jabatan`, `gol`, `ttd`, `status`) VALUES
(2, 'SUTRISNO, SH, MH', '196309191992091002', 4, 'Kepala Dinas Pendidikan, Pemuda dan Olahraga', 'IV/b', 'Ya', 'Kepala Dinas'),
(3, 'LIS DWI ANDRIYANI, SH', '197006231996032002', 4, 'Sekretaris', 'IV/b', 'Ya', ''),
(4, 'FAJAR ADI WIDIARSO, S.Hut, M.Si', '198304292010011018', 7, 'Kepala Bidang Pembinaan Pemuda dan Olahraga ', 'III/c', 'Ya', ''),
(5, 'R. BUDI SETIAWAN', '196509182010011001', 11, 'Staf Subbag Program dan Keuangan', 'II/c', '', ''),
(6, 'IMAM ROSADI, S.Ag, M.Pdi', '197601012009011012', 7, 'Penilik Muda', 'III/c', '', ''),
(7, 'HERYADI, S.IP', '197809072008011007', 9, 'Staf Subbag Program dan Keuangan', 'III/a', '', ''),
(8, 'MARGO WALUYO, S.IP', '196606201988031013', 7, 'Staf Subbag Program dan Keuangan', 'III/c', '', ''),
(9, 'SUGIMIN', '196112071986021004', 8, 'Staf Subbag Program dan Keuangan`', 'III/b', '', ''),
(11, 'ROHYATI', '196903172007012014', 10, 'Staf Subbag Program dan Keuangan', 'II/d', '', ''),
(12, 'KRISNA RACHMAYANTI, SE', '197211021994122001', 7, 'Staf Subbag Program dan Keuangan', 'III/c', '', ''),
(13, 'AKHIRUDIN', '198403022010011005', 12, 'Staf', 'II/c', '', ''),
(14, 'AGUS REDI SUSANTO, S.Kom', '198308012009011014', 8, 'Staf PTK Dikdas', 'III/b', '', ''),
(15, 'SUCIATI', '198209012014092001', 8, 'Staf Subbag Program dan Keuangan', 'III/b', '', ''),
(16, 'DANI NUR SETIYAWAN, SE, M.Akun', '198502182009041001', 7, 'Kepala Subbag Pengelolaan Aset', 'III/c', '', ''),
(17, 'WHARYANTI', '196310091993032006', 9, 'Staf Subbag Umum dan Kepegawaian', 'III/a', '', ''),
(18, 'SLAMET APENDI, SE', '197904102014091001', 9, 'Staf Subbag Umum dan Kepegawaian', 'III/a', '', ''),
(19, 'SUSANTO', '196510302007011012', 10, 'Staf Subbag Umum dan Kepegawaian', 'II/d', '', ''),
(20, 'KASNURI', '197604182009011007', 12, 'Staf Subbag Umum dan Kepegawaian', 'II/b', '', ''),
(21, 'SATORI', '197107262007011009', 10, 'Staf Subbag Umum dan Kepegawaian', 'II/d', '', ''),
(22, 'DARMAWAN', '198605302014091002', 14, 'Staf Subbag Umum dan Kepegawaian', 'I/d', '', ''),
(23, 'ROJAT, S.Pd, M.Pd', '196608061988061003', 5, 'Kepala Bidang Pembinaan DIKDAS', 'IV/a', '', ''),
(24, 'ADITYA PERDANA, SE, M.Si', '198212052010011015', 7, 'Kepala Seksi Kepemudaan', 'III/c', '', ''),
(25, 'TUROHMAN', '198107012014091002', 12, 'Staf Kurikulum dan Kesiswaan ', 'II/b', '', ''),
(26, 'SOETONO, SE', '196212302000031002', 9, 'Staf Kurikulum dan Kesiswaan ', 'III/a', '', ''),
(27, 'BENI KRISMANTO', '198201312014091003', 12, 'Staf Kurikulum dan Kesiswaan ', 'II/b', '', ''),
(28, 'SARMIAN, S.Pd, M.Pd', '196703281992031003', 5, 'Kepala Seksi Kurikulum dan Kesiswaan', 'IV/a', '', ''),
(29, 'FATKHUDIN, SE', '197204182007011012', 7, 'Staf Kelembagaan Sarana dan Prasarana', 'III/c', '', ''),
(31, 'TRIYADI', '196402191993031005', 8, 'Staf Kelembagaan Sarana dan Prasarana', 'III/b', '', ''),
(32, 'EKO AGUS JAKA SUSILO', '197608052009011007', 9, 'Staf Kelembagaan Sarana dan Prasarana', 'III/a', '', ''),
(33, 'SITI UMRO ATIN, SE, M,Si', '196312021983042004', 5, 'Kepala Bidang Pembinaan Pemuda dan Olahraga', 'IV/a', '', ''),
(34, 'Drs. TAUFIQ, M.Pd', '196506061994031007', 5, 'Kepala Seksi Kepemudaan', 'IV/a', '', ''),
(35, 'TASRIPIN, SE', '196604072006041007', 7, 'Kepala Subbag Umum dan Kepegawaian', 'III/c', 'Ya', ''),
(36, 'WARDININGSIH', '197207082007012009', 10, 'Staf Kepemudaan', 'II/d', '', ''),
(37, 'SUGENG', '197904122009011007', 12, 'Staf Kepemudaan', 'II/c', '', ''),
(38, 'AKHMAD ROKHMANI, S.Pd, M.Pd', '197101112007011010', 7, 'Kepala Seksi Keolahragaan', 'III/c', '', ''),
(39, 'DENI SETIAWAN', '198110102010011014', 9, 'Staf Keolahragaan', 'III/a', '', ''),
(40, 'SRI SONI WIYOTO', '197111062010011001', 12, 'Staf Keolahragaan', 'II/c', '', ''),
(41, 'SALAM', '198003292010011004', 13, 'Staf keolahragaan', 'II/a', '', ''),
(42, 'Drs. IMAM SUGIHARTO, M.Pd', '196607161999011001', 5, 'Kepala Bidang Pembinaan PAUD PNF', 'IV/a', '', ''),
(43, 'BASKORO PRAMONO, S.Sos', '196504031989032005', 6, 'Kepala Seksi Kelembagaan dan Sarana Prasarana', 'III/d', '', ''),
(44, 'NINING PANCAWATI', '196404112007012008', 9, 'Staf Seksi Kurikulum dan Kesiswaan', 'III/a', '', ''),
(45, 'HENI NUR INDAHWATI', '196511081986032014', 8, 'Staf Seksi Kurikulum dan Kesiswaan', 'III/b', '', ''),
(46, 'HERU DWI SASONGKO', '197709072014091001', 12, 'Staf Seksi Kurikulum dan Kesiswaan', 'II/b', '', ''),
(47, 'HENDRA PRADISTYO B,S.STP,M.Si', '198511262004121003', 7, 'Kepala Seksi Kelembagaan Sarana dan Prasarana ', 'III/c', '', ''),
(48, 'NUR FAOZAN, S.S', '197708092009011006', 7, 'Kasi Keolahragaan', 'III/c', '', ''),
(49, 'FAJAR URIP ADITYA S, S.Kom', '198504172010011002', 9, 'Staf Kelembagaan Sarana dan Prasarana ', 'III/a', '', ''),
(50, 'SARMINI, SE', '197907202009012006', 7, 'Staf Kelembagaan Sarana dan Prasarana ', 'III/c', '', ''),
(51, 'Drs.TAUFIQ, M.Pd', '', 5, 'Kepala Bidang Pembinaan Ketenagaan', 'IV/a', '', ''),
(52, 'KUWAT SLAMET, S.Pd', '196206071984051001', 5, 'Kepala Seksi PTK PAUD PNF dan Pemuda Olahraga', 'IV/a', '', ''),
(53, 'NURKHOLIL', '197210072009011001', 12, 'Staf PTK PAUD PNF dan Pemuda Olahraga', 'II/c', '', ''),
(55, 'DAVID IWAN WIJAYA, S.Pd', '197703042008011010', 10, 'Staf PTK PAUDPNF dan Pemuda Olahraga', 'II/d', '', ''),
(56, 'DARMANSYAH, S.Pd, M.Pd', '196303281985011001', 5, 'Kepala Seksi PTK DIKDAS', 'IV/a', '', ''),
(57, 'CIPTO HANDOKO', '197208011999031002', 9, 'Staf PTK DIKDAS', 'III/a', '', ''),
(58, 'SUTIKNO', '196307021987031007', 8, 'Staf PTK DIKDAS', 'III/b', '', ''),
(59, 'TITIN RATMAWATI', '197302092010012001', 12, 'Staf PTK DIKDAS', 'II/c', '', ''),
(60, 'SANDRI YULIANTO', '198007092009011005', 9, 'Staf PTK DIKDAS', 'III/a', '', ''),
(61, 'TEGUH PRASETYO WIBOWO, A.Md', '198107012014091001', 10, 'Staf PTK DIKDAS', 'II/d', '', ''),
(62, 'DIDI MARTADI', '197209282010011002', 12, 'S e c u r i t y ', 'II/c', '', ''),
(64, 'TARMUDI', '197511292008011004', 12, 'S e c u r i t y ', 'II/c', '', ''),
(65, 'FATKHUROJI', '198005242008011006', 13, 'S e c u r i t y ', 'II/a', '', ''),
(66, 'ADI SYAEFUL ARIFIN', '198009082008011013', 12, 'S e c u r i t y ', 'II/c', '', ''),
(68, 'RAHMAT EFFENDI', '68', 18, 'Staf Bidang Pembinaan DIKDAS', '', '', ''),
(69, 'SLAMET SUTRISNO, S.IP', '69', 18, 'Staf Bidang Pembinaan PAUD PNF', '', '', ''),
(70, 'YANA HENDAYANA.SE', '70', 18, 'Staf Bidang Pembinaan DIKDAS ', '', '', ''),
(71, 'DEDY HENDRATA', '71', 18, 'Staf Bidang Pembinaan Ketenagaan', '', '', ''),
(72, 'DANI MAHENDRA', '72', 18, 'Staf Subbag Umum dan Kepegawaian', '', '', ''),
(73, 'ARIS WAHYUDI, S.Kom', '73', 18, 'Staf Subbag Program dan Keuangan', '', '', ''),
(74, 'SOPIYATUN MAGFIROH. S.Kom', '74', 18, 'Staf Subbag Program dan Keuangan', '', '', ''),
(75, 'DIAN SEPVIANA HARYANTI, S.Kom', '75', 18, 'Staf Subbag Program dan Keuangan', '', '', ''),
(76, 'SUYADI', '76', 18, 'Staf Bidang Pembinaan PAUD PNF', '', '', ''),
(77, 'ARI SOFIYANTO SAPUTRO, S.Kom', '77', 18, 'Staf Bidang Pembinaan Ketenagaan', '', '', ''),
(78, 'SAGAH HADI', '78', 18, 'Staf Subbag Program dan Keuangan', '', '', ''),
(79, 'SUTRISGIANTORO', '79', 18, 'Staf Subbag Umum dan Kepegawaian', '', '', ''),
(80, 'NINIK WAHYUNINGSIH', '80', 18, 'Staf Bidang Pembinaan DIKDAS', '', '', ''),
(81, 'TIKA MULIA CANDRA', '81', 18, '', '', '', ''),
(82, 'DIMAS ANGGUN PRIYATHAMA', '82', 18, 'Staf Bidang Pembinaan PAUD PNF', '', '', ''),
(83, 'NUR HIDAYAH', '83', 18, 'Staf Subbag Umum dan Kepegawaian', '', '', ''),
(84, 'SATRIO BAYU AJI P', '84', 18, 'Staf Bidang Pembinaan DIKDAS', '', '', ''),
(85, 'BRILIANI AVITA DEWI', '85', 18, '', '', '', ''),
(86, 'IMAN ARIFUDIN', '86', 18, 'Staf Bidang Pembinaan Pemuda dan Olahraga', '', '', ''),
(87, 'CANDRA APRIYANTO', '87', 18, 'Staf Bidang Pembinaan DIKDAS', '', '', ''),
(88, 'SRI MULYANI', '88', 18, 'Staf Bidang Pembinaan Dikdas', '', '', ''),
(89, 'TAUFIQ PUJO NUGROHO', '89', 18, ' Staf Bidang Pembinaan Pemuda dan Olahraga', '', '', ''),
(90, 'IMAN NUROFIQ', '90', 18, 'Staf Bidang Pembinaan Pemuda dan Olahraga', '', '', ''),
(91, 'AYU WULANDARI', '91', 18, 'Staf Bidang Pembinaan DIKDAS', '', '', ''),
(92, 'HERLINA ANDRIA RAMDANI', '92', 18, 'Staf Bidang Pembinaan Dikdas', '', '', ''),
(93, 'HARISH ARI NURFAHMI', '93', 18, 'Staf Subbag Program dan Keuangan', '', '', ''),
(94, 'FARAH KHOYRUN NISA', '94', 18, 'Staf Program dan Keuangan', '', '', ''),
(96, 'NADIA JULIANTI', '96', 18, 'Staf Bidang Pembinaan PAUD PNF', '', '', ''),
(97, 'FURQON NUL HAKIM', '97', 18, 'Staf Subbag Program dan Keuangan ', '', '', ''),
(98, 'WIDO DRIPANA', '98', 18, 'Staf Subag Umum dan Kepegawaian', '', '', ''),
(99, 'YUNIN IZZANI', '99', 18, 'Staf Bidang Pembinaan DIKDAS', '', '', ''),
(100, 'NUR MASROF', '100', 18, 'HARLEP KEBERSIHAN GOR DAN STADION KARBIR', '', '', ''),
(101, 'ROH INDRA SUKARNO', '101', 18, 'HARLEP KEBERSIHAN GOR DAN STADION KARBIR', '', '', ''),
(102, 'WARDANI JOYO NEGORO', '102', 18, 'HARLEP KEBERSIHAN GOR DAN STADION KARBIR', '', '', ''),
(103, 'TOMI ATMOJO', '103', 18, 'HARLEP KEBERSIHAN GOR DAN STADION KARBIR', '', '', ''),
(104, 'EDI SETYONO', '104', 18, 'HARLEP KEBERSIHAN GOR DAN STADION KARBIR', '', '', ''),
(105, 'ADE RIZKI NUR FAUZI', '105', 18, 'HARLEP KEBERSIHAN GOR DAN STADION KARBIR', '', '', ''),
(106, 'PRAJOKO', '106', 18, 'HARLEP KEBERSIHAN GOR DAN STADION KARBIR', '', '', ''),
(107, 'BAYU ALAMSYAH', '107', 18, 'HARLEP KEBERSIHAN GOR DAN STADION KARBIR', '', '', ''),
(108, 'KEMAL BAESAH', '108', 18, 'HARLEP KEBERSIHAN GOR DAN STADION KARBIR', '', '', ''),
(109, 'TRIO NUR AFANI', '109', 18, 'HARLEP KEBERSIHAN GOR DAN STADION KARBIR', '', '', ''),
(110, 'AGNING PRAKOSO NOOR', '110', 18, 'HARLEP KEBERSIHAN GOR DAN STADION KARBIR', '', '', ''),
(111, 'MUHAMMAD NUR MIALFI SALIM', '111', 18, 'HARLEP KEBERSIHAN GOR DAN STADION KARBIR', '', '', ''),
(112, 'SUBKHI', '112', 18, 'Staf Bidang Pembinaan Pemuda dan Olahraga ', '', '', ''),
(113, 'SAEFUDIN ZUHRI', '113', 18, 'HARLEP KEBERSIHAN GOR DAN STADION KARBIR', '', '', ''),
(114, 'NUR RIZKY REZA KOMALA', '114', 18, 'Staf Bidang Pembinaaan Dikdas', '', '', ''),
(117, 'ABDUL BASIT, SE', '198003242009041001', 7, 'Staf Subbag Program dan Keuangan', 'III/c', '', ''),
(121, 'D.NURZAMAN', '197603052009011002', 12, 'Staf', 'II/b', '', ''),
(122, 'SAYANG HENDRAWAN', '197325122007011014', 10, '', 'II/d', '', ''),
(124, 'ABDUL KHAFID', '124', 18, 'Staf Bidang Pembinaan DIKDAS', '', '', ''),
(126, 'Drs. AGUS SUNARTO, M.Pd', '19611025 198803 1 008', 4, 'Pengawas Sekolah Madya', 'IV/b', '', ''),
(127, 'HARYANTO, S.Pd, S.IP, M.Pd', '196202261985031011', 4, 'Pengawas Sekolah Madya', 'IV/b', '', ''),
(128, 'KUSRIYANTO, S.Pd', '197804022014091003', 8, 'Staf Keolahragaan', 'III/b', '', ''),
(129, 'APIT BANGUN ARAFFAH', '129', 18, 'Staf Subbag Pengelolaan Aset', '', '', ''),
(130, 'SUSI LESTARI, S.Pd, M.Pd', '197110221998022002', 4, 'Pengawas Sekolah Madya', 'IV/b', '', ''),
(131, 'CAHIR, S.Pd, M.Pd', '196301011985031036', 4, 'Pengawas Sekolah Madya ', 'IV/b', '', ''),
(133, 'SAEFUDIN, M.Pd', '19620327 198412 1 004 ', 4, 'Pengawas Sekolah Madya', 'IV/b', '', ''),
(134, 'NURSIDIK,S.Pd.I', '196903282009061001', 12, 'Staf Kurikulum dan Kesiswaan', 'II/c', '', ''),
(135, 'PURHANDINI', '135', 18, 'Staf Sekretariat', '', '', ''),
(137, 'DEVITA OKTAVIA K', '137', 18, 'Staf Bidang Pembinaan Pemuda dan Olahraga', '', '', ''),
(138, 'HERKUSNADI, S.Kom', '198005042009041002', 6, 'Guru SMPN 2 Brebes', 'III/d', '', ''),
(139, 'WAHYUDIN, SM', '139', 18, 'Staf Subag Pengelolaan Aset', '', '', ''),
(140, 'WIRYO, SE, M.Si', '197906232010011016', 7, 'Kepala Sub Bidang  Penatausahaan Bidang Aset BPPKAD', 'III/c', '', ''),
(141, 'SARWO EDI', '141', 18, 'Staf Subbag Umum dan Kepegawaian ', '', '', ''),
(142, 'MIFTAHUDIN', '198005222014091001', 12, 'Staf Subbag Umum dan Kepegawaian', 'II/b', '', ''),
(143, 'AGIL PRIMA MUZAKI ', '143', 18, 'Staf Bidang Pembinaan DIKDAS', '', '', ''),
(144, 'MOH. MA`MUR, S.Pd, S.H, M.Pd', '196201121982011014', 3, 'Pengawas Sekolah Madya', 'IV/c', '', ''),
(146, 'MURTADO, M.Pd', '197007151994121002', 5, 'KEPALA SMPN 2 BREBES', 'IV/a', '', ''),
(148, 'FARAH KHOYRUN NISA', '148', 18, 'Staf Subbag Program dan Keuangan', '', '', ''),
(149, 'R. BUDI SETIAWAN ', '196509182010011001', 12, 'Staf Subbag Program dan Keuangan', 'II/c', '', ''),
(150, 'WARDANI JOYO NEGORO', '150', 18, 'Staf Bidang Pemuda dan Olahraga ', '', '', ''),
(151, 'AGNES KADARISMI, SH', '197009191990032004', 6, 'Kasi PTK PAUD PNF dan PORA ', 'III/d', '', ''),
(152, 'KUSNANDAR', '152', 18, 'Staff Subag Pengelolaan Aset', '', '', ''),
(153, 'KHAERUL SALEH, S.Pd', '19651105198508101', 6, 'Penilik Madya', 'III/d', '', ''),
(154, 'Drs. MOH. BAEDOWI ', '196703191988061001', 5, 'Penilik Madya', 'IV/a', '', ''),
(155, 'Dr. TAHRONI, M.Pd', '197106091998021001', 3, 'Kepala Dinas Pendidikan, Pemuda dan Olahraga Kabupaten Brebes ', 'IV/c', '', ''),
(156, 'HALIM PERMANASARI', '156', 18, 'Staf Subbag Program dan Keuangan ', '', '', ''),
(157, 'SUTARNO', '19631023 200701 1 008', 10, 'Staff Subbag Umum dan Kepegawaian', 'II/d', '', ''),
(158, 'Drs. TRIO YUGO PRABOWO, M.Pd', '19650113 198803 1 010', 4, 'Pengawas Sekolah', 'IV/b', '', ''),
(159, 'MOH. MA`MUR, S.Pd, S.H., M.Pd', '19620112 198201 1 014', 3, 'Pengawas Sekolah', 'IV/c', '', ''),
(161, 'RAGIL ISYRINASHIFAH, A.Md', '199206132020122002', 11, 'Staf', 'II/c', '', ''),
(162, 'SUWARDI', '162', 18, 'Staff Subbag Umum dan Kepegawaian  ', '', '', ''),
(163, 'NUR PUJI RAHMAWATI, ST', '197803202006042009', 6, 'Kepala Seksi PTK PAUDPNF, SMP dan Pemuda Olahraga ', 'III/d', '', ''),
(164, 'IMRON ARIPIN', '197602222010011005', 12, 'Staf PTK PAUDPNF dan Pemuda Olahraga', 'II/b', '', ''),
(165, ' Drs.PRIYONO AGUS PRATISTO,M.Pd', '196105271986031012', 4, 'Pengawas Sekolah Madya ', 'IV/b', '', ''),
(166, 'UNTUNG WIJAYA', '166', 18, 'Staf Bidang Pembinaan Pora', '', '', '');

-- --------------------------------------------------------

--
-- Struktur dari tabel `tb_data2`
--

CREATE TABLE `tb_data2` (
  `NAMA` varchar(255) DEFAULT NULL,
  `NIPBARU2` varchar(255) DEFAULT NULL
) ENGINE=InnoDB DEFAULT CHARSET=utf8;

--
-- Dumping data untuk tabel `tb_data2`
--

INSERT INTO `tb_data2` (`NAMA`, `NIPBARU2`) VALUES
('RYA RIZQI AMALIA,S.STPar', '19860627 201101 2 007'),
('SUMARTO', '19640205 200701 1 018'),
('SLAMET RIYADI,S.IP', '19770505 199903 1 003'),
('JANUAR ANDRIANA, S.Kom', '19830101 200604 1 012'),
('UMI SALAMAH', '19600825 198510 2 001'),
('EDWIEN MARTSTIAWAN, S.Kom', '19790313 200501 1 012'),
('SUPARTO', '19700325 200801 1 008'),
('SRI RINDHONAH', '19650612 198803 2 010'),
('MOH. IKHSANUDIN, SH, M.Si', '19660321 198603 1 005'),
('SUPARNI', '19620516 199202 2 001'),
('ROCHAYAH, S.IP', '19770517 199603 2 002'),
('SOLICHA, S.Psi', '19750702 200501 2 008'),
('MOH. CHARIS M, ST', '19841206 200604 1 003'),
('WARTOID, S.IP', '19750710 199803 1 003'),
('Drs. NUR ARI HARIS Y, M.Si', '19770125 199511 1 001'),
('ABDUL SYUKUR, SE', '19691002 199603 1 005'),
('ANTON SETIABUDI,SE', '19700128 200801 1 007'),
('AGUS SUPRIYANTO', '19760805 200501 1 008'),
('SUMANTA, SH', '19651214 198903 1 004'),
('PRAYITNO SARGO, BSc', '19571223 198703 1 002'),
('Drs. AGUS WARSITO', '19650911 199403 1 005'),
('IMAM BAEHAQI, SH', '19770518 199803 1 002'),
('KARSO, SE', '19640802 200604 1 007'),
('AMRULLAH SURYO AJIE, S.Kom', '19870212 201101 1 005'),
('Drs. APRIYANTO SUDARMOKO', '19730413 199303 1 004'),
('SUTARNO', '19631023 200701 1 008'),
('DEWI PUJI ASTUTI, SE', '19860127 200904 2 003'),
('CHAMDANI', '19810910 200901 1 010'),
('TASDIK', '19610307 199203 1 006'),
('SITI ALPIYAH, SE', '19650623 199303 2 004'),
('SALEH MUHAMMAD, S.Sos', '19600810 198503 1 016'),
('UNANG KUSDIONO', '19800629 200901 1 006'),
('UMIYATI, SE', '19740929 199703 2 002'),
('NOVERITA KUSUMANINGRUM, ST', '19811102 200604 2 032'),
('SAMSUL MA\'ARIF', '19790112 200901 1 011'),
('ARBA SETIANTO, AMd', '19780517 200901 1 010'),
('EDI SANTOSO', '19760309 201001 1 003'),
('SUTRISNO, SH', '19630919 199209 1 002'),
('Ir. DARU HANDINI', '19650729 199003 2 010'),
('HERA FERIANI', '19730203 199303 2 004'),
('Dra. LUTFIYATUL LATIFAH', '19580104 198603 2 002'),
('HADI WIDYANINGRUM', '19810415 200801 2 021'),
('MA`RIFAH HIDAYATI', '19680802 199303 2 005'),
('ILHAM SANTOSO, SH', '19681029 200701 1 009'),
('MUNFAROH', '19620816 200604 2 003'),
('ERI NOR AFTON, S.Kom', '19830204 201001 1 022'),
('SUPRIYANTO', '19750420 200901 1 002'),
('HERWANTO UNTUNG, S.IPem', '19730906 199703 1 001'),
('SUTORO, SE', '19661224 199003 1 001'),
('JANU SUMADI, SH', '19700110 200212 1 004'),
('DANIE WIHASTUTI, ST', '19850524 201101 2 007'),
('EDI SUPENO, S.IP', '19680417 199203 1 008'),
('ARIF FATTAH NUR, S.ST', '19761013 199803 1 003'),
('ENDI SURONO, AMK', '19770910 201001 1 014'),
('anton setiabudi, se', '197001282008011007'),
('NUROKHMAN', '19660228 200801 1 004'),
('AGUS WINTORO', '19760404 200901 1 010'),
('AGUS DRAJAT AMANDITO', '19670827 200701 1 007'),
('HERI SUSANTO', '19720810 200901 1 005'),
('DEDE RIYAUDI', '19770727 200901 1 010'),
('IMAM FAJARI, Skep', '19821128 200904 1 001'),
('ETIK NURKOMARYANTI, SKM', '19770110 201101 2 003'),
('RAFIUDIN MUSA', '19810510 200501 1 013'),
('YULIA AKHADIYATI,Amd', '197707102011012009'),
('Dra.LUTFIYATUL LATIFAH', '19580104 198603 2 002'),
('IMAM SARJONO,S.PKP', '19610505 198708 1 001'),
('IMAM SARJONO, S.PKP', '19610505 198708 1 001'),
('TAWUN,SP', '19640524 198709 1 001'),
('AGUS MUROZAK, S.ST', '19690801 199303 1 004'),
('yulia', ''),
('IRVAN RIZKI NURCAHYO', '199104292012061002'),
('AKHMAD FARIKHI', '19620513 199003 1 007'),
('MOCH.IKHSANUDIN, SH.Msi', '19660321 196803 1 005'),
('HERA VERIANI', '19730203 199303 2 004'),
('RYA RIZQI AMALIA,S.STPar', '19860627 201101 2 007'),
('SUMARTO', '19640205 200701 1 018'),
('SLAMET RIYADI,S.IP', '19770505 199903 1 003'),
('JANUAR ANDRIANA, S.Kom', '19830101 200604 1 012'),
('UMI SALAMAH', '19600825 198510 2 001'),
('EDWIEN MARTSTIAWAN, S.Kom', '19790313 200501 1 012'),
('SUPARTO', '19700325 200801 1 008'),
('SRI RINDHONAH', '19650612 198803 2 010'),
('MOH. IKHSANUDIN, SH, M.Si', '19660321 198603 1 005'),
('SUPARNI', '19620516 199202 2 001'),
('ROCHAYAH, S.IP', '19770517 199603 2 002'),
('SOLICHA, S.Psi', '19750702 200501 2 008'),
('MOH. CHARIS M, ST', '19841206 200604 1 003'),
('WARTOID, S.IP', '19750710 199803 1 003'),
('Drs. NUR ARI HARIS Y, M.Si', '19770125 199511 1 001'),
('ABDUL SYUKUR, SE', '19691002 199603 1 005'),
('ANTON SETIABUDI,SE', '19700128 200801 1 007'),
('AGUS SUPRIYANTO', '19760805 200501 1 008'),
('SUMANTA, SH', '19651214 198903 1 004'),
('ATIEK LUTHFIA, SE', '19771209 201101 2 001'),
('Drs. AGUS WARSITO', '19650911 199403 1 005'),
('IMAM BAEHAQI, SH', '19770518 199803 1 002'),
('KARSO, SE', '19640802 200604 1 007'),
('AMRULLAH SURYO AJIE, S.Kom', '19870212 201101 1 005'),
('Drs. APRIYANTO SUDARMOKO', '19730413 199303 1 004'),
('SUTARNO', '19631023 200701 1 008'),
('DEWI PUJI ASTUTI, SE', '19860127 200904 2 003'),
('CHAMDANI', '19810910 200901 1 010'),
('TASDIK', '19610307 199203 1 006'),
('SITI ALPIYAH, SE', '19650623 199303 2 004'),
('SALEH MUHAMMAD, S.Sos', '19600810 198503 1 016'),
('UNANG KUSDIONO', '19800629 200901 1 006'),
('UMIYATI, SE', '19740929 199703 2 002'),
('NOVERITA KUSUMANINGRUM, ST', '19811102 200604 2 032'),
('SAMSUL MA`ARIF', '19790112 200901 1 011'),
('ARBA SETIANTO, AMd', '19780517 200901 1 010'),
('EDI SANTOSO', '19760309 201001 1 003'),
('SUTRISNO, SH', '19630919 199209 1 002'),
('Ir. DARU HANDINI', '19650729 199003 2 010'),
('HERA FERIANI', '19730203 199303 2 004'),
('Dra. LUTFIYATUL LATIFAH', '19580104 198603 2 002'),
('HADI WIDYANINGRUM', '19810415 200801 2 021'),
('MA`RIFAH HIDAYATI', '19680802 199303 2 005'),
('ILHAM SANTOSO, SH', '19681029 200701 1 009'),
('MUNFAROH', '19620816 200604 2 003'),
('ERI NOR AFTON, S.Kom', '19830204 201001 1 022'),
('ARIF YULIANTO', '19810724 200901 1 005'),
('HERWANTO UNTUNG, S.IPem', '19730906 199703 1 001'),
('ILHAM', '19781217 200901 1 004'),
('JANU SUMADI, SH', '19700110 200212 1 004'),
('DANIE WIHASTUTI, ST', '19850524 201101 2 007'),
('EDI SUPENO, S.IP', '19680417 199203 1 008'),
('ARIF FATTAH NUR, S.ST', '19761013 199803 1 003'),
('ENDI SURONO, AMK', '19770910 201001 1 014'),
('YULIA AKHADIYATI, A.Md', '19770710 201101 2 009'),
('NUROKHMAN', '19660228 200801 1 004'),
('AGUS WINTORO', '19760404 200901 1 010'),
('AGUS DRAJAT AMANDITO', '19670827 200701 1 007'),
('HERI SUSANTO', '19720810 200901 1 005'),
('DEDE RIYAUDI', '19770727 200901 1 010'),
('IMAM FAJARI, Skep', '19821128 200904 1 001'),
('NASORI', '19590917 198503 1 018'),
('ETIK NURKOMARYANTI, SKM', '19770110 201101 2 003'),
('RAFIUDIN MUSA', '19810510 200501 1 013'),
('IMAM SARJONO, S.PKP', '19610505 198708 1 001'),
('TAWUN, SP', '19640524 198709 1 001'),
('AGUS MUROZAK, S.ST', '19690801 199303 1 004'),
('IRVAN RIZKI NURCAHYO', '1'),
('aa', '2'),
('bb', '3');

-- --------------------------------------------------------

--
-- Struktur dari tabel `tb_dataasli`
--

CREATE TABLE `tb_dataasli` (
  `NAMA` varchar(255) DEFAULT NULL,
  `NIPBARU2` varchar(255) DEFAULT NULL,
  `kd_gol` int(4) DEFAULT NULL,
  `kd_jabatan` int(4) DEFAULT NULL,
  `kepada` varchar(255) DEFAULT NULL
) ENGINE=InnoDB DEFAULT CHARSET=utf8;

--
-- Dumping data untuk tabel `tb_dataasli`
--

INSERT INTO `tb_dataasli` (`NAMA`, `NIPBARU2`, `kd_gol`, `kd_jabatan`, `kepada`) VALUES
('RYA RIZQI AMALIA,S.STPar', '19860627 201101 2 007', 8, 18, ''),
('SUMARTO', '19640205 200701 1 018', 11, 18, 'BIDANG MUTASI'),
('SLAMET RIYADI,S.IP', '19770505 199903 1 003', 8, 18, NULL),
('JANUAR ANDRIANA, S.Kom', '19830101 200604 1 012', 7, 13, 'BIDANG MUTASI'),
('UMI SALAMAH', '19600825 198510 2 001', 8, 18, 'SEKRETARIAT'),
('EDWIEN MARTSTIAWAN, S.Kom', '19790313 200501 1 012', 7, 14, 'BIDANG BINA KEPEGAWAIAN'),
('SUPARTO', '19700325 200801 1 008', 11, 18, 'BIDANG BINA KEPEGAWAIAN'),
('SRI RINDHONAH', '19650612 198803 2 010', 8, 18, 'BIDANG PENGEMBANGAN DAN FORMASI'),
('MOH. IKHSANUDIN, SH, M.Si', '19660321 198603 1 005', 5, 6, NULL),
('SUPARNI', '19620516 199202 2 001', 7, 18, 'SEKRETARIAT'),
('ROCHAYAH, S.IP', '19770517 199603 2 002', 7, 18, 'BIDANG BINA KEPEGAWAIAN'),
('SOLICHA, S.Psi', '19750702 200501 2 008', 7, 18, 'BIDANG BINA KEPEGAWAIAN'),
('MOH. CHARIS M, ST', '19841206 200604 1 003', 8, 18, 'SEKRETARIAT'),
('WARTOID, S.IP, M.Si', '19750710 199803 1 003', 7, 16, 'BIDANG DIKLAT'),
('Drs. NUR ARI HARIS Y, M.Si', '19770125 199511 1 001', 5, 13, 'BIDANG MUTASI'),
('ABDUL SYUKUR, SE', '19691002 199603 1 005', 6, 10, 'BIDANG PENGEMBANGAN DAN FORMASI'),
('ANTON SETIABUDI,SE', '19700128 200801 1 007', 7, 18, 'BIDANG MUTASI'),
('AGUS SUPRIYANTO', '19760805 200501 1 008', 11, 18, 'SEKRETARIAT'),
('SUMANTA, SH', '19651214 198903 1 004', 6, 8, 'SEKRETARIAT'),
('ATIEK LUTHFIA CAHYANI, SE', '19771209 201101 2 001', 8, 20, 'BIDANG DIKLAT'),
('Drs. AGUS WARSITO', '19650911 199403 1 005', 6, 7, 'SEKRETARIAT'),
('IMAM BAEHAQI, SH', '19770518 199803 1 002', 7, 11, 'BIDANG PENGEMBANGAN DAN FORMASI'),
('KARSO, SE', '19640802 200604 1 007', 9, 18, 'BIDANG DIKLAT'),
('Drs. APRIYANTO SUDARMOKO', '19730413 199303 1 004', 5, 3, 'BIDANG PENGEMBANGAN DAN FORMASI'),
('SUTARNO', '19631023 200701 1 008', 12, 19, 'SEKRETARIAT'),
('DEWI PUJI ASTUTI, SE', '19860127 200904 2 003', 8, 18, 'SEKRETARIAT'),
('CHAMDANI', '19810910 200901 1 010', 12, 18, 'BIDANG MUTASI'),
('TASDIK', '19610307 199203 1 006', 8, 18, 'BIDANG DIKLAT'),
('SITI ALPIYAH, SE', '19650623 199303 2 004', 7, 9, 'SEKRETARIAT'),
('SALEH MUHAMMAD, S.Sos', '19600810 198503 1 016', 5, 4, 'BIDANG MUTASI'),
('UNANG KUSDIONO', '19800629 200901 1 006', 12, 18, 'BIDANG PENGEMBANGAN DAN FORMASI'),
('UMIYATI, SE', '19740929 199703 2 002', 6, 17, 'BIDANG DIKLAT'),
('NOVERITA KUSUMANINGRUM, ST', '19811102 200604 2 032', 7, 18, 'BIDANG BINA KEPEGAWAIAN'),
('SAMSUL MA`ARIF', '19790112 200901 1 011', 12, 18, 'SEKRETARIAT'),
('ARBA SETIANTO, SE', '19780517 200901 1 010', 9, 18, 'BIDANG MUTASI'),
('EDI SANTOSO', '19760309 201001 1 003', 12, 18, NULL),
('SUTRISNO, SH, MH', '19630919 199209 1 002', 5, 5, 'BIDANG BINA KEPEGAWAIAN'),
('Ir. DARU HANDINI', '19650729 199003 2 010', 4, 2, 'SEKRETARIAT'),
('HERA FERIANI', '19730203 199303 2 004', 8, 18, 'SEKRETARIAT'),
('Dra. LUTFIYATUL LATIFAH', '19580104 198603 2 002', 3, 1, 'SEKRETARIAT'),
('HADI WIDYANINGRUM', '19810415 200801 2 021', 11, 18, 'BIDANG PENGEMBANGAN DAN FORMASI'),
('MA`RIFAH HIDAYATI', '19680802 199303 2 005', 7, 12, 'BIDANG MUTASI'),
('ILHAM SANTOSO, SH', '19681029 200701 1 009', 7, 15, 'BIDANG BINA KEPEGAWAIAN'),
('MUNFAROH', '19620816 200604 2 003', 11, 18, 'BIDANG BINA KEPEGAWAIAN'),
('ERI NOR AFTON, S.Kom', '19830204 201001 1 022', 8, 18, 'BIDANG PENGEMBANGAN DAN FORMASI'),
('ARIF YULIANTO', '19810724 200901 1 005', 12, 20, NULL),
('HERWANTO UNTUNG, S.IPem', '19730906 199703 1 001', 7, 18, 'BIDANG MUTASI'),
('ILHAM', '19781217 200901 1 004', 13, 20, NULL),
('JANU SUMADI, SH', '19700110 200212 1 004', 7, 18, 'BIDANG BINA KEPEGAWAIAN'),
('DANIE WIHASTUTI, ST', '19850524 201101 2 007', 8, 18, 'BIDANG PENGEMBANGAN DAN FORMASI'),
('EDI SUPENO, S.IP', '19680417 199203 1 008', 6, 10, 'BIDANG PENGEMBANGAN DAN FORMASI'),
('ARIF FATTAH NUR, S.ST', '19761013 199803 1 003', 8, 18, 'BIDANG BINA KEPEGAWAIAN'),
('ENDI SURONO, AMK', '19770910 201001 1 014', 10, 21, NULL),
('YULIA AKHADIYATI, A.Md', '19770710 201101 2 009', 10, 18, 'BIDANG MUTASI'),
('NUROKHMAN', '19660228 200801 1 004', 12, 20, NULL),
('AGUS WINTORO', '19760404 200901 1 010', 12, 20, NULL),
('AGUS DRAJAT AMANDITO', '19670827 200701 1 007', 11, 20, ''),
('HERI SUSANTO', '19720810 200901 1 005', 12, 20, NULL),
('DEDE RIYAUDI', '19770727 200901 1 010', 12, 20, NULL),
('IMAM FAJARI, Skep', '19821128 200904 1 001', 9, 21, NULL),
('NASORI', '19590917 198503 1 018', 13, 22, NULL),
('ETIK NURKOMARYANTI, SKM', '19770110 201101 2 003', 11, 24, NULL),
('RAFIUDIN MUSA', '19810510 200501 1 013', 11, 25, NULL),
('IMAM SARJONO, S.PKP', '19610505 198708 1 001', 7, 26, NULL),
('TAWUN, SP', '19640524 198709 1 001', 7, 27, NULL),
('AGUS MUROZAK, AMd', '19690801 199303 1 004', 8, 373, 'BIDANG DIKLAT'),
('AKHMAD FARIKHI', '19620513 199003 1 007', 8, 40, NULL),
('WIRYAWAN HADI, SH', '19631101 199103 1 006', 5, 6, 'BIDANG DIKLAT'),
('ERLIN SETIYARSO', '19771008 199703 1 002', 9, 47, NULL),
('SYAFA`AT, S.Kom, M.Si', '19810404 201001 1 026', 9, 48, NULL),
('NANI WARYANI,SKM', '19770709 200604 2 006', 7, 61, NULL),
('NANI YULIANTI, S.KM', '19781227 200604 2 004', 7, 62, NULL),
('SARJONO, SP', '19620401 198703 1 011', 8, 65, NULL),
('REKI ANJAR KUMORO,S.Kom', '19790425 201001 1 006', 8, 66, NULL),
('drh. WIWIN KUSUMAWATI', '19821228 201001 2 033', 7, 67, NULL),
('NUR AFAN ARDILAH, S.IP', '19690605 199003 1 007', 7, 321, ''),
('MALAWI', '19800920 200901 1 011', 12, 18, 'BIDANG MUTASI'),
('MOH. WALIADIN, SE', '19830618 200501 1 009', 9, 70, NULL),
('FERI ZULFIKAR', '-', 17, 18, 'SEKRETARIAT'),
('SUMARNO,S.Pd, M.Si', '19680712 199710 1 001', 5, 73, NULL),
('DARSONO', '19600923 199203 1 003', 8, 74, NULL),
('HENDRIYANI', '19700820 200701 1 018', 13, 74, NULL),
('Joko Heriyanto,SH', '19630322 199103 1 004', 4, 76, NULL),
('ARIF MARYANTA, SST', '19650316 200701 1 010', 9, 77, NULL),
('KOHIMAN, SE', '19740304 200801 1 004', 12, 78, NULL),
('YULI FITRIA NURSIAM, S.Pi', '19820720 200904 2 002', 9, 79, NULL),
('KOMARUDIN,S.Pi', '19760530 201001 1 007', 9, 80, NULL),
('WIMAH,SE', '19640318 199210 2 001', 8, 18, 'BIDANG DIKLAT'),
('EKO WIDAYANTO N, S.Pi', '19830614 201001 1 025', 9, 79, NULL),
('RACHMAWATI MEILANI, SKM', '19770508 200312 2 005', 7, 83, NULL),
('SAMSURI, SE', '19650401 199301 1 002', 7, 85, NULL),
('SUSI RAHAJENG, BA', '19621122 198711 2 001', 6, 86, NULL),
('AGUS ISMANTO, S.IP. M.Si', '19690123 199003 1 001', 6, 87, ''),
('SUPARDI, SP', '19590825 198803 1 005', 7, 88, NULL),
('UDIN WAHYUDIN', '19610916 200604 1 002', 12, 89, NULL),
('A N W A R', '19680715 199603 1 004', 9, 109, NULL),
('SAIFUL ANWAR, S.Kom', '19790127 201101 1 003', 9, 110, NULL),
('IMAM PRABOWO, SM.HK', '19590314 198501 1 001', 4, 93, NULL),
('CALAM, S.IP', '19650204 199011 1 001', 7, 95, NULL),
('YUTA SUGIHYARTI, SH', '19660710 199310 2 003', 5, 96, NULL),
('ASMAWI', '19630119 200604 1 003', 11, 94, ''),
('SUHINTORO, SH', '19581219 198003 1 010', 4, 98, NULL),
('MURDIYOSO', '19590907 198607 1 001', 10, 94, NULL),
('WISNU BROTO, SH, MH', '19560212 198003 1 014', 3, 91, NULL),
('L. APRIYANTO SP, MP', '19710404 199703 1 007', 5, 101, NULL),
('BETTY NURBAETY, A.Md', '19730513 199803 2 007', 8, 102, NULL),
('Drs. KUSTORO, MM', '19591012 198403 1 008', 3, 103, NULL),
('AGUS SUPRIYADI', '2', 18, 94, NULL),
('KARNADI, SE', '19730202 199803 1 010', 5, 403, ''),
('SUDIHARSONO', '19700102 200801 1 019', 12, 94, NULL),
('NUR HARDINI YULIANY, SE', '19780712 200801 2 031', 12, 111, NULL),
('NUGROHO HARYO MARTONO, ST', '19771209 200904 1 012', 8, 112, NULL),
('MUTIA MT, SKM', '19870526 201101 2 009', 9, 83, NULL),
('FAHMI AMRSI, ST', '19790131 200604 1 010', 7, 114, NULL),
('KIKI LUQMANUL HAKIM, ST', '19821114 200904 1 001', 8, 48, NULL),
('DENNY BAYU AJI MOTOH, ST', '19810913 201101 1 005', 9, 117, NULL),
('NUNUNG WIDYANTO, SP', '19791123 201101 1 002', 9, 119, NULL),
('SUPRIYANTO', '19750402 200901 1 002', 12, 72, NULL),
('BAMBANG S.W, S.ST', '19600731 198103 1 004', 6, 122, NULL),
('E M A N, SH', '19660617 199303 1 008', 7, 123, NULL),
('IBNU HENDRA MULYANA, ST', '19821215 200904 1 005', 8, 48, NULL),
('TRI INDRATI, ST', '19840807 201101 2 012', 9, 125, NULL),
('SLAMET', '19630218 200604 1 002', 12, 153, NULL),
('Drs. BUDHI DARMAWAN, M.Si', '19680210 198803 1 004', 4, 128, NULL),
('KUSMEDI', '19700920 200701 1 014', 12, 129, NULL),
('ADHE DHANI RAHARJO, SH', '19790506 201001 1 011', 12, 130, NULL),
('MUKHAMAD, S.ST', '19611224 198708 1 001', 6, 88, NULL),
('A.A MANURUNG', '19620710 198803 1 009', 10, 132, NULL),
('AENUROFIK', '19590613 198103 1 009', 10, 133, NULL),
('SARDJO', '19590314 198003 1 008', 11, 134, NULL),
('KUSMAEDI', '19660210 200801 1 004', 12, 134, NULL),
('LUHANA', '19740824 200801 1 007', 12, 134, NULL),
('DEDI SISWADI, S.ST', '19680405 199302 1 001', 8, 117, NULL),
('LATU HADITHYRIN', '19630503 198502 1 002', 8, 138, NULL),
('NUR ASTRIANA, SKM', '19860611 201001 2 020', 8, 83, NULL),
('Y. SUHARYONO, SE', '19690308 198903 1 004', 7, 138, NULL),
('AGUS KUSWA, A.Md', '19630525 198708 1 001', 8, 141, NULL),
('GUNOTO, S.PKP', '19611209 198708 1 002', 8, 141, NULL),
('AGUS SUPRIJADI, SE', '19720202 199103 1 001', 7, 110, NULL),
('KOHIMAN', '19740304 200801 1 005', 12, 78, NULL),
('NURWANTO', '3', 17, 29, NULL),
('MOH. FIKI ILHAMI', '4', 18, 148, NULL),
('PUJI APRIYANTO', '5', 18, 81, NULL),
('KHOTIPAH', '19670910 198803 2 008', 5, 150, NULL),
('KUSRININGSIH', '6', 18, 151, NULL),
('A S N O, SH', '19631003 198903 1 004', 6, 154, NULL),
('LAELI HURHIDAYAH, A.Md.Perkes', '19860826 200904 2 002', 10, 155, NULL),
('BAYU TRI LAKSONO, AMd', '19870814 201101 1 005', 10, 156, NULL),
('RUKMINI, SP', '19700423 198903 2 017', 8, 157, NULL),
('IRVAN RIZKI NURCAHYO, S.STP', '19910429 201206 1 002', 9, 158, NULL),
('drg. ADHI SUPRIADI, M.Kes', '19750427 200501 1 006', 5, 181, ''),
('ADHITYA TRIHATMOKO, S.STP', '19850727 200312 1 003', 7, 182, ''),
('MOH. ARIEF KURNIAWAN, A.Md', '19830629 201001 1 024', 10, 184, ''),
('SA\'WON MEIMIS ES, Amd', '19860508 201101 1 009', 11, 186, 'BIDANG DIKLAT'),
('MIFTAKHUL JANAN, SKM', '19821028 200904 1 007', 8, 83, 'BIDANG DIKLAT'),
('SUBUR SARWONO, SE, MM', '19630116 198603 1 009', 6, 188, 'BIDANG DIKLAT'),
('SUNOTO JOYO SUMITO', '19740122 200906 1 001', 12, 189, ''),
('RUSWAHRUDIYANTO', '19740721 200906 1 007', 12, 190, 'BIDANG DIKLAT'),
('SLAMET', '19670617 200701 1 033', 12, 191, 'BIDANG DIKLAT'),
('SLAMET, SH', '19700828 200701 1 033', 11, 192, ''),
('DWI NURHANGKOSO', '19620413 198703 1 007', 11, 193, 'BIDANG DIKLAT'),
('GUNAWAN IRWANTO', '19630903 201001 1 004', 12, 194, 'BIDANG DIKLAT'),
('JAENAH', '19740912 201001 2 001', 12, 195, 'BIDANG DIKLAT'),
('RUDY BUNTORO', '19670710 198801 1 001', 12, 196, 'BIDANG DIKLAT'),
('SARJO', '19650130 200701 1 014', 12, 197, 'BIDANG DIKLAT'),
('DIAN KURNIANTO, S.Sos', '19810813 20004 1 010', 7, 198, 'BIDANG DIKLAT'),
('MASRON SABARYANTO, sst', '19730319 200801 1 009', 9, 199, 'BIDANG DIKLAT'),
('PURWANINGSIH SETYANI, SH', '19871214 201001 2 020', 8, 200, 'BIDANG DIKLAT'),
('BUDIRAKHMAWAN, SE', '19710419 199902 1 005', 6, 201, 'BIDANG DIKLAT'),
('Drs. SRI TEGUH PAMBUDI, M.Si', '19650521 198603 1 020', 4, 202, 'BIDANG DIKLAT'),
('SARWIDI, S.Pd, M.Pd', '19660329 199103 1 007', 5, 204, 'BIDANG DIKLAT'),
('Dra. EVA LATIFAH, M.A', '19621113 198903 2 005', 5, 278, 'BIDANG DIKLAT'),
('PRAYOGO KUSUMARYOKO, S.Pd, M.Hum', '19730403 200003 1 002', 7, 205, 'BIDANG DIKLAT'),
('AZMI ASYIDDA M, STP', '19840314 201014 1 018', 8, 208, 'BIDANG DIKLAT'),
('HENDRA AMILYANA', '19840826 200901 1 002', 13, 209, 'BIDANG DIKLAT'),
('SLAMET GEMBIRA, SH', '19650704 200701 1 023', 7, 210, 'BIDANG DIKLAT'),
('MURYANI, SE', '19720508 199203 2 005', 6, 213, 'BIDANG DIKLAT'),
('TARJANI', '19700302 200701 1 017', 12, 215, 'BIDANG DIKLAT'),
('Drs. ARIFIN', '19640219 199803 1 001', 6, 216, ''),
('AGUS RIYANTO, SKM', '19810804 200604 1 014', 6, 83, 'BIDANG DIKLAT'),
('NUKE PRASETYANI NURHAYATI', '19790604 201409 2 004', 9, 218, 'BIDANG DIKLAT'),
('KASTONO, SE', '19781225 201001 1 002', 12, 222, 'BIDANG DIKLAT'),
('SAEFUDIN', '19651112 200701 1 027', 11, 225, 'BIDANG DIKLAT'),
('SUWITNO', '19730111 201001 1 003', 12, 226, 'BIDANG DIKLAT'),
('TARSIDIN', '19640706 200701 1 018', 11, 227, 'BIDANG DIKLAT'),
('HERTOYO PERNANDO', '19770105 200701 1 020', 11, 228, 'BIDANG DIKLAT'),
('NAKHIROH, SKM', '19650525 198903 2 007', 6, 229, 'BIDANG DIKLAT'),
('ANDRI FIRDAUS, SH, M.Pd', '19780617 199803 1 004', 6, 230, 'BIDANG DIKLAT'),
('ABDUL GHOFUR', '19850318 201406 1 001', 13, 18, 'BIDANG DIKLAT'),
('ABD. GHOFUR', '19840924 201409 1 001', 13, 18, 'BIDANG DIKLAT'),
('MOH. SYAMSUL HARIS, SH, MM', '19..', 7, 235, ''),
('MOH. SYAMSUL HARIS, SH, MM', '19', 8, 236, 'Bagian Hukum Setda Kab. Brebes'),
('BAGUS', '1', 18, 237, 'Setda Kab. Brebes'),
('SUDIARSO', '1.', 12, 238, ''),
('MOH. SYAMSUL HARIS, SH, MM', '19820625 200904 1 004', 8, 239, 'Sekretariat Daerah'),
('AKHSAN NURDIN', '197308252014091001', 13, 241, 'BIDANG MUTASI'),
('WAHYU HADI P, SH', '19850126 201001 1 020', 8, 242, 'BIDANG DIKLAT'),
('AMIRUDIN, S.TP', '19790917 200904 1 003', 8, 243, 'BIDANG DIKLAT'),
('KARYONO, S.Sos', '19680902 199003 1 005', 7, 244, 'BIDANG DIKLAT'),
('SUROSO TEGA BASUKI, SKM', '19661127 198703 1 006', 6, 245, 'BIDANG DIKLAT'),
('EMI SRI HARTATI, SKM', '19701015 199403 2 006', 7, 246, 'BIDANG DIKLAT'),
('PRIO HARYADI, S.Kom', '19841116 201101 1 003', 8, 48, 'BIDANG DIKLAT'),
('TEDY MAULANA IQBAL, SE', '19820828 201001 1 023', 8, 248, 'BIDANG DIKLAT'),
('TEDY MAULANAN IQBAL, SE', '1980828 201001 1 023', 8, 248, 'BIDANG DIKLAT'),
('NUNUNG NURJANAH, S.ST', '19730216 199303 2 003', 7, 250, 'BIDANG DIKLAT'),
('TUNINGSIH, S.ST', '19740712 199301 2 003', 8, 251, 'BIDANG DIKLAT'),
('ALI NURDIN', '7', 18, 252, 'SEKRETARIAT'),
('ENI LISTIANA, S.IP', '19790903 199803 2 001', 7, 254, 'BIDANG DIKLAT'),
('ZAENAL ABIDIN, SH', '19690805 199803 1 010', 6, 256, 'BIDANG DIKLAT'),
('SURATMAN, S.Pi', '19600308 198302 1 003', 4, 260, 'BIDANG DIKLAT'),
('IANATUNNIHAYAH, SE', '19881010 201101 2 015', 9, 78, 'BIDANG DIKLAT'),
('CIPTO, S.Pd', '19690429 199802 1 001', 5, 262, 'BIDANG DIKLAT'),
('SOLIKHUN', '19621219 200604 1 005', 12, 263, 'BIDANG DIKLAT'),
('HIDAYAH', '19630507 200604 1 005', 12, 263, 'BIDANG DIKLAT'),
('HANDOYO PANASWORO', '19770502 200901 016', 13, 263, 'BIDANG DIKLAT'),
('R. SINGGIH DIHASMORO', '19640427 199303 1 004', 8, 263, 'BIDANG DIKLAT'),
('DUMADI, ST', '19710409 200701 1 011', 12, 267, 'BIDANG DIKLAT'),
('WASTOI, M.Pd', '19650103 199002 1 004', 5, 268, 'BIDANG DIKLAT'),
('IMAM TOHID, S.Sos', '19680628 199001 1 001', 5, 269, 'BIDANG PENGEMBANGAN DAN FORMASI'),
('KOMAR, SE', '19640714 199203 1 006', 4, 270, 'BIDANG DIKLAT'),
('MUHAMMAD MURNI, S.Pi', '19651109 198708 1 001', 5, 272, 'BIDANG DIKLAT'),
('EKO HADIYANTO, S.Pi', '19801123 200604 1 009', 7, 273, 'BIDANG DIKLAT'),
('SETIAWAN NUGROHO, S.STP', '10800429 199912 1 001', 6, 274, 'BIDANG DIKLAT'),
('RUDI HARTONO, SKM, MM', '10', 18, 275, ''),
('Ir. WAHUDIN DIANTORO', '11', 18, 276, ''),
('SUNTORO', '12', 18, 277, ''),
('EDI SUTANTRI', '19640301 198809 1 002', 11, 279, 'BIDANG DIKLAT'),
('HARYONO', '13', 18, 18, 'SEKRETARIAT'),
('ENI KUSRAENI', '19630126 198607 2 001', 7, 281, 'BIDANG DIKLAT'),
('SAEFUL ALAM, SH', '19870101 201101 1 006', 8, 282, 'BIDANG DIKLAT'),
('MUSTOLIH', '14', 18, 283, 'BIDANG DIKLAT'),
('NAHIB SHODIQ, S.PDi', '15', 18, 284, 'BIDANG DIKLAT'),
('NAPSIN, S.P', '16', 18, 285, 'BIDANG DIKLAT'),
('GILANG AMANDA, ST', '19830329 201502 1 001', 9, 348, 'BIDANG DIKLAT'),
('H. AHMAD ROHMANI, S.Pd, M.Pd', '19711101 200701 010', 8, 291, 'BIDANG DIKLAT'),
('ROFIQ QOIDUL ADZAM, SH', '19641227 199103 1 007', 3, 292, 'BIDANG DIKLAT'),
('RETNO SETIANINGRUM, SE', '19860321 201502 2 002', 9, 78, 'BIDANG DIKLAT'),
('HARYONO', '8', 18, 18, 'BIDANG BINA KEPEGAWAIAN'),
('LUSIANA INDIRA I, S.Sos, M.Ikom', '198307202006042015', 7, 295, 'BIDANG DIKLAT'),
('SASTRO', '9', 18, 296, ''),
('MOH. ZUHDAN FANANI, SH', '19730224 199803 1 006', 6, 297, 'BIDANG DIKLAT'),
('SUHERI HAMZAH, ST', '19830904 201101 1 001', 8, 298, 'BIDANG DIKLAT'),
('R U J O', '19660205 200801 1 003', 12, 299, 'BIDANG DIKLAT'),
('INDAH WIJAYANTI, ST', '19791025 200501 2 013', 7, 48, 'BIDANG DIKLAT'),
('SAERUN, AMK', '197709222006041014', 9, 304, 'BIDANG PENGEMBANGAN DAN FORMASI'),
('FARUL AZIS', '19680923 200701 1 017', 11, 18, 'BIDANG PENGEMBANGAN DAN FORMASI'),
('MUJIATMO', '19610701 200701', 11, 307, ''),
('SANURI', '19631115 200701 1 015', 11, 308, 'BIDANG DIKLAT'),
('MARJUKI', '19610914 200701 1 010', 11, 309, ''),
('NURUDDIN, SH', '19690817 199803 1 017', 5, 310, 'BIDANG DIKLAT'),
('SUGENG BASUKI, SH, MH', '19640404 199202 1 002', 5, 311, 'BIDANG DIKLAT'),
('MUNAEDI, SH', '19610618 198503 1 012', 5, 312, 'BIDANG DIKLAT'),
('DARSONO', '19670804 200701 1 030', 11, 313, ''),
('SOKHEH', '19750121 200801 1 003', 12, 314, ''),
('TOPIK', '19771103 201001 1 003', 12, 315, ''),
('AMAT SUKUR', '19610312 200701 1 009', 13, 316, ''),
('AHMAD MUHENI', '19680917 200906 1 001', 12, 317, 'BIDANG DIKLAT'),
('SUBKHI, SE', '19630725 200701 1 010', 11, 318, ''),
('RAHULAN', '19650504 200901 1 005', 12, 319, ''),
('SUBAGYO', '19790109 201001 1 008', 12, 320, ''),
('Drs. RATIM', '19620520 199412 1 001', 5, 322, 'BIDANG DIKLAT'),
('AKHMAD MAULANA YUSUF, SE', '19820104 200904 1 001', 8, 83, 'BIDANG DIKLAT'),
('WAHYU HADI PURWANTO, SH', '19850126 201001 1 010', 8, 242, 'BIDANG DIKLAT'),
('MARIEZA TYAS R, Amd', '19820315 200501 2 011', 9, 325, 'BIDANG DIKLAT'),
('DIYAH IRMA MAWARNI, SH', '19771115 201001 2 012', 8, 331, 'BIDANG DIKLAT'),
('SAHIROH', '19820927 201001 2 010', 12, 83, 'BIDANG DIKLAT'),
('TARYONO, S.IP', '19681209 199803 1 005', 7, 339, 'BIDANG DIKLAT'),
('SUKIRNO', '19640506 200801 1 001', 11, 279, 'BIDANG DIKLAT'),
('DHIAN IRAWATI SUTRISNO, SKM', '19751001 200312 2 005', 8, 366, 'BIDANG DIKLAT'),
('RESTU ISLAMINOTO', '19810315 201001 1 004', 12, 117, 'BIDANG DIKLAT'),
('BUDI SETIA NURDIN, S.IP', '19620918 198603 1 013', 6, 343, 'BIDANG DIKLAT'),
('PUJI PANTI WAHYUNI, SPKP', '19630122 198708 2 001', 6, 344, 'BIDANG DIKLAT'),
('CARKINI, SP', '19650505 198903 2 017', 7, 344, 'BIDANG DIKLAT'),
('AGUS MUROZAK, SST', '19641023 198703 1 004', 7, 346, 'BIDANG DIKLAT'),
('ILMIAWAN SURYA BAYUAJI, ST, MIL', '19800401 200604 1 009', 7, 48, 'BIDANG DIKLAT'),
('DANIAR SAYINDRA, S.Si', '19790224 200604 1 009', 7, 349, 'BIDANG DIKLAT'),
('MOH. FAIZIN, S.STP', '19810715 200012 1 002', 7, 353, 'BIDANG DIKLAT'),
('AGUNG TIRTO KUMARA, ST', '19801026 200501 1 005', 7, 354, 'BIDANG DIKLAT'),
('SUSNANTYO, S.Akt', '19650403 199203 1 015', 8, 355, ''),
('SAFEI', '13..', 18, 356, ''),
('DARYO', '14..', 18, 238, ''),
('D A S M A N', '19800606 201001 1 005', 11, 358, 'BIDANG DIKLAT'),
('D A S M A N', '198006062010011005', 11, 358, 'BIDANG DIKLAT'),
('CUCIATUN NINGRUM, A.Md.KL', '19751007 201001 2 010', 10, 83, 'BIDANG DIKLAT'),
('RATNA WIJAYANTI, S.Gz', '19860417 200904 2 002', 7, 362, 'BIDANG DIKLAT'),
('KHAERUL UMAM, S.Pi', '19870127 201502 1 002', 9, 79, 'BIDANG DIKLAT'),
('KADAR', '19790312 200701 1 027', 12, 364, 'BIDANG PENGEMBANGAN DAN FORMASI'),
('TARPUI, SH', '19630805 199110 1 001', 7, 81, 'BIDANG PENGEMBANGAN DAN FORMASI'),
('LAELI APRIYANTI, SKM', '19800429 200501 2 011', 7, 367, ''),
('KHOLIDIN, SH', '19630715 198512 1 001', 6, 369, 'BIDANG DIKLAT'),
('SYAIFULLOH, S.Kep', '19750708 200112 2 002', 9, 370, 'BIDANG DIKLAT'),
('AHMAD BASUKI', '19771222 200901 1 005', 12, 134, 'BIDANG DIKLAT'),
('ALI TARIFIN. SE', '19610719 198512 1 001', 4, 372, 'BIDANG DIKLAT'),
('DIAN IDAWATI, SKM', '19740624 199803 2 003', 8, 366, 'BIDANG DIKLAT'),
('CUWIRI, SKM', '19710105 199403 2 004', 8, 376, 'BIDANG DIKLAT'),
('AMI, SKM', '19740811 199503 2 004', 8, 377, 'BIDANG DIKLAT'),
('EVI SETIYAWATI, SKM', '19740801 200604 2 004', 8, 378, 'BIDANG DIKLAT'),
('RATIH SOTYA KHILDA, SKM', '19780309 200904 2 001', 9, 379, 'BIDANG DIKLAT'),
('APRI SARONI', '19840205 201409 1 001', 13, 81, 'BIDANG BINA KEPEGAWAIAN'),
('FITRIANI SULISTIANINGSIH, SE', '19780121 200501 2 009', 7, 381, 'BIDANG DIKLAT'),
('SAHERI, S.Pd', '19631108 198601 1 004', 5, 205, 'BIDANG DIKLAT'),
('TONO IRIANTO, SH', '19760920 201101 1 005', 8, 383, ''),
('EMASTONI EZAM, SH, MH', '19590211 198703 1 005', 2, 384, ''),
('SOFYAN AFFENDI, SH, MH', '19770513 201001 1 013', 8, 200, 'BIDANG DIKLAT'),
('SRI KANTI, M.Pd', '19640517 198703 2 009', 5, 205, 'BIDANG DIKLAT'),
('NELI SILFIAH, SE, M.Si', '19770610 199703 2 004', 8, 388, 'BIDANG DIKLAT'),
('SUSILO, SH', '19690816 199103 1 007', 6, 390, 'BIDANG DIKLAT'),
('HADI ALAWI , SKM', '19751118 201001 1 009', 8, 83, 'BIDANG DIKLAT'),
('IKLIA MARITA, SKM', '19850322 201001 2 024', 8, 83, 'BIDANG DIKLAT'),
('SUPRAPTO, SH', '19580915 198603 1 012', 3, 393, ''),
('ANDRIE ICHDA PRIHANTO, SH', '19780320 200901 1 006', 8, 200, 'BIDANG DIKLAT'),
('SIGIT SAPTO WARDOYO, ST,MT,MPS', '19800722 200604 1 011', 7, 48, 'BIDANG DIKLAT'),
('MUHAMMAD DANIYAL AL MAUDUDI, S.STP', '199310192016071003', 9, 81, 'BIDANG BINA KEPEGAWAIAN'),
('BUDI SANTOSA, S.Pt, M.Si', '19730727 200604 1 008', 7, 398, 'BIDANG DIKLAT'),
('HERBAGOES TRI N, SE', '19680718 199303 1 004', 7, 399, ''),
('RA. RIKE TRIESNA LESLI, SE', '19801127 200801 2 013', 11, 400, 'BIDANG DIKLAT'),
('IMAN PARNOKO, S.IP', '19770919 199703 1 003', 6, 399, 'BIDANG DIKLAT'),
('BAGUS PRISMAWAN, SSTP', '19880603 201010 1 001', 8, 148, 'BIDANG BINA KEPEGAWAIAN'),
('LINDA AYU SETIAWATI, S.STP', '19910612 201406 2 001', 9, 18, 'BIDANG MUTASI');

-- --------------------------------------------------------

--
-- Struktur dari tabel `tb_gol`
--

CREATE TABLE `tb_gol` (
  `kd_gol` int(4) NOT NULL,
  `gol` varchar(255) DEFAULT NULL,
  `pangkat` varchar(255) DEFAULT NULL
) ENGINE=InnoDB DEFAULT CHARSET=utf8;

--
-- Dumping data untuk tabel `tb_gol`
--

INSERT INTO `tb_gol` (`kd_gol`, `gol`, `pangkat`) VALUES
(1, 'IV/e', 'Pembina Utama'),
(2, 'IV/d', 'Pembina Utama Madya'),
(3, 'IV/c', 'Pembina Utama Muda'),
(4, 'IV/b', 'Pembina Tk.I'),
(5, 'IV/a', 'Pembina'),
(6, 'III/d', 'Penata Tk.I'),
(7, 'III/c', 'Penata'),
(8, 'III/b', 'Penata Muda Tk.I'),
(9, 'III/a', 'Penata Muda'),
(10, 'II/d', 'Pengatur Tk.I'),
(11, 'II/c', 'Pengatur'),
(12, 'II/b', 'Pengatur Muda Tk.I'),
(13, 'II/a', 'Pengatur Muda'),
(14, 'I/d', 'Juru Tk.I'),
(15, 'I/c', 'Juru'),
(16, 'I/b', 'Juru Muda Tk.I'),
(17, 'I/a', 'Juru Muda'),
(18, '-', '-');

-- --------------------------------------------------------

--
-- Struktur dari tabel `tb_jabatan`
--

CREATE TABLE `tb_jabatan` (
  `kd_jabatan` int(4) NOT NULL,
  `jabatan` varchar(255) DEFAULT NULL,
  `eselon` varchar(255) DEFAULT NULL,
  `tingkat` varchar(255) DEFAULT NULL
) ENGINE=InnoDB DEFAULT CHARSET=utf8;

--
-- Dumping data untuk tabel `tb_jabatan`
--

INSERT INTO `tb_jabatan` (`kd_jabatan`, `jabatan`, `eselon`, `tingkat`) VALUES
(1, 'Ka. BKD Kab. Brebes', 'II/b', 'Tingkat B'),
(2, 'Sekretaris BKD Kab. Brebes', 'III/a', 'Tingkat C'),
(3, 'Kabid Formasi dan Pengembangan BKD Kab. Brebes', 'III/b', 'Tingkat C'),
(4, 'Kabid Mutasi BKD Kab. Brebes', 'III/b', 'Tingkat C'),
(5, 'Kabid Bina Kepegawaian BKD Kab. Brebes', 'III/b', 'Tingkat C'),
(6, 'Kabid Diklat BKD Kab. Brebes', 'III/b', 'Tingkat C'),
(7, 'Kasubbag Program dan Pelaporan BKD Kab. Brebes', 'IV/a', 'Tingkat C'),
(8, 'Kasubbag Keuangan BKD Kab. Brebes', 'IV/a', 'Tingkat C'),
(9, 'Kasubbag Umum dan Kepegawaian BKD Kab. Brebes', 'IV/a', 'Tingkat C'),
(10, 'Kasubbid Formasi dan Pangangkatan BKD Kab. Brebes', 'IV/a', 'Tingkat C'),
(11, 'Kasubbid Pengembangan Karier BKD Kab. Brebes', 'IV/a', 'Tingkat C'),
(12, 'Kasubbid Kenaikan Pangkat BKD Kab. Brebes', 'IV/a', 'Tingkat C'),
(13, 'Kasubbid Mutasi dan Pensiun BKD Kab. Brebes', 'IV/a', 'Tingkat C'),
(14, 'Kasubbid Inf. dan Pelayanan Adm. Pegawai BKD Kab. Brebes', 'IV/a', 'Tingkat C'),
(15, 'Kasubbid Pembinaan Disiplin dan Kesejahteraan Pegawai BKD Kab. Brebes', 'IV/a', 'Tingkat C'),
(16, 'Kasubbid Diklat Struktural dan Prajabatan BKD Kab. Brebes', 'IV/a', 'Tingkat C'),
(17, 'Kasubbid Diklat Teknis dan Fungsional BKD Kab. Brebes', 'IV/a', 'Tingkat C'),
(18, 'Staf BKD Kabupaten Brebes', 'Non Eselon', 'Tingkat C'),
(19, 'Supir BKD Kab. Brebes', 'Non Eselon', 'Tingkat C'),
(20, 'Staf Kantor Satpol PP Kab. Brebes', 'Non Eselon', 'Tingkat C'),
(21, 'Staf DKK Brebes', 'Non Eselon', 'Tingkat C'),
(22, 'Staf Kantor Pengelolaan Data dan Kearsipan Kab. Brebes', 'Non Eselon', 'Tingkat C'),
(23, 'Staf Kantor Pengelolaan Data dan Kearsipan Kab. Brebes', 'Non Eselon', 'Tingkat C'),
(24, 'Sanitarian Pelaksana Puskesmas Kalimati DKK Brebes', 'Non Eselon', 'Tingkat C'),
(25, 'Staf KPPT Kabupaten Brebes', 'Non Eselon', 'Tingkat C'),
(26, 'Peny. Pertanian Penyelia Dinas Pertanian Tanaman Pangan Kab. Brebes', 'Non Eselon', 'Tingkat C'),
(27, 'Peny. Pertanian Muda Dinas Pertanian Tanaman Pangan Kab. Brebes', 'Non Eselon', 'Tingkat C'),
(28, 'Peny. Pertanian Lanjutan Dinas Pertanian Tanaman Pangan Kab. Brebes', 'Non Eselon', 'Tingkat C'),
(29, '-', 'Non Eselon', 'Tingkat C'),
(30, 'Staf BKD Kabupaten Brebes', 'Non Eselon', 'Tingkat C'),
(31, 'Staf Badan Kepegawaian Daerah Kab. Brebes', 'Non Eselon', 'Tingkat C'),
(35, 'Kasubbid Inf. dan Pelayanan Adm. Pegawai BKD Kab. Brebes', 'IV/a', 'Tingkat C'),
(36, 'Kasubbid Diklat Teknis dan Fungsional BKD Kab. Brebes', 'IV/a', 'Tingkat C'),
(37, 'Staf BKD Kabupaten Brebes', 'Non Eselon', 'Tingkat C'),
(38, 'Kasubbid Inf. dan Pelayanan Adm. Pegawai BKD Kab. Brebes', 'IV/a', 'Tingkat C'),
(39, 'Staf BKD Kabupaten Brebes', 'IV/a', 'Tingkat C'),
(40, 'Staf Kecamatan Brebes', 'Non Eselon', 'Tingkat C'),
(41, 'Staf Kecamatan Brebes', 'Non Eselon', 'Tingkat C'),
(42, 'Kasubbid Diklat Teknis dan Fungsional BKD Kab. Brebes', 'IV/a', 'Tingkat C'),
(43, 'Kasubbid Inf. dan Pelayanan Adm. Pegawai BKD Kab. Brebes', 'IV/a', 'Tingkat C'),
(44, 'aaa', 'Non Eselon', 'Tingkat C'),
(45, 'Kabid Diklat BKD Kab. Brebes', 'III/b', 'Tingkat C'),
(46, 'Staf Kecamatan Jatibarag Kab. Brebes / Penata Muda - III/a', 'Non Eselon', 'Tingkat C'),
(47, 'Staf Kecamatan Jatibarag Kab. Brebes', 'Non Eselon', 'Tingkat C'),
(48, 'Staf Bappeda Kab. Brebes', 'Non Eselon', 'Tingkat C'),
(49, 'Kabid Diklat BKD Kab. Brebes', 'III/b', 'Tingkat C'),
(50, 'Kabid Bina Kepegawaian BKD Kab. Brebes', 'III/b', 'Tingkat C'),
(51, 'Kabid Formasi dan Pengembangan BKD Kab. Brebes', 'III/b', 'Tingkat C'),
(52, 'Staf BKD Kabupaten Brebes', 'Non Eselon', 'Tingkat C'),
(53, 'Staf BKD Kabupaten Brebes', 'Non Eselon', 'Tingkat C'),
(54, 'Staf BKD Kabupaten Brebes', 'Non Eselon', 'Tingkat C'),
(55, 'Staf BKD Kabupaten Brebes', 'Non Eselon', 'Tingkat C'),
(56, 'Staf BKD Kabupaten Brebes', 'Non Eselon', 'Tingkat C'),
(57, 'Staf BKD Kabupaten Brebes', 'Non Eselon', 'Tingkat C'),
(58, 'Staf BKD Kabupaten Brebes', 'Non Eselon', 'Tingkat C'),
(59, 'Kasubbag Umum dan Kepegawaian BKD Kab. Brebes', 'IV/a', 'Tingkat C'),
(60, 'Staf BKD Kabupaten Brebes', 'Non Eselon', 'Tingkat C'),
(61, 'Staf P2 Dinkes Kab Brebes', '', 'Tingkat C'),
(62, 'Staf P2PKLB Dinas Kab Berbes', '', 'Tingkat C'),
(63, 'Kabid Bina Kepegawaian BKD Kab. Brebes', 'III/b', 'Tingkat C'),
(64, 'Kabid Bina Kepegawaian BKD Kab. Brebes', 'III/b', 'Tingkat C'),
(65, 'POPT Kec. Jatibarang, Dinas Pertanian TPH Kab. Brebes', 'Non Eselon', 'Tingkat C'),
(66, 'staf DPPK Kab. Brebes/ Penata muda Tk.I-III/b', 'Non Eselon', 'Tingkat C'),
(67, 'Staf Dinas Peternakan Kab.Brebes/ Penata-III/c', 'Non Eselon', 'Tingkat C'),
(68, 'Bendahara Pengeluaran, Dinsosnakertran Kab. Brebes', 'Non Eselon', 'Tingkat C'),
(69, 'Staf BKD Kabupaten Brebes', 'Non Eselon', 'Tingkat C'),
(70, 'Staf Dinparbudpora Kab. Brebes', 'Non Eselon', 'Tingkat C'),
(71, 'Staf Dinparbudpora Kab. Brebes', 'Non Eselon', 'Tingkat C'),
(72, '', 'Non Eselon', 'Tingkat C'),
(73, 'Camat Tonjong, Kab. Brebes', 'IV/a', 'Tingkat C'),
(74, 'Staf Dishubkominfo Kab Brebes', 'III/b', 'Tingkat C'),
(75, 'Staf Dishubkominfo Kab Brebes', 'II/a', 'Tingkat B'),
(76, 'Ka Kantor Kesbangpol Kab.Brebes', 'III/a', 'Tingkat C'),
(77, 'Penyuluh Pertanian Pertama, Dinas Pertanian, TPH Kab. Brebes', 'Non Eselon', 'Tingkat C'),
(78, 'Staf DPPK Kab. Brebes', 'Non Eselon', 'Tingkat C'),
(79, 'Penyuluh Perikanan, Dinas Kelautan dan Perikanan Kab. Brebes', 'Non Eselon', 'Tingkat C'),
(80, 'Penyuluh Perikanan,Dinas Kelautan dan Perikanan Kab.Brebes', 'Non Eselon', 'Tingkat B'),
(81, 'staf', 'Non Eselon', 'Tingkat C'),
(82, 'Penyuluh Perikanan, Dinas Kelautan dan Perikanan Kab. Brebes', 'Non Eselon', 'Tingkat C'),
(83, 'Staf Dinas Kesehatan Kab. Brebes', 'Non Eselon', 'Tingkat C'),
(84, 'Staf BKD Kabupaten Brebes', 'Non Eselon', 'Tingkat C'),
(85, 'Kasi Pengawasan dan Mutu Hasil, Dinas Kehutanan dan Perkebunan Kab. Brebes', 'IV/a', 'Tingkat C'),
(86, 'Kasubag Tata Usaha, Kantor Kesbangpol Kab. Brebes', 'IV/b', ''),
(87, 'Kasi Kesatuan Bangsa, Kantor Kesbangpol Kab. Brebes', 'IV/a', 'Tingkat C'),
(88, 'Penyuluh Pertanian Muda, Bappeluh Kab. Brebes', 'Non Eselon', 'Tingkat C'),
(89, 'Penyluh Pertanian Pertama, Bappeluh Kab. Brebes', 'Non Eselon', 'Tingkat C'),
(90, 'Staf BKD Kabupaten Brebes', 'Non Eselon', 'Tingkat C'),
(91, 'INSPEKTUR', 'II/a', 'Tingkat B'),
(92, 'AUDITOR', 'Non Eselon', 'Tingkat C'),
(93, 'IRBAN BIDANG PEMERINTAHN DAN APRATUR', 'III/a', 'Tingkat C'),
(94, 'SOPIR', 'Non Eselon', 'Tingkat C'),
(95, 'AUDITOR PENYELIA INSPEKTORAT BREBES', 'Non Eselon', 'Tingkat C'),
(96, 'KABAG ORGANISASI SETDA KAB. BREBES', 'III/b', 'Tingkat C'),
(97, 'SOPIR', 'Non Eselon', 'Tingkat C'),
(98, 'KABAG HUKUM SETDA KAB. BREBES', 'III/b', 'Tingkat C'),
(99, 'SOPIR', 'Non Eselon', 'Tingkat C'),
(100, 'INSPEKTUR', 'II/b', 'Tingkat C'),
(101, 'Kasi Pengembangan Usaha dan Sarana Prasarana, Dinas Kehutanan dan Perkebunan Kab. Brebes', 'IV/a', 'Tingkat C'),
(102, 'Staf Bagian Organisasi Setda Kab. Brebes', 'Non Eselon', 'Tingkat C'),
(103, 'Asisten III Sekda Brebes', 'II/a', 'Tingkat B'),
(104, 'Sopir', 'Non Eselon', 'Tingkat C'),
(105, 'KABAG HUKUM SETDA KAB. BREBES', 'III/a', 'Tingkat C'),
(106, 'KABAG ORGANISASI SETDA KAB. BREBES', 'III/a', 'Tingkat C'),
(107, 'AUDITOR AHLI MUDA', 'Non Eselon', 'Tingkat C'),
(108, 'Sopir', 'Non Eselon', 'Tingkat C'),
(109, 'Staf Dinas Kehutanan dan Perkebunan Kab. Brebes', 'Non Eselon', 'Tingkat C'),
(110, 'Staf Dinas Koperasi UMKM Kab. Brebes', 'Non Eselon', 'Tingkat C'),
(111, 'Staf Kec. Bumiayu, Kab. Brebes', 'Non Eselon', 'Tingkat C'),
(112, 'Pengawas Ketenagakerjaan, Dinsosnakertrans Kab. Brebes', 'Non Eselon', 'Tingkat C'),
(113, 'Staf Dinas Kesehatan Kab. Brebes', 'Non Eselon', 'Tingkat C'),
(114, 'Kasi Pembinaan Tata Ruang, DPU & TR Kab. Brebes', 'III/a', 'Tingkat C'),
(115, 'Staf Bappeda Kab. Brebes', 'Non Eselon', 'Tingkat C'),
(116, 'Kasi Pembinaan Tata Ruang,DPU & TR Kab.Brebes', 'IV/a', 'Tingkat C'),
(117, 'Staf DPU & TR Kab. Brebes', 'Non Eselon', 'Tingkat C'),
(118, 'Kasubbid Diklat Struktural dan Prajabatan BKD Kab. Brebes', 'IV/a', 'Tingkat C'),
(119, 'Staf Dinas Pertanian TPH Kab. Brebes', 'Non Eselon', 'Tingkat C'),
(120, '', 'Non Eselon', 'Tingkat C'),
(121, '', 'Non Eselon', 'Tingkat C'),
(122, 'Koordinator Program Kec. Bumiayu, Dinas Pertanian, TPH Kab. Brebes', 'IV/b', ''),
(123, 'Kasi Perencanaan dan Pengembangan Kawasan Bid. Penataan Ruang, DPU & TR Kab. Brebes', 'IV/a', 'Tingkat C'),
(124, 'Staf Bappeda Kab. Brebes', 'Non Eselon', 'Tingkat C'),
(125, 'Staf Kantor LH Kab. Brebes', 'Non Eselon', 'Tingkat C'),
(126, 'Koordinator Program Kec. Bumiayu, Dinas Pertanian, TPH Kab. Brebes', 'IV/b', 'Tingkat C'),
(127, 'Staf BKD Kabupaten Brebes', 'Non Eselon', 'Tingkat C'),
(128, 'Kasatpol PP Kab. Brebes', 'IV/a', 'Tingkat C'),
(129, 'Staf Disdukcapil Kab. Brebes', 'Non Eselon', 'Tingkat C'),
(130, 'Staf BPBD Kab. Brebes', 'Non Eselon', 'Tingkat C'),
(131, 'Penyuluh Pertanian Muda, Bappeluh Kab. Brebes', 'Non Eselon', 'Tingkat C'),
(132, 'Penyuluh Pertanian Pelaksana, Bappeluh Kab. Brebes', 'Non Eselon', 'Tingkat C'),
(133, 'Staf Dinas Pengairan, ESDM Kab. Brebes', 'Non Eselon', 'Tingkat C'),
(134, 'Staf Dishubkominfo Kab. Brebes', 'Non Eselon', 'Tingkat C'),
(135, 'Staf Dishubkominfo Kab. Brebes', 'Non Eselon', 'Tingkat C'),
(136, 'Staf Dishubkominfo Kab. Brebes', 'Non Eselon', 'Tingkat C'),
(137, 'Staf DPU & TR Kab. Brebes', 'Non Eselon', 'Tingkat C'),
(138, 'Staf Dinsosnakertrans Kab. Brebes', 'Non Eselon', 'Tingkat C'),
(139, 'Staf Dinas Kesehatan Kab. Brebes', 'Non Eselon', 'Tingkat C'),
(140, 'Staf Dinsosnakertrans Kab. Brebes', 'Non Eselon', 'Tingkat C'),
(141, 'Penyuluh Pertanian Pelaksana Lanjutan, Bappeluh Kab. Brebes', 'Non Eselon', 'Tingkat C'),
(142, 'Penyuluh Pertanian Pelaksana Lanjutan, Bappeluh Kab. Brebes', 'Non Eselon', 'Tingkat C'),
(143, 'Kasubag Program dan Pelaporan', 'IV/a', 'Tingkat C'),
(144, 'Staf Dinas Koperasi UMKM Kab. Brebes', 'Non Eselon', 'Tingkat C'),
(145, 'Staf DPPK Kab. Brebes', 'Non Eselon', 'Tingkat C'),
(146, 'Kasubbid Diklat Teknis dan Fungsional BKD Kab. Brebes', 'IV/a', 'Tingkat C'),
(147, '-', '', ''),
(148, 'Staf BKD Kab. Brebes', '', ''),
(149, 'Staf', '', ''),
(150, 'Perawat Madya Puskesmas Brebes', 'Non Eselon', 'Tingkat C'),
(151, 'Staf Puskesmas Brebes', 'Non Eselon', 'Tingkat C'),
(152, 'Staf BKD Kabupaten Brebes', 'Non Eselon', 'Tingkat C'),
(153, 'SOPIR INSPEKTORAT', '', ''),
(154, 'Kasi Pemerintahan dan Pelayananan Umum, Kec. Tonjong', 'IV/a', 'Tingkat C'),
(155, 'Perekam Medis Pelaksana, RSUD Kab. Brebes', 'Non Eselon', 'Tingkat C'),
(156, 'Petugas Rekamedis Puskesmas Tanjung', 'Non Eselon', 'Tingkat C'),
(157, 'Penyuluh Kehutanan Pelaksanan Lanjutan, Dinas Kehutanan dan Perkebunan Kab. Brebes', 'Non Eselon', 'Tingkat C'),
(158, 'Staf Bagian Humas dan Protokol Setda Kab. Brebes', 'Non Eselon', 'Tingkat C'),
(159, 'Staf BKD Kabupaten Brebes2', 'Non Eselon', 'Tingkat C'),
(160, 'Staf BKD Kabupaten Brebes2', 'Non Eselon', 'Tingkat C'),
(161, 'Staf BKD Kabupaten Brebes2', 'Non Eselon', 'Tingkat C'),
(162, 'Staf BKD Kabupaten Brebes', 'Non Eselon', 'Tingkat C'),
(163, 'Staf BKD Kabupaten Brebes', 'Non Eselon', 'Tingkat C'),
(164, 'Staf BKD Kabupaten Brebes', 'Non Eselon', 'Tingkat C'),
(165, 'Staf BKD Kabupaten Brebes', 'Non Eselon', 'Tingkat C'),
(166, 'Staf BKD Kabupaten Brebes', 'Non Eselon', 'Tingkat C'),
(167, 'Staf BKD Kabupaten Brebes2', 'Non Eselon', 'Tingkat C'),
(168, 'Staf BKD Kabupaten Brebes', 'Non Eselon', 'Tingkat C'),
(169, 'Staf BKD Kabupaten Brebes2', 'Non Eselon', 'Tingkat C'),
(170, 'Staf BKD Kabupaten Brebes', 'Non Eselon', 'Tingkat C'),
(171, 'Staf BKD Kabupaten Brebes', 'Non Eselon', 'Tingkat C'),
(172, 'Staf BKD Kabupaten Brebes', 'Non Eselon', 'Tingkat C'),
(173, 'B', 'Non Eselon', 'Tingkat C'),
(174, 'B', 'Non Eselon', 'Tingkat C'),
(175, 'a', 'Non Eselon', 'Tingkat C'),
(176, 'Staf BKD Kabupaten Brebes', 'Non Eselon', 'Tingkat C'),
(177, 'staf', 'Non Eselon', 'Tingkat C'),
(178, 'Staf BKD Kabupaten Brebes', 'Non Eselon', 'Tingkat C'),
(179, 'Staf BKD Kabupaten Brebes', 'Non Eselon', 'Tingkat C'),
(180, 'A', 'Non Eselon', 'Tingkat C'),
(181, 'Kepala BLUD UPTD Puskesmas Tanjung', 'IV/a', 'Tingkat C'),
(182, 'Kasubag Pemerintahan Umum, Bagian Tapem Setda Kabupaten Brebes', 'IV/a', 'Tingkat C'),
(183, 'Kepala BLUD UPTD Puskesmas Tanjung', 'IV/a', 'Tingkat C'),
(184, 'Staf Kantor KPPT Kabupaten Brebes', 'Non Eselon', 'Tingkat C'),
(185, 'Staf BKD Kabupaten Brebes', 'Non Eselon', 'Tingkat C'),
(186, 'Rekam Medis Pelaksana, Puskesmas Kluwut Kec. Bulakamba', 'Non Eselon', 'Tingkat C'),
(187, 'Staf Dinas Kesehatan Kab. Brebes', 'Non Eselon', 'Tingkat C'),
(188, 'Kasi Kewaspadaan Nasional, Kantor Kesbangpol Kab. Brebes', 'IV/b', 'Tingkat C'),
(189, 'Sekdes Sisalam, Kec. Wanasari', 'Non Eselon', 'Tingkat C'),
(190, 'Sekdes Wanasari, Kec. Wanasari', 'Non Eselon', 'Tingkat C'),
(191, 'Sekdes Glonggong, Kec. Wanasari', 'Non Eselon', 'Tingkat C'),
(192, 'Sekdes Kebogadung, Kec. Jatibarang', 'Non Eselon', 'Tingkat C'),
(193, 'Sekdes Klampis, Kec. Jatibarang', 'Non Eselon', 'Tingkat C'),
(194, 'Sekdes Tengguli, Kec. Tanjung', 'Non Eselon', 'Tingkat C'),
(195, 'Sekdes Sengon, Kec. Tanjung', 'Non Eselon', 'Tingkat C'),
(196, 'Sekdes Kalimati, Kec. Brebes', 'Non Eselon', 'Tingkat C'),
(197, 'Sekdes Wangandalem, Kec. Brebes', 'Non Eselon', 'Tingkat C'),
(198, 'Kasubag. Protokol, Bag. Humas dan Protokol Setda Kab. Brebes', 'IV/a', 'Tingkat C'),
(199, 'Petugas RPH Ketanggungan, Dinas Peternakan Kab. Brebes', 'Non Eselon', 'Tingkat C'),
(200, 'Staf Bagian Hukum Setda Kab. Brebes', 'Non Eselon', 'Tingkat C'),
(201, 'Kasi Penempatan, Dinsosnakertrans Kab. Brebes', 'IV/a', 'Tingkat C'),
(202, 'Sekretaris Dewan', 'IV/b', 'Tingkat B'),
(203, 'Sekretaris Dewan', 'IV/b', 'Tingkat B'),
(204, 'Pengawas SMK, Dinas Pendidikan Kab. Brebes', 'IV/a', 'Tingkat C'),
(205, 'Pengawas SMA, Dinas Pendidikan Kab. Brebes', 'IV/a', 'Tingkat C'),
(206, 'Pengawas SMA, Dinas Pendidikan Kab. Brebes', 'II/a', 'Tingkat B'),
(207, 'Pengawas SMA, Dinas Pendidikan Kab. Brebes', 'IV/a', 'Tingkat C'),
(208, 'Staf Dinas Pertanian, TPH Kab. Brebes', 'Non Eselon', 'Tingkat C'),
(209, 'Staf Bag. Perlengkapan dan Aset Daerah, Setda Kab. Brebes', 'Non Eselon', 'Tingkat C'),
(210, 'Staf Rehabsos, Dinsosnakertrans Kab. Brebes', 'Non Eselon', 'Tingkat C'),
(211, 'Staf BKD Kabupaten Brebes', 'Non Eselon', 'Tingkat C'),
(212, 'Staf BKD Kabupaten Brebes', 'Non Eselon', 'Tingkat C'),
(213, 'Kasi Fasilitasi Pembiayaan, Dinas Koperasi, UMKM Kab. Brebes', 'IV/a', 'Tingkat C'),
(214, 'Kasubbid Inf. dan Pelayanan Adm. Pegawai BKD Kab. Brebes', 'IV/a', 'Tingkat C'),
(215, 'Kepala Pasar Khasburas Brebes, Disperindag Kab. Brebes', 'Non Eselon', 'Tingkat C'),
(216, 'Kasie Kelahiran dan Kematian, Disdukcapil Kab. Brebes', 'IV/a', 'Tingkat C'),
(217, 'Staf Dinas Kesehatan Kab. Brebes', 'Non Eselon', 'Tingkat C'),
(218, 'Staf Dinas Keshatan Kab. Brebes', 'Non Eselon', 'Tingkat C'),
(219, 'Supir BKD Kab. Brebes', 'Non Eselon', 'Tingkat C'),
(220, 'Staf BKD Kab. Brebes', 'Non Eselon', 'Tingkat C'),
(221, 'Staf BKD Kabupaten Brebes', '', ''),
(222, 'Sekretaris Desa Pemaron, Kec. Brebes', 'Non Eselon', 'Tingkat C'),
(223, 'Staf BKD Kabupaten Brebes', 'Non Eselon', 'Tingkat C'),
(224, 'Sekdes Kebogadung, Kec. Jatibarang', 'Non Eselon', 'Tingkat C'),
(225, 'Sekdes Bantarkawung, Kec. Bantarkawung', 'Non Eselon', 'Tingkat C'),
(226, 'Sekdes Kubangwung, Kec. Bantarkawung', 'Non Eselon', 'Tingkat C'),
(227, 'Sekdes Krasak, Kec. Brebes', 'Non Eselon', 'Tingkat C'),
(228, 'Sekdes Pulosari, Kec. Brebes', 'Non Eselon', 'Tingkat C'),
(229, 'Kasubid PUG, BKBPP Kab. Brebes', 'IV/a', 'Tingkat C'),
(230, 'Kasi Keaksaraan dan Kesetaraan, Dinas Pendidikan Kab. Brebes', 'IV/a', 'Tingkat C'),
(231, 'Staf BKD Kabupaten Brebes', 'Non Eselon', 'Tingkat C'),
(232, 'Staf', 'Non Eselon', 'Tingkat C'),
(233, 'Staf BKD Kabupaten Brebes', 'Non Eselon', 'Tingkat C'),
(234, 'Staf BKD Kabupaten Brebes', 'Non Eselon', 'Tingkat C'),
(235, 'Kasubag Penyusunan Produk Hukum Setda Kab. Brebes', 'IV/a', 'Tingkat C'),
(236, 'Kasubag Penyusunan Produk Hukum', 'IV/a', 'Tingkat C'),
(237, 'Sopir Sekretariat Daerah Kabupaten Brebes', 'Non Eselon', 'Tingkat C'),
(238, 'Sopir Inspektorat Kabupaten Brebes', 'Non Eselon', 'Tingkat C'),
(239, 'Kasubag Penyusunan Produk Hukum, Bagian Hukum Setda Kab. Brebes', 'IV/a', 'Tingkat C'),
(240, 'SOPIR', 'Non Eselon', 'Tingkat C'),
(241, 'STAF BADAN KEPEGAWAIAN DAERAH', 'Non Eselon', 'Tingkat C'),
(242, 'Staf Bag. Organisasi Setda Kab. Brebes', 'Non Eselon', 'Tingkat C'),
(243, 'Penyuluh Pertanian Pertama, Bapelluh Kab. Brebes', 'Non Eselon', 'Tingkat C'),
(244, 'Kasubag. Perbendaharaan, Sekretariat DPRD Kab. Brebes', 'IV/a', 'Tingkat C'),
(245, 'Sanitarian Penyelia, Puskesmas Salem, Kec. Salem', 'IV/a', 'Tingkat C'),
(246, 'Sanitarian Muda, Dinas Kesehatan Kab. Brebes', 'Non Eselon', 'Tingkat C'),
(247, 'Staf Bappeda Kab. Brebes', 'Non Eselon', 'Tingkat C'),
(248, 'Staf BPMDK Kab. Brebes', 'Non Eselon', 'Tingkat C'),
(249, 'Staf BPMDK Kab. Brebes', 'Non Eselon', 'Tingkat C'),
(250, 'Bidan Penyelia, Puskesmas Bantarkawung', 'Non Eselon', 'Tingkat C'),
(251, 'Bidan Pelaksana Lanjutan, Puskesmas Bulakamba', 'Non Eselon', 'Tingkat C'),
(252, 'Supir BKD Kabupaten Brebes', 'Non Eselon', 'Tingkat C'),
(253, 'Supir BKD Kabupaten Brebes', 'Non Eselon', 'Tingkat C'),
(254, 'Kasubbid Perlindungan Perempuan, BKBPP Kab. Brebes', 'IV/b', 'Tingkat C'),
(255, 'Staf Kantor Satpol PP Kab. Brebes', 'Non Eselon', 'Tingkat C'),
(256, 'Kasubbid Pemberdayaan dan Pengembengan Sosial, BPMDK Kab. Brebes', 'IV/b', 'Tingkat C'),
(257, 'Kasubbid Mutasi dan Pensiun BKD Kab. Brebes', 'IV/a', 'Tingkat C'),
(258, 'Kasubbid Mutasi dan Pensiun BKD Kab. Brebes', 'IV/a', 'Tingkat C'),
(259, 'Staf BKD Kabupaten Brebes', 'Non Eselon', 'Tingkat C'),
(260, 'Penyuluh Perikanan Madya, Dinas Kelautandan Perikanan Kab. Brebes', 'Non Eselon', 'Tingkat C'),
(261, 'Staf DPPK Kab. Brebes', 'Non Eselon', 'Tingkat C'),
(262, 'Pengawas Sekolah Madya, Dinas Pendidikan Kab. Brebes', 'IV/b', 'Tingkat C'),
(263, 'Staf UPTD DPU & TR Kab. Brebes Wilayah Brebes', 'Non Eselon', 'Tingkat C'),
(264, 'Staf UPTD DPU & TR Kab. Brebes Wilayah Brebes', 'Non Eselon', 'Tingkat C'),
(265, 'Staf UPTD DPU & TR Kab. Brebes Wilayah Brebes', 'Non Eselon', 'Tingkat C'),
(266, 'Staf UPTD DPU & TR Kab. Brebes Wilayah Brebes', 'Non Eselon', 'Tingkat C'),
(267, 'Staf UPTD DPU Kab. Brebes Wilayah Brebes', 'Non Eselon', 'Tingkat C'),
(268, 'Pengawas Sekolah Madya, Dinas Pendidikan Kab, Brebes', 'Non Eselon', 'Tingkat C'),
(269, 'KABID FORMASI DAN PENGEMBANGAN PEGAWAI', 'III/b', 'Tingkat C'),
(270, 'Kepala Kantor Kesbang Pol Kab Kab. Brebes', 'II/a', 'Tingkat B'),
(271, 'Kasi Kesatuan Bangsa, Kantor Kesbangpol Kab. Brebes', 'IV/a', 'Tingkat C'),
(272, 'Penyuluh Perikanan Madya, Dinas Kel dan Perik Kab. Brebes', 'Non Eselon', 'Tingkat C'),
(273, 'Penyuluh Perikanan Muda, Dinas Kek dan Perik Kab. Brebes', 'Non Eselon', 'Tingkat C'),
(274, 'Kasi Pengolahan Data dan Pemeriksaan, KPPT Kab. Brebes', 'IV/a', 'Tingkat C'),
(275, 'Kepala Desa Kertabesuki Kecamatan Wanasari Kabupaten Brebes', 'Non Eselon', 'Tingkat C'),
(276, 'Kepala Desa Banjar Lor Kecamatan Banjarharjo Kabupaten Brebes', 'Non Eselon', 'Tingkat C'),
(277, 'Kepala Desa Bulakamba Kecamatan Bulakamba Kabupaten Brebes', 'Non Eselon', 'Tingkat C'),
(278, 'Pengawas Sekolah Madya/Dikmen, Dinas Pendidikan Kab. Brebes', 'IV/a', 'Tingkat C'),
(279, 'Staf KPPT Kab. Brebes', 'Non Eselon', 'Tingkat C'),
(280, 'Staf BKD Kabupaten Brebes', 'Non Eselon', 'Tingkat C'),
(281, 'Kasubbag Administrasi dan Umum, Inspektorat Kab. Brebes', 'IV/b', 'Tingkat C'),
(282, 'Staf Administrasi, Inspektorat Kab. Brebes', 'Non Eselon', 'Tingkat C'),
(283, 'Kepala Desa Langkap Kec. Bumiayu Kab. Brebes', 'Non Eselon', 'Tingkat C'),
(284, 'Kepala Desa Benda Kec. Sirampog Kab. Brebes', 'Non Eselon', 'Tingkat C'),
(285, 'Kepala Desa Cibentang Kec. Bantarkawung Kab. Brebes', 'Non Eselon', 'Tingkat C'),
(286, 'Penyuluh Perindag Pertama, Disperindag Kab. Brebes', 'Non Eselon', 'Tingkat C'),
(287, 'Staf BKD Kabupaten Brebes', 'Non Eselon', 'Tingkat C'),
(288, 'Staf BKD Kabupaten Brebes', 'Non Eselon', 'Tingkat C'),
(289, 'Sekdes Sisalam, Kec. Wanasari', 'Non Eselon', 'Tingkat C'),
(290, 'Sekdes Sisalam, Kec. Wanasari', 'Non Eselon', 'Tingkat C'),
(291, 'Kasi Pemberdayaan Pelestarian Potensi Sumber Kesejahteraan, Dinsosnakertrans Kab. Brebes', 'IV/b', 'Tingkat B'),
(292, 'Kepala BPMDK Kab. Brebes', 'II/b', 'Tingkat C'),
(293, 'Staf DPPK Kab. Brebes', 'Non Eselon', 'Tingkat C'),
(294, 'Staf BKD Kabupaten Brebes', 'Non Eselon', 'Tingkat C'),
(295, 'Kasubag Humas, Bagian Humas dan Protokol Setda Kab. Brebes', 'IV/a', 'Tingkat C'),
(296, 'Supir BPBD Kabupaten Brebes', 'Non Eselon', 'Tingkat C'),
(297, 'Sekcam Bulakamba, Kab. Brebes', 'IV/a', 'Tingkat C'),
(298, 'Staf DPU TR Kab. Brebes', 'Non Eselon', 'Tingkat C'),
(299, 'Staf UPTD DPU TR Wil. Bantarkawung', 'Non Eselon', 'Tingkat C'),
(300, 'Staf UPTD DPU TR Wil. Bantarkawung', 'Non Eselon', 'Tingkat C'),
(301, 'Staf Bappeda Kab. Brebes', 'Non Eselon', 'Tingkat C'),
(302, 'Staf Kantor Satpol PP Kab. Brebes', 'Non Eselon', 'Tingkat C'),
(303, 'Staf Kantor Satpol PP Kab. Brebes', 'Non Eselon', 'Tingkat C'),
(304, 'Perawat Puskesmas Brebes', 'Non Eselon', 'Tingkat B'),
(305, 'Staf', '', ''),
(306, 'staf BKD Kabupaten Brebes', 'Non Eselon', 'Tingkat C'),
(307, 'Sekdes Kertabesuki Kec. Wanasari', 'Non Eselon', 'Tingkat C'),
(308, 'Sekdes Pesantunan Kec. Wanasari', 'Non Eselon', 'Tingkat C'),
(309, 'Sekdes Lengkong Kec. Wanasari', 'Non Eselon', 'Tingkat C'),
(310, 'Camat Wanasari, Kab. Brebes', 'III/a', 'Tingkat C'),
(311, 'Camat Tanjung, Kab. Brebes', 'III/a', 'Tingkat C'),
(312, 'Camat Sirampog, Kab. Brebes', 'III/a', 'Tingkat C'),
(313, 'Sekdes Bulakelor, Kec. Ketanggungan', 'Non Eselon', 'Tingkat C'),
(314, 'Sekdes Ketanggungan', 'Non Eselon', 'Tingkat C'),
(315, 'Sekdes Kubangjati, Kec. Ketanggungan', 'Non Eselon', 'Tingkat C'),
(316, 'Sekdes Sindangjaya, Kec. Ketanggungan', 'Non Eselon', 'Tingkat C'),
(317, 'Sekdes Dukuhwringin Kec. Wanasari', 'Non Eselon', 'Tingkat C'),
(318, 'Sekdes Kalipucang, Kec. Jatibarang', 'Non Eselon', 'Tingkat C'),
(319, 'Sekdes Kedungtukang, Kec. Jatibarang', 'Non Eselon', 'Tingkat C'),
(320, 'Sekdes Kramat, Kec. Jatibarang', 'Non Eselon', 'Tingkat C'),
(321, 'Pemandu Lapangan PPKK', 'Non Eselon', 'Tingkat C'),
(322, 'Kepala KPPT Kab. Brebes', 'III/a', 'Tingkat C'),
(323, 'Staf Dinas Kesehatan Kab. Brebes', 'Non Eselon', 'Tingkat C'),
(324, 'Staf Bag. Organisasi Setda Kab. Brebes', 'Non Eselon', 'Tingkat C'),
(325, 'Petugas Rekam Medis Puskesmas Jatibarang', 'Non Eselon', 'Tingkat C'),
(326, 'Kasubbid Formasi dan Pangangkatan BKD Kab. Brebes', 'IV/a', 'Tingkat C'),
(327, 'Kasubbid Pembinaan Disiplin dan Kesejahteraan Pegawai BKD Kab. Brebes', 'IV/a', 'Tingkat C'),
(328, 'Kasubbag Umum dan Kepegawaian BKD Kab. Brebes', 'IV/a', 'Tingkat C'),
(329, 'Kasubbid Pembinaan Disiplin dan Kesejahteraan Pegawai BKD Kab. Brebes', 'IV/a', 'Tingkat C'),
(330, 'Kasubbid Formasi dan Pangangkatan BKD Kab. Brebes', 'IV/a', 'Tingkat C'),
(331, 'Staf Bag. Hukum Setda Kab. Brebes', 'Non Eselon', 'Tingkat C'),
(332, 'Staf BKD Kabupaten Brebes', 'Non Eselon', 'Tingkat C'),
(333, 'Staf BKD Kabupaten Brebes', 'Non Eselon', 'Tingkat C'),
(334, 'Staf BKD Kabupaten Brebes', 'Non Eselon', 'Tingkat C'),
(335, 'Staf BKD Kabupaten Brebes', 'Non Eselon', 'Tingkat C'),
(336, 'Staf BKD Kabupaten Brebes', 'Non Eselon', 'Tingkat C'),
(337, 'Staf BKD Kabupaten Brebes', 'Non Eselon', 'Tingkat C'),
(338, 'Staf Dinas Kesehatan Kab. Brebes', 'Non Eselon', 'Tingkat C'),
(339, 'Staf UPTD, DPU & TR Kab. Brebes Wilayah Tanjung', 'Non Eselon', 'Tingkat C'),
(340, 'Staf KPPT Kab. Brebes', 'Non Eselon', 'Tingkat C'),
(341, 'Staf Dinas Kesehatan Kab. Brebes', 'Non Eselon', 'Tingkat C'),
(342, 'Staf DPU & TR Kab. Brebes', 'Non Eselon', 'Tingkat C'),
(343, 'Kasubbag Program dan Pelaporan BPBD Kab. Brebes', 'IV/a', 'Tingkat C'),
(344, 'Penyuluh Pertanian Penyelia, Bappeluh Kab. Brebes', 'Non Eselon', 'Tingkat C'),
(345, 'Penyuluh Pertanian Penyelia, Bappeluh Kab. Brebes', 'Non Eselon', 'Tingkat C'),
(346, 'Penyluh Pertanian Penyelia, Bappeluh Kab. Brebes', 'Non Eselon', 'Tingkat C'),
(347, 'Staf Bappeda Kab. Brebes', 'Non Eselon', 'Tingkat C'),
(348, 'Calon Penyuluh Perindag, Disperindag Kab. Brebes', 'Non Eselon', 'Tingkat C'),
(349, 'Bendahara Pengeluaran Setda Kab. Brebes', 'Non Eselon', 'Tingkat C'),
(350, 'Kasubid Mutasi dan Pensiun', 'IV/a', 'Tingkat C'),
(351, 'Kasubbid Mutasi dan Pensiun BKD Kab. Brebes', 'IV/a', 'Tingkat C'),
(352, 'Kasubbid Mutasi dan Pensiun BKD Kab. Brebes', 'IV/a', 'Tingkat C'),
(353, 'Kasubag Keuangan dan Kekayaan Desa, Bag. Pemdes Setda Kab. Brebes', 'IV/a', 'Tingkat C'),
(354, 'Kasubag Administrasi Pemb. Daerah, Bag. Pembangunan Setda Kab. Brebes', 'IV/a', 'Tingkat C'),
(355, 'Auditor Pelaksana Lanjutan Inspektorat Kab. Brebes', 'Non Eselon', 'Tingkat C'),
(356, 'Sopir Sekretariat Daerah Kab. Brebes', 'Non Eselon', 'Tingkat C'),
(357, 'Sopir Inspektorat Kabupaten Brebes', 'Non Eselon', 'Tingkat C'),
(358, 'Staf Bag. Perlengkapan dan Aset Daerah Setda Kab. Brebes', 'Non Eselon', 'Tingkat C'),
(359, 'Staf Bag. Perlengkapan dan Aset Daerah Setda Kab. Brebes', 'Non Eselon', 'Tingkat C'),
(360, 'Staf Bag. Perlengkapan dan Aset Daerah Setda kab. Brebes', 'Non Eselon', 'Tingkat C'),
(361, 'Staf Dinas Kesehatan Kab. Brebes', 'Non Eselon', 'Tingkat C'),
(362, 'Pelaksana Gizi RSUD Kab. Brebes', 'Non Eselon', 'Tingkat C'),
(363, 'Penyuluh Perikanan, Dinas Kelautan dan Perikanan Kab. Brebes', 'Non Eselon', 'Tingkat C'),
(364, 'STRATEGIS', 'Non Eselon', 'Tingkat B'),
(365, 'STAF', 'Non Eselon', 'Tingkat C'),
(366, 'Sanitarian Pertama, Dinas Kesehatan Kab. Brebes', 'Non Eselon', 'Tingkat C'),
(367, 'PKM Muda, Dinas Kesehatan Kab. Brebes', 'Non Eselon', 'Tingkat C'),
(368, 'PKM Muda, Dinas Kesehatan Kab. Brebes', 'Non Eselon', 'Tingkat C'),
(369, 'Kasi Usaha dan Pengemb. Pariwisata, Dinas Pariwisata Kab. Brebes', 'IV/b', 'Tingkat C'),
(370, 'Petugas Promkes Puskesmas Buaran', 'Non Eselon', 'Tingkat C'),
(371, 'Staf Dishubkominfo Kab. Brebes', 'Non Eselon', 'Tingkat C'),
(372, 'Kabag. Perlengkapan dan Aset Daerah Setda Kab. Brebes', 'III/b', 'Tingkat C'),
(373, 'Peny. Pertanian Pelaksana Lanjutan, Bappeluh Kab. Brebes', 'Non Eselon', 'Tingkat C'),
(374, 'Peny. Pertanian Pelaksana lanjutan, Bappeluh Kab. Brebes', 'Non Eselon', 'Tingkat C'),
(375, 'Sanitarian Pertama, Dinas Kesehatan Kab. Brebes', 'Non Eselon', 'Tingkat C'),
(376, 'Sanitarian Pertama, Puskesmas Ketanggungan', 'Non Eselon', 'Tingkat C'),
(377, 'Sanitarian Pelaksana Lanjutan, Puskesmas Tanjung', 'Non Eselon', 'Tingkat C'),
(378, 'Sanitarian Pertama, Puskesmas Klikiran', 'Non Eselon', 'Tingkat C'),
(379, 'Sanitarian Pertama, Puskesmas Bojongsari', 'Non Eselon', 'Tingkat C'),
(380, 'Staf', 'Non Eselon', 'Tingkat C'),
(381, 'Staf Bagian Perekonomian Setda Kab. Brebes', 'Non Eselon', 'Tingkat C'),
(382, 'Pengawas SMA, Dinas Pendidikan Kab. Brebes', 'Non Eselon', 'Tingkat C'),
(383, 'Staf Inspektorat', 'Non Eselon', 'Tingkat C'),
(384, 'Sekretaris Daerah Kabupaten Brebes', 'II/b', 'Tingkat C'),
(385, 'Staf Bagian Hukum Setda Kab. Brebes', 'Non Eselon', 'Tingkat C'),
(386, 'Pengawas SMA, Dinas Pendidikan Kab. Brebes', 'Non Eselon', 'Tingkat C'),
(387, 'Staf Kantor Dta, Kearsipandan dan Perpustakaan Kab. Brebes', 'Non Eselon', 'Tingkat C'),
(388, 'Staf Kantor Data, Kearsipan dan  Perpustakaan Kab. Brebes', 'Non Eselon', 'Tingkat C'),
(389, 'Staf Kantor Data, Kearsipan dan  Perpustakaan Kab. Brebes', 'Non Eselon', 'Tingkat C'),
(390, 'Kasi Angkutan Bid Perhubungan Laut, Dishubkominfo Kab. Brebes', 'IV/b', 'Tingkat C'),
(391, 'Staf Dinas Kesehatan Kab. Brebes', 'Non Eselon', 'Tingkat C'),
(392, 'Staf Dinas Kesehatan Kab. Brebes', 'Non Eselon', 'Tingkat C'),
(393, 'Inspektorat Kabupaten Brebes', 'II/b', 'Tingkat C'),
(394, 'Staf Bagian Hukum Setda Kab. Brebes', 'Non Eselon', 'Tingkat C'),
(395, 'Staf Bappeda Kab. Brebes', 'Non Eselon', 'Tingkat C'),
(396, 'Staf', 'Non Eselon', 'Tingkat C'),
(397, 'Staf Bappeda Kab. Brebes', 'Non Eselon', 'Tingkat C'),
(398, 'Kasi Penyebaran dan Pengembangan Peternakan, Dinas Peternakan Kab. Brebes', 'IV/a', 'Tingkat C'),
(399, 'Auditor Muda, Inspektorat Kab. Brebes', 'Non Eselon', 'Tingkat C'),
(400, 'Staf KDKP Kab. Brebes', 'Non Eselon', 'Tingkat C'),
(401, 'Staf BKD Kabupaten Brebes', 'Non Eselon', 'Tingkat C'),
(402, 'Auditor Muda, Inspektorat Kab. Brebes', 'Non Eselon', 'Tingkat C'),
(403, 'Auditor Madya, Inspektorat Kab. Brebes', 'Non Eselon', 'Tingkat C'),
(404, 'Staf', 'Non Eselon', 'Tingkat C'),
(405, 'Staf BKD Kab. Brebes', 'Non Eselon', 'Tingkat C'),
(406, 'Staf', 'Non Eselon', 'Tingkat C'),
(407, 'staf', 'Non Eselon', 'Tingkat C'),
(408, 'Staf BKD Kabupaten Brebes', 'Non Eselon', 'Tingkat C'),
(409, '', 'Staf BK dan PSDMD Kabupaten Brebes', 'Tingkat C');

-- --------------------------------------------------------

--
-- Struktur dari tabel `tb_kantor`
--

CREATE TABLE `tb_kantor` (
  `nokantor` int(4) NOT NULL,
  `nmkantor` varchar(255) NOT NULL,
  `alamat` varchar(255) NOT NULL,
  `kodepos` varchar(255) NOT NULL
) ENGINE=MyISAM DEFAULT CHARSET=latin1;

--
-- Dumping data untuk tabel `tb_kantor`
--

INSERT INTO `tb_kantor` (`nokantor`, `nmkantor`, `alamat`, `kodepos`) VALUES
(14, 'DINAS PENDIDIKAN, PEMUDA DAN OLAHRAGA', 'Jalan Jendral Sudirman Nomor 187 Telephone ( 0283 ) 671157', 'Brebes - 52212');

-- --------------------------------------------------------

--
-- Struktur dari tabel `tb_kendaraan`
--

CREATE TABLE `tb_kendaraan` (
  `tgl_berangkat` date DEFAULT NULL,
  `tgl_kembali` date DEFAULT NULL,
  `tahun` varchar(255) DEFAULT NULL
) ENGINE=InnoDB DEFAULT CHARSET=utf8;

-- --------------------------------------------------------

--
-- Struktur dari tabel `tb_kepada`
--

CREATE TABLE `tb_kepada` (
  `kd_kepada` varchar(255) NOT NULL,
  `kepada` varchar(255) DEFAULT NULL
) ENGINE=InnoDB DEFAULT CHARSET=utf8;

--
-- Dumping data untuk tabel `tb_kepada`
--

INSERT INTO `tb_kepada` (`kd_kepada`, `kepada`) VALUES
('1', 'SEKRETARIAT'),
('2', 'BIDANG PEMBINAAN PENDIDIKAN DASAR'),
('3', 'BIDANG PEMBINAAN KETENAGAAN'),
('4', 'BIDANG PEMBINAAN PAUD PNF'),
('5', 'BIDANG PEMBINAAN PEMUDA DAN OLAHRAGA');

-- --------------------------------------------------------

--
-- Struktur dari tabel `tb_kepala`
--

CREATE TABLE `tb_kepala` (
  `nip` char(21) DEFAULT NULL,
  `namakepala` varchar(255) DEFAULT NULL
) ENGINE=InnoDB DEFAULT CHARSET=utf8;

--
-- Dumping data untuk tabel `tb_kepala`
--

INSERT INTO `tb_kepala` (`nip`, `namakepala`) VALUES
('19580104 198603 2 002', 'Dra. LUTFIYATUL LATIFAH');

-- --------------------------------------------------------

--
-- Struktur dari tabel `tb_ket`
--

CREATE TABLE `tb_ket` (
  `kd` char(1) DEFAULT NULL,
  `ket` char(20) DEFAULT NULL
) ENGINE=InnoDB DEFAULT CHARSET=latin1;

--
-- Dumping data untuk tabel `tb_ket`
--

INSERT INTO `tb_ket` (`kd`, `ket`) VALUES
('1', 'Dalam Daerah'),
('2', 'Luar Daerah');

-- --------------------------------------------------------

--
-- Struktur dari tabel `tb_klasifikasi`
--

CREATE TABLE `tb_klasifikasi` (
  `kode` varchar(255) DEFAULT NULL,
  `klasifikasi` varchar(255) DEFAULT NULL
) ENGINE=InnoDB DEFAULT CHARSET=utf8;

--
-- Dumping data untuk tabel `tb_klasifikasi`
--

INSERT INTO `tb_klasifikasi` (`kode`, `klasifikasi`) VALUES
('0', 'UMUM'),
('1', 'PEMERINTAHAN'),
('2', 'POLITIK'),
('3', 'KEAMANAN / KETERTIBAN'),
('4', 'KESEJAHTERAAN'),
('5', 'PEREKONOMIAN'),
('6', 'PEKERJAAN UMUM DAN KETENAGAAN'),
('7', 'PENGAWASAN'),
('8', 'KEPEGAWAIAN'),
('9', 'KEUANGAN');

-- --------------------------------------------------------

--
-- Struktur dari tabel `tb_lembur`
--

CREATE TABLE `tb_lembur` (
  `nomor` int(11) NOT NULL,
  `tahun` char(4) DEFAULT NULL,
  `nip` varchar(50) DEFAULT NULL,
  `nama` varchar(50) DEFAULT NULL,
  `tgl_berangkat` date DEFAULT NULL,
  `keterangan` varchar(255) DEFAULT NULL,
  `kepada` varchar(255) DEFAULT NULL,
  `gol` char(10) DEFAULT NULL
) ENGINE=InnoDB DEFAULT CHARSET=utf8;

-- --------------------------------------------------------

--
-- Struktur dari tabel `tb_lokasi`
--

CREATE TABLE `tb_lokasi` (
  `nourut` int(11) NOT NULL,
  `kd_lokasi` varchar(255) DEFAULT NULL,
  `lokasi` varchar(255) DEFAULT NULL
) ENGINE=InnoDB DEFAULT CHARSET=utf8;

--
-- Dumping data untuk tabel `tb_lokasi`
--

INSERT INTO `tb_lokasi` (`nourut`, `kd_lokasi`, `lokasi`) VALUES
(2973, 'A001', 'Kecamatan Paguyangan'),
(2975, 'A002', 'Hotel Pandanaran Semarang'),
(2976, 'A003', 'Kantor Walikota Tegal'),
(2977, 'A004', 'Learning Management System (LMS) '),
(2978, 'A005', 'Disporapar Provinsi Jawa Tengah Jl. Mangunsarkoro -Semarang'),
(2979, 'A006', '1. Hotel Moro Seneng Baturaden, 2. Lapangan Tenis GOR Satria\r\nPurwokerto');

-- --------------------------------------------------------

--
-- Struktur dari tabel `tb_nopol`
--

CREATE TABLE `tb_nopol` (
  `kd_nopol` int(4) NOT NULL,
  `kendaraan` varchar(255) DEFAULT NULL,
  `aktif` char(10) NOT NULL
) ENGINE=InnoDB DEFAULT CHARSET=utf8;

--
-- Dumping data untuk tabel `tb_nopol`
--

INSERT INTO `tb_nopol` (`kd_nopol`, `kendaraan`, `aktif`) VALUES
(54, 'G 30 G', 'Aktif'),
(55, 'Umum', 'Aktif'),
(56, 'G 35 G', 'Aktif'),
(57, 'G 1121 XG', 'Aktif');

-- --------------------------------------------------------

--
-- Struktur dari tabel `tb_pengikut`
--

CREATE TABLE `tb_pengikut` (
  `no_agenda` varchar(255) DEFAULT NULL,
  `nip` varchar(255) DEFAULT NULL,
  `tahun` varchar(255) DEFAULT NULL,
  `nama` varchar(255) DEFAULT NULL,
  `tgl_berangkat` date DEFAULT NULL,
  `tgl_kembali` date DEFAULT NULL,
  `nomor` int(255) NOT NULL,
  `gol` char(5) DEFAULT NULL,
  `pangkat` varchar(255) DEFAULT NULL,
  `jabatan` varchar(255) DEFAULT NULL,
  `eselon` varchar(255) DEFAULT NULL,
  `tingkat` varchar(255) DEFAULT NULL,
  `kd` char(1) DEFAULT NULL
) ENGINE=InnoDB DEFAULT CHARSET=utf8;

--
-- Dumping data untuk tabel `tb_pengikut`
--

INSERT INTO `tb_pengikut` (`no_agenda`, `nip`, `tahun`, `nama`, `tgl_berangkat`, `tgl_kembali`, `nomor`, `gol`, `pangkat`, `jabatan`, `eselon`, `tingkat`, `kd`) VALUES
('0033', '112', '2021', 'SUBKHI', '2021-02-19', '0000-00-00', 43, '-', '-', '', '', '', ''),
('0032', '198502182009041001', '2021', 'DANI NUR SETIYAWAN, SE, M.Akun', '2021-02-19', '0000-00-00', 44, 'III/c', 'Penata', '', '', '', ''),
('0032', '197804022014091003', '2021', 'KUSRIYANTO, S.Pd', '2021-02-19', '0000-00-00', 45, 'III/b', 'Penata Muda Tk.I', '', '', '', ''),
('0032', '98', '2021', 'WIDO DRIPANA', '2021-02-19', '0000-00-00', 46, '-', '-', '', '', '', ''),
('0031', '19631023 200701 1 008', '2021', 'SUTARNO', '2021-02-19', '0000-00-00', 47, 'II/d', 'Pengatur Tk.I', '', '', '', ''),
('0040', '112', '2021', 'SUBKHI', '2021-03-01', '0000-00-00', 152, '-', '-', '', '', '', ''),
('0039', '197708092009011006', '2021', 'NUR FAOZAN, S.S', '2021-02-27', '0000-00-00', 161, 'III/c', 'Penata', '', '', '', ''),
('0039', '197708092009011006', '2021', 'NUR FAOZAN, S.S', '2021-02-28', '0000-00-00', 162, 'III/c', 'Penata', '', '', '', ''),
('0039', '198110102010011014', '2021', 'DENI SETIAWAN', '2021-02-27', '0000-00-00', 163, 'III/a', 'Penata Muda', '', '', '', ''),
('0039', '198110102010011014', '2021', 'DENI SETIAWAN', '2021-02-28', '0000-00-00', 164, 'III/a', 'Penata Muda', '', '', '', ''),
('0039', '90', '2021', 'IMAN NUROFIQ', '2021-02-27', '0000-00-00', 165, '-', '-', '', '', '', ''),
('0039', '90', '2021', 'IMAN NUROFIQ', '2021-02-28', '0000-00-00', 166, '-', '-', '', '', '', ''),
('0041', '196301011985031036', '2021', 'CAHIR, S.Pd, M.Pd', '2021-03-04', '0000-00-00', 167, 'IV/b', 'Pembina Tk.I', '', '', '', ''),
('0041', '196301011985031036', '2021', 'CAHIR, S.Pd, M.Pd', '2021-03-05', '0000-00-00', 168, 'IV/b', 'Pembina Tk.I', '', '', '', ''),
('0041', '196301011985031036', '2021', 'CAHIR, S.Pd, M.Pd', '2021-03-06', '0000-00-00', 169, 'IV/b', 'Pembina Tk.I', '', '', '', ''),
('0041', '196301011985031036', '2021', 'CAHIR, S.Pd, M.Pd', '2021-03-07', '0000-00-00', 170, 'IV/b', 'Pembina Tk.I', '', '', '', ''),
('0041', '196301011985031036', '2021', 'CAHIR, S.Pd, M.Pd', '2021-03-08', '0000-00-00', 171, 'IV/b', 'Pembina Tk.I', '', '', '', ''),
('0041', '196301011985031036', '2021', 'CAHIR, S.Pd, M.Pd', '2021-03-09', '0000-00-00', 172, 'IV/b', 'Pembina Tk.I', '', '', '', ''),
('0041', '196301011985031036', '2021', 'CAHIR, S.Pd, M.Pd', '2021-03-10', '0000-00-00', 173, 'IV/b', 'Pembina Tk.I', '', '', '', ''),
('0041', '196301011985031036', '2021', 'CAHIR, S.Pd, M.Pd', '2021-03-11', '0000-00-00', 174, 'IV/b', 'Pembina Tk.I', '', '', '', ''),
('0041', '196301011985031036', '2021', 'CAHIR, S.Pd, M.Pd', '2021-03-12', '0000-00-00', 175, 'IV/b', 'Pembina Tk.I', '', '', '', ''),
('0041', '196301011985031036', '2021', 'CAHIR, S.Pd, M.Pd', '2021-03-13', '0000-00-00', 176, 'IV/b', 'Pembina Tk.I', '', '', '', ''),
('0041', '196301011985031036', '2021', 'CAHIR, S.Pd, M.Pd', '2021-03-14', '0000-00-00', 177, 'IV/b', 'Pembina Tk.I', '', '', '', ''),
('0041', '196301011985031036', '2021', 'CAHIR, S.Pd, M.Pd', '2021-03-15', '0000-00-00', 178, 'IV/b', 'Pembina Tk.I', '', '', '', ''),
('0041', '196301011985031036', '2021', 'CAHIR, S.Pd, M.Pd', '2021-03-16', '0000-00-00', 179, 'IV/b', 'Pembina Tk.I', '', '', '', ''),
('0041', '196301011985031036', '2021', 'CAHIR, S.Pd, M.Pd', '2021-03-17', '0000-00-00', 180, 'IV/b', 'Pembina Tk.I', '', '', '', ''),
('0041', '196301011985031036', '2021', 'CAHIR, S.Pd, M.Pd', '2021-03-18', '0000-00-00', 181, 'IV/b', 'Pembina Tk.I', '', '', '', ''),
('0041', '196301011985031036', '2021', 'CAHIR, S.Pd, M.Pd', '2021-03-19', '0000-00-00', 182, 'IV/b', 'Pembina Tk.I', '', '', '', ''),
('0041', '196301011985031036', '2021', 'CAHIR, S.Pd, M.Pd', '2021-03-20', '0000-00-00', 183, 'IV/b', 'Pembina Tk.I', '', '', '', ''),
('0041', '196301011985031036', '2021', 'CAHIR, S.Pd, M.Pd', '2021-03-21', '0000-00-00', 184, 'IV/b', 'Pembina Tk.I', '', '', '', ''),
('0041', '196301011985031036', '2021', 'CAHIR, S.Pd, M.Pd', '2021-03-22', '0000-00-00', 185, 'IV/b', 'Pembina Tk.I', '', '', '', ''),
('0041', '196301011985031036', '2021', 'CAHIR, S.Pd, M.Pd', '2021-03-23', '0000-00-00', 186, 'IV/b', 'Pembina Tk.I', '', '', '', ''),
('0041', '196301011985031036', '2021', 'CAHIR, S.Pd, M.Pd', '2021-03-24', '0000-00-00', 187, 'IV/b', 'Pembina Tk.I', '', '', '', ''),
('0041', '196301011985031036', '2021', 'CAHIR, S.Pd, M.Pd', '2021-03-25', '0000-00-00', 188, 'IV/b', 'Pembina Tk.I', '', '', '', ''),
('0041', '196301011985031036', '2021', 'CAHIR, S.Pd, M.Pd', '2021-03-26', '0000-00-00', 189, 'IV/b', 'Pembina Tk.I', '', '', '', ''),
('0041', '196301011985031036', '2021', 'CAHIR, S.Pd, M.Pd', '2021-03-27', '0000-00-00', 190, 'IV/b', 'Pembina Tk.I', '', '', '', ''),
('0041', '196301011985031036', '2021', 'CAHIR, S.Pd, M.Pd', '2021-03-28', '0000-00-00', 191, 'IV/b', 'Pembina Tk.I', '', '', '', ''),
('0041', '196301011985031036', '2021', 'CAHIR, S.Pd, M.Pd', '2021-03-29', '0000-00-00', 192, 'IV/b', 'Pembina Tk.I', '', '', '', ''),
('0041', '196301011985031036', '2021', 'CAHIR, S.Pd, M.Pd', '2021-03-30', '0000-00-00', 193, 'IV/b', 'Pembina Tk.I', '', '', '', ''),
('0041', '196301011985031036', '2021', 'CAHIR, S.Pd, M.Pd', '2021-03-31', '0000-00-00', 194, 'IV/b', 'Pembina Tk.I', '', '', '', ''),
('0041', '196301011985031036', '2021', 'CAHIR, S.Pd, M.Pd', '2021-04-01', '0000-00-00', 195, 'IV/b', 'Pembina Tk.I', '', '', '', ''),
('0041', '196301011985031036', '2021', 'CAHIR, S.Pd, M.Pd', '2021-04-02', '0000-00-00', 196, 'IV/b', 'Pembina Tk.I', '', '', '', ''),
('0041', '196301011985031036', '2021', 'CAHIR, S.Pd, M.Pd', '2021-04-03', '0000-00-00', 197, 'IV/b', 'Pembina Tk.I', '', '', '', ''),
('0039', '19620327 198412 1 004 ', '2021', 'SAEFUDIN, M.Pd', '2021-02-27', '0000-00-00', 203, 'IV/b', 'Pembina Tk.I', '', '', '', ''),
('0039', '19620327 198412 1 004 ', '2021', 'SAEFUDIN, M.Pd', '2021-02-28', '0000-00-00', 204, 'IV/b', 'Pembina Tk.I', '', '', '', ''),
('0039', '98', '2021', 'WIDO DRIPANA', '2021-02-27', '0000-00-00', 205, '-', '-', '', '', '', ''),
('0039', '98', '2021', 'WIDO DRIPANA', '2021-02-28', '0000-00-00', 206, '-', '-', '', '', '', ''),
('0047', '86', '2021', 'IMAN ARIFUDIN', '2021-03-12', '0000-00-00', 207, '-', '-', '', '', '', ''),
('0045', '196506061994031007', '2021', 'Drs. TAUFIQ, M.Pd', '2021-03-04', '0000-00-00', 210, 'IV/a', 'Pembina', '', '', '', ''),
('0046', '19651105198508101', '2021', 'KHAERUL SALEH, S.Pd', '2021-03-04', '0000-00-00', 211, 'III/d', 'Penata Tk.I', '', '', '', ''),
('0046', '19651105198508101', '2021', 'KHAERUL SALEH, S.Pd', '2021-03-05', '0000-00-00', 212, 'III/d', 'Penata Tk.I', '', '', '', ''),
('0043', '198212052010011015', '2021', 'ADITYA PERDANA, SE, M.Si', '2021-03-04', '0000-00-00', 213, 'III/c', 'Penata', '', '', '', ''),
('0061', '196604072006041007', '2021', 'TASRIPIN, SE', '2021-03-22', '0000-00-00', 218, 'III/c', 'Penata', '', '', '', ''),
('0061', '197907202009012006', '2021', 'SARMINI, SE', '2021-03-15', '0000-00-00', 219, 'III/c', 'Penata', '', '', '', ''),
('0061', '196206071984051001', '2021', 'KUWAT SLAMET, S.Pd', '2021-03-22', '0000-00-00', 227, 'IV/a', 'Pembina', '', '', '', ''),
('0060', '196206071984051001', '2021', 'KUWAT SLAMET, S.Pd', '2021-03-15', '0000-00-00', 228, 'IV/a', 'Pembina', '', '', '', ''),
('0060', '198003242009041001', '2021', 'ABDUL BASIT, SE', '2021-03-15', '0000-00-00', 230, 'III/c', 'Penata', '', '', '', ''),
('0061', '196312021983042004', '2021', 'SITI UMRO ATIN, SE, M,Si', '2021-03-22', '0000-00-00', 234, 'IV/a', 'Pembina', '', '', '', ''),
('0060', '198502182009041001', '2021', 'DANI NUR SETIYAWAN, SE, M.Akun', '2021-03-15', '0000-00-00', 235, 'III/c', 'Penata', '', '', '', ''),
('0062', '197007151994121002', '2021', 'MURTADO, M.Pd', '2021-03-25', '0000-00-00', 236, 'IV/a', 'Pembina', '', '', '', ''),
('0062', '196402191993031005', '2021', 'TRIYADI', '2021-03-25', '0000-00-00', 237, 'III/b', 'Penata Muda Tk.I', '', '', '', ''),
('0063', '196606201988031013', '2021', 'MARGO WALUYO, S.IP', '2021-03-25', '0000-00-00', 238, 'III/c', 'Penata', '', '', '', ''),
('0063', '198511262004121003', '2021', 'HENDRA PRADISTYO B,S.STP,M.Si', '2021-03-25', '0000-00-00', 239, 'III/c', 'Penata', '', '', '', ''),
('0063', '198212052010011015', '2021', 'ADITYA PERDANA, SE, M.Si', '2021-03-25', '0000-00-00', 240, 'III/c', 'Penata', '', '', '', ''),
('0063', '198005042009041002', '2021', 'HERKUSNADI, S.Kom', '2021-03-25', '0000-00-00', 241, 'III/d', 'Penata Tk.I', '', '', '', '');

-- --------------------------------------------------------

--
-- Struktur dari tabel `tb_pengikut_sppd`
--

CREATE TABLE `tb_pengikut_sppd` (
  `no_agenda` varchar(255) DEFAULT NULL,
  `nip` varchar(255) DEFAULT NULL,
  `tahun` varchar(255) DEFAULT NULL,
  `nama` varchar(255) DEFAULT NULL,
  `tgl_berangkat` date DEFAULT NULL,
  `tgl_kembali` date DEFAULT NULL,
  `nomor` int(255) NOT NULL,
  `gol` char(5) DEFAULT NULL,
  `pangkat` varchar(255) DEFAULT NULL,
  `jabatan` varchar(255) DEFAULT NULL,
  `eselon` varchar(255) DEFAULT NULL,
  `tingkat` varchar(255) DEFAULT NULL,
  `kd` char(1) DEFAULT NULL
) ENGINE=InnoDB DEFAULT CHARSET=utf8;

--
-- Dumping data untuk tabel `tb_pengikut_sppd`
--

INSERT INTO `tb_pengikut_sppd` (`no_agenda`, `nip`, `tahun`, `nama`, `tgl_berangkat`, `tgl_kembali`, `nomor`, `gol`, `pangkat`, `jabatan`, `eselon`, `tingkat`, `kd`) VALUES
('0033', '112', '2021', 'SUBKHI', '2021-02-19', '2021-02-19', 31, '-', '-', 'Staf Bidang Pembinaan Pemuda dan Olahraga ', '', '', ''),
('0032', '198502182009041001', '2021', 'DANI NUR SETIYAWAN, SE, M.Akun', '2021-02-19', '2021-02-19', 32, 'III/c', 'Penata', 'Kepala Subbag Pengelolaan Aset', '', '', ''),
('0032', '197804022014091003', '2021', 'KUSRIYANTO, S.Pd', '2021-02-19', '2021-02-19', 33, 'III/b', 'Penata Muda Tk.I', 'Staf Keolahragaan', '', '', ''),
('0032', '98', '2021', 'WIDO DRIPANA', '2021-02-19', '2021-02-19', 34, '-', '-', 'Staf Subag Umum dan Kepegawaian', '', '', ''),
('0031', '19631023 200701 1 008', '2021', 'SUTARNO', '2021-02-19', '2021-02-19', 35, 'II/d', 'Pengatur Tk.I', 'Staff Subbag Umum dan Kepegawaian', '', '', ''),
('0040', '112', '2021', 'SUBKHI', '2021-03-01', '2021-03-01', 45, '-', '-', 'Staf Bidang Pembinaan Pemuda dan Olahraga ', '', '', ''),
('0039', '197708092009011006', '2021', 'NUR FAOZAN, S.S', '2021-02-27', '2021-02-28', 50, 'III/c', 'Penata', 'Kasi Keolahragaan', '', '', ''),
('0039', '198110102010011014', '2021', 'DENI SETIAWAN', '2021-02-27', '2021-02-28', 51, 'III/a', 'Penata Muda', 'Staf Keolahragaan', '', '', ''),
('0039', '90', '2021', 'IMAN NUROFIQ', '2021-02-27', '2021-02-28', 52, '-', '-', 'Staf Bidang Pembinaan Pemuda dan Olahraga', '', '', ''),
('0041', '196301011985031036', '2021', 'CAHIR, S.Pd, M.Pd', '2021-03-04', '2021-04-03', 53, 'IV/b', 'Pembina Tk.I', 'Pengawas Sekolah Madya ', '', '', ''),
('0039', '19620327 198412 1 004 ', '2021', 'SAEFUDIN, M.Pd', '2021-02-27', '2021-02-28', 57, 'IV/b', 'Pembina Tk.I', 'Pengawas Sekolah Madya', '', '', ''),
('0039', '98', '2021', 'WIDO DRIPANA', '2021-02-27', '2021-02-28', 58, '-', '-', 'Staf Subag Umum dan Kepegawaian', '', '', ''),
('0047', '86', '2021', 'IMAN ARIFUDIN', '2021-03-12', '2021-03-12', 59, '-', '-', 'Staf Bidang Pembinaan Pemuda dan Olahraga', '', '', ''),
('0045', '196506061994031007', '2021', 'Drs. TAUFIQ, M.Pd', '2021-03-04', '2021-03-04', 62, 'IV/a', 'Pembina', 'Kepala Seksi Kepemudaan', '', '', ''),
('0046', '19651105198508101', '2021', 'KHAERUL SALEH, S.Pd', '2021-03-04', '2021-03-05', 63, 'III/d', 'Penata Tk.I', 'Penilik Madya', '', '', ''),
('0043', '198212052010011015', '2021', 'ADITYA PERDANA, SE, M.Si', '2021-03-04', '2021-03-04', 64, 'III/c', 'Penata', 'Kepala Seksi Kepemudaan', '', '', ''),
('0061', '196604072006041007', '2021', 'TASRIPIN, SE', '2021-03-22', '2021-03-22', 69, 'III/c', 'Penata', 'Kepala Subbag Umum dan Kepegawaian', '', '', ''),
('0061', '197907202009012006', '2021', 'SARMINI, SE', '2021-03-15', '2021-03-15', 70, 'III/c', 'Penata', 'Staf Kelembagaan Sarana dan Prasarana ', '', '', ''),
('0060', '196206071984051001', '2021', 'KUWAT SLAMET, S.Pd', '2021-03-15', '2021-03-15', 79, 'IV/a', 'Pembina', 'Kepala Seksi PTK PAUD PNF dan Pemuda Olahraga', '', '', ''),
('0060', '198003242009041001', '2021', 'ABDUL BASIT, SE', '2021-03-15', '2021-03-15', 81, 'III/c', 'Penata', 'Staf Subbag Program dan Keuangan', '', '', ''),
('0061', '196312021983042004', '2021', 'SITI UMRO ATIN, SE, M,Si', '2021-03-22', '2021-03-22', 85, 'IV/a', 'Pembina', 'Kepala Bidang Pembinaan Pemuda dan Olahraga', '', '', ''),
('0060', '198502182009041001', '2021', 'DANI NUR SETIYAWAN, SE, M.Akun', '2021-03-15', '2021-03-15', 86, 'III/c', 'Penata', 'Kepala Subbag Pengelolaan Aset', '', '', ''),
('0062', '197007151994121002', '2021', 'MURTADO, M.Pd', '2021-03-25', '2021-03-25', 87, 'IV/a', 'Pembina', 'KEPALA SMPN 2 BREBES', '', '', ''),
('0062', '196402191993031005', '2021', 'TRIYADI', '2021-03-25', '2021-03-25', 88, 'III/b', 'Penata Muda Tk.I', 'Staf Kelembagaan Sarana dan Prasarana', '', '', ''),
('0063', '198005042009041002', '2021', 'HERKUSNADI, S.Kom', '2021-03-25', '2021-03-25', 92, 'III/d', 'Penata Tk.I', 'Guru SMPN 2 Brebes', '', '', '');

-- --------------------------------------------------------

--
-- Struktur dari tabel `tb_skpd`
--

CREATE TABLE `tb_skpd` (
  `kd_lokasi` varchar(255) DEFAULT NULL,
  `lokasi` varchar(255) DEFAULT NULL
) ENGINE=InnoDB DEFAULT CHARSET=utf8;

--
-- Dumping data untuk tabel `tb_skpd`
--

INSERT INTO `tb_skpd` (`kd_lokasi`, `lokasi`) VALUES
('A100', 'Sekretariat DPRD Kab.Brebes'),
('A101', 'Bappeda Prov Jateng'),
('A102', 'Inspektorat Kab.Brebes'),
('A103', 'Badan Pemberdayaan Masyarakat, Desa dan Kelurahan Kab.Brebes'),
('A104', 'Badan Kepegawaian Daerah Kab.Brebes'),
('A105', 'Kantor Data, Kearsipan dan Perpustakaan Kab.Brebes'),
('A106', 'Kantor Pelayanan Perijinan Terpadu Kab.Brebes'),
('A107', 'Kantor Kesatuan Bangsa, Politik dan Linmas Kab.Brebes'),
('A108', 'Kantor Satuan Polisi Pamong Praja Kab.Brebes'),
('A109', 'Kantor Ketahanan Pangan Kab.Brebes'),
('A110', 'Kantor Lingkungan Hidup Kab.Brebes'),
('A111', 'R S U D DOKTER SOESELO SLAWI'),
('A112', 'Sekretariat Badan Narkotika Kabupaten Brebes'),
('A113', 'Dinas Kependudukan dan Pencatatan Sipil Kab.Brebes'),
('A114', 'Dinas Kehutanan dan Perkebunan Kab.Brebes'),
('A115', 'Dinas Pengairan, Energi dan Sumber Daya Mineral Kab.Brebes'),
('A116', 'Dinas Pariwisata, Kebudayaan, Pemuda dan Olahraga Kab.Brebes'),
('A117', 'Dinas Pendapatan, Pengelolaan Keuangan dan Aset Daerah Kab.Brebes'),
('A118', 'Dinas Sosial Kabupaten Brebes'),
('A119', 'Dinas Koperasi, Usaha Mikro, Kecil dan Menengah Kab.Brebes'),
('A120', 'Dinas Perhubungan Kabupaten Brebes'),
('A121', 'Dinas Perindustrian dan Perdagangan Kab.Brebes'),
('A122', 'Kecamatan Brebes'),
('A123', 'Kecamatan Songgom'),
('A124', 'Kecamatan Jatibarang'),
('A125', 'Kecamatan Wanasari'),
('A126', 'Kecamatan Bulakamba'),
('A127', 'Kecamatan Tanjung'),
('A128', 'Kecamatan Losari'),
('A129', 'Kecamatan Ketanggungan'),
('A130', 'Kecamatan Kersana'),
('A131', 'Kecamatan Larangan'),
('A132', 'Kecamatan Banjarharjo'),
('A133', 'Kecamatan Sirampog'),
('A134', 'Kecamatan Tonjong'),
('A135', 'Kecamatan Bumiayu'),
('A136', 'Kecamatan Paguyangan'),
('A137', 'Kecamatan Bantarkawung'),
('A138', 'Kecamatan Salem'),
('A139', 'Badan Keluarga Berencana dan Pemberdayaan Perempuan Kab.Brebes'),
('A140', 'Dinas Peternakan Kab.Brebes'),
('A141', 'Sekretaris Daerah Kabupaten Brebes'),
('A142', 'Polres Brebes'),
('A143', 'Dewan Perwakilan Rakyat Daerah Kab.Brebes'),
('A144', 'Bupati Brebes'),
('A145', 'BKN Yogyakarta'),
('A146', 'BKN Jakarta'),
('A147', 'Dinas Kelautan dan Perikanan Kab.Brebes'),
('A148', 'GUBERNUR JATENG'),
('A149', 'SETDA PROV. JATENG'),
('A150', 'BAPPENAS JAKARTA'),
('A151', 'UNSOED PURWOKERTO'),
('A152', 'Panwaslu Kabupaten Brebes'),
('A153', 'BKD Propinsi Jateng'),
('A154', 'Bupati Magelang'),
('A155', 'BKD Kabupaten Tegal'),
('A156', 'UNIVERSITAS BAKRIE JAKARTA'),
('A157', 'SMP NEGERI 01 KEC. LARANGAN'),
('A158', 'ELIZ FERONI,S.STP'),
('A159', 'BKD Kab. Sumedang'),
('A160', 'Badan Diklat Provinsi Jawa Tengah'),
('A161', 'Universitas Terbuka ( UPBJJ ) Semarang'),
('A162', 'Universitas Terbuka ( UPBJJ ) Purwokerto'),
('A163', 'SMP NEGERI 1 KEC.KERSANA'),
('A164', 'Koordinator Sukwan Kab.Brebes'),
('A165', 'Panitia Hari Jadi Kabupaten Brebes'),
('A166', 'UPTD Pendidikan Kec Brebes'),
('A167', 'UPTD Pendidikan Kec.Wanasari'),
('A168', 'UPTD Pendidikan Kec.Bulakamba'),
('A169', 'UPTD Pendidikan Kec.Tanjung'),
('A170', 'UPTD Pendidikan Kec.Losari'),
('A171', 'UPTD Pendidikan Kec.Kersana'),
('A172', 'UPTD Pendidikan Kec.Banjarharjo'),
('A173', 'UPTD Pendidikan Kec.Ketanggungan'),
('A174', 'UPTD Pendidikan Kec.Larangan'),
('A175', 'UPTD Pendidikan Kec.Songgom'),
('A176', 'UPTD Pendidikan Kec.Jatibarang'),
('A177', 'UPTD Pendidikan Kec.Tonjong'),
('A178', 'UPTD Pendidikan Kec.Bumiayu'),
('A179', 'UPTD Pendidikan Kec.Sirampog'),
('A180', 'UPTD Pendidikan Kec.Bantarkawung'),
('A181', 'UPTD Pendidikan Kec.Salem'),
('A182', 'UPTD Pendidikan Kec.Paguyangan'),
('A183', 'Bagian Humas dan Protokol'),
('A184', 'Bagian Pemerintahan'),
('A185', 'Bagian Hukum'),
('A186', 'Bagian Perekonomian'),
('A187', 'Bagian Umum'),
('A188', 'Bagian Pembangunan'),
('A189', 'Bagian Keuangan'),
('A190', 'Bagian Kesra'),
('A191', 'Bagian Organisasi'),
('A192', 'Assisten I'),
('A193', 'Assisten II'),
('A194', 'Assisten III'),
('A195', 'LPMKP2D Jakarta'),
('A196', 'IKATAN WIDYAISWARA INDONESIA'),
('A197', 'Puskesmas Kacamatan Paguyangan'),
('A198', 'Usmiyati'),
('A199', 'BRI Brebes'),
('A200', 'Kepala Bidang Mutasi BKD Kab Brebes'),
('A201', 'SOFIANA ANI HARTATI, SH'),
('A202', 'Drs. TARSUN, MM'),
('A203', 'Lembaga Gerakan Nasional Orang Tua Asuh'),
('A204', 'Kepada Yth. ASRI VARIASARI, AM.Keb'),
('A205', 'Pejabat Pelaksana Teknis Kegiatan BKD Kab. Brebes'),
('A206', 'Pusat Study Tata Kelola Keuangan dan Pemerintah Daerah bersama Departemen Keuangan RI'),
('A207', 'Universitas Pancasakti Tegal'),
('A208', 'Rochmani, S.ST'),
('A209', 'Pusat Pelatihan Kepegawaian Nasional'),
('A210', 'PT  Jamsostek Cabang Tegal'),
('A211', 'Asisten I, II dan III Sekda Kab. Brebes, Ka Badan/Dinas/Set DPRD/Kantor/Bagian di Ling Pem Kab. Brebes, Camat se Kab. Brebes'),
('A212', 'Peserta Lomba Gerak Jalan Hari Jadi Kabupaten Brebes Ke 332'),
('A213', 'Dewan Pendidikan Kabupaten Brebes'),
('A214', 'KORPRI Kabupaten Brebes'),
('A215', 'Pusat Pelatihan Keuangan dan Pemerintahan'),
('A216', 'SMK Pusponegoro Brebes'),
('A217', 'Dekan Fakultas Ekonomi UPS Tegal'),
('A218', 'Dinas Pendidikan Kab.Brebes'),
('A219', 'KP-RI \"ADHY KARYA\" Kab. Brebes'),
('A220', 'Sekretaris BKD Kabupaten Brebes'),
('A221', 'DPRD Kabupaten brebes'),
('A222', 'PT. ASURANSI JIWA SRAYA CABANG TEGAL'),
('A223', 'RSUP Dr. KARIADI Semarang'),
('A224', 'SMP Negeri 3 Kecamatan Brebes'),
('A234', 'STMIK AMIK YMI Tegal'),
('A225', 'Inspektorat Provinsi Jawa Tengah'),
('A226', 'Badan Diklat Yogyakarta'),
('A227', 'SINERGI Training Center Yogyakarta'),
('A228', 'Yayasan Pendidikan Widya Persada Tegal'),
('A229', 'Sakib Bintara, S.Pd'),
('A230', 'Hotel Ardi Kencana Purwokerto'),
('A231', 'Hotel Nirwana Jl. Dr. Washidin Pekalongan'),
('A235', 'LPM Peka Indonesia'),
('A232', 'Badan Pengawasan Keuangan dan Pembangunan ( BPKP )'),
('A233', 'Surat Perintah Tugas An. SUTANTO Desa Wanareja RT 05 RW 02 Kec. Sirampog'),
('A236', 'Telkom Indonesia'),
('A237', 'Lembaga Ilmu Politik dan Keuangan Daerah Jakarta'),
('A238', 'BALAI DIKLAT INDUSTRI YOGYAKARTA'),
('A239', 'SEKRETARIAT KABINET REPUBLIK INDONESIA'),
('A240', 'PT TASPEN ( PERSERO ) Jl.Letjen Suprapto Cempaka Putih Jakarta'),
('A241', 'Bupati Pemalang'),
('A242', 'Wakil Bupati Brebes'),
('A243', 'Puskesmas Kec,Tonjong'),
('A329', 'Universitas Airlangga'),
('A245', 'Bandiklat Perhubungan Gianyar Bali'),
('A246', 'PUSAT PENDIDIKAN DAN PELATIHAN KEUANGAN INDONESIA JAKARTA'),
('A247', 'Kepala Kantor Regional I BKN Yogyakarta'),
('A248', 'Muhammad Ali Rojali Jl. Tongkeng No. 46 Kelurahan Merdeka Kec. Sumurbandung - Bandung 40113'),
('A249', 'PUSAT PENDIDIKAN DAN PELATIHAN KEUANGAN DAERAH ( P3KD )'),
('A250', 'KPU Kabupaten Brebes'),
('A251', 'HUJJATUL WADIHAH, A.Ma'),
('A252', 'DPPKAD Kab. Brebes'),
('A253', 'DINDUKCAPIL Kabupaten Brebes'),
('A254', 'WORKSHOP Semarang'),
('A255', 'Dinas Pertanian Tanaman Pangan dan Hortikultura Kab.Brebes'),
('A256', 'FAKULTAS FILSAFAT UGM YOGYAKARTA'),
('A257', 'LEMBAGA KETAHANAN NASIONAL REPUBLIK NASIONAL'),
('A258', 'PANGGILAN DINAS III Triyono beserta istri ( Sdr. Puji Ernawati )'),
('A259', 'NINUK SURYANI , SPD'),
('A260', 'Departemen Kelautan dan Perikanan Badan Pengembangan Sumber Daya Manusia Kelautan dan Perikanan'),
('A261', 'USMIYATI Bantarkawung'),
('A262', 'SINTA KOMALA DEWI'),
('A263', 'PANITIA HARI JADI KE - 332 KABUPATEN BREBES'),
('A264', 'SMP NEGERI 1 KEC.LOSARI'),
('A265', 'Ketua IWI Jakarta'),
('A266', 'PT.Asuransi Jiwa Sraya Perwakilan Tegal'),
('A267', 'LIPKI Jakarta'),
('A268', 'EDVINDO Yogyakarta'),
('A244', 'Departemen Pertanian Sekolah Tinggi Penyuluh Pertanian ( STPP ) Magelang'),
('A330', 'MENPAN DAN REFORMASI BIROKRASI'),
('A270', 'Lembaga Pengkajian & Pelatihan Pembangunan Daerah'),
('A271', 'Kepala Dinas Pendidikan Kab. Brebes'),
('A272', 'RSUD Kabupaten Brebes'),
('A273', 'PUSAT PELATIHAN KEPEGAWAIAN NEGARA'),
('A274', 'BAPERTARUM - PNS JAKARTA'),
('A275', 'DINSOSNAKERTRANS Kabupaten Brebes'),
('A276', 'Direktur Bank Jateng Cabang Brebes'),
('A277', 'Komisi Pemberantasan Korupsi'),
('A278', 'Pimpinan Komisi Pemberantasan Korupsi (KPK)RI Cq.Deputi Bidang Pencegahan'),
('A279', 'DINAS PEKERJAAN UMUM DAN TATA RUANG KAB.BREBES'),
('A280', 'TOTO RAHARDJO, SKM Brebes'),
('A281', 'KORPRI DEWAN PENGURUS KABUPATEN TEGAL'),
('A282', 'Universitas Gajah Mada'),
('A283', 'INTITRAIN'),
('A284', 'KEMENTERIAN KELAUTAN DAN PERIKANAN JAKARTA'),
('A285', 'INSTITUT PERTANIAN BOGOR'),
('A286', 'KEMENTERIAN DALAM NEGERI RI'),
('A287', 'Pengurus Karang Taruna Kec.Wanasari'),
('A288', 'Surat Pernyataan Rencama Penempatan CPNS Formasi Umum Tahun.2009'),
('A289', 'HOTEL INA GARUDA YOGYAKARTA'),
('A290', 'Kepala Kantor Cabang PT TASPEN (PERSERO) Pekalongan'),
('B276', 'SLAMET SUGIONO SIRAMPOG'),
('A291', 'UNIT LAYANAN PENGADAAN ( ULP ) UNIVERSITAS DIPONEGORO'),
('A296', 'KUSNO Kecamatan Salem'),
('A292', 'Ketua Badan Pelaksana Penyuluhan Kab.Brebes'),
('A293', 'Kepala desa Pende Kec.Kersana Kab.Brebes'),
('A294', 'Kantor Data, Kearsipan dan Perpustakaan Kab.Brebes'),
('A295', 'Badan Nasional Penanggulangan Bencana Jakarta'),
('A297', 'PGTT Kabupaten Brebes'),
('A298', 'Yayasan PURBAKA Badan Kepegawaian Negara'),
('A299', 'Pusat Pelatihan & Studi Pemerintahan Jakarta'),
('A300', 'KEMENTRIAN PEKERJAAN UMUM JAKARTA'),
('A301', 'SUMARTO'),
('A302', 'DEPARTEMEN KESEHATAN REPUBLIK INDONESIA JAKARTA'),
('A303', 'LSM \" KI JOKO POLENG \"'),
('A304', 'Persatuan Wartawan Indonesia Perwakilan Jateng VII Pokja Kab.Brebes'),
('A305', 'Departemen Perhubungan Dirjen Perhubungan Udara'),
('A306', 'Ketua LSM Agustus Kec.Bulakamba Kab.Brebes'),
('A307', 'KABAN KESBANGPOL DAN LINMAS PROV JATENG'),
('A308', 'BADAN AMIL ZAKAT ( BAZ ) KABUPATEN BREBES'),
('A309', 'BKD KOTA SALATIGA'),
('A310', 'KEMENTERIAN PERHUBUNGAN'),
('A311', 'INSTITUT AGAMA ISLAM \" AL-AQIDAH\" JAKARTA'),
('A312', 'LPP OTDA, Bimbingan Teknis Analisis Jabatan dan Beban Kerja Pemerintah Daerah'),
('A313', 'Kepala SKPD Kabupaten Brebes'),
('A314', 'SMA NEGERI I BUMIAYU'),
('A315', 'DEPARTEMEN KEUANGAN REPUBLIK INDONESIA'),
('A316', 'BUMIPUTERA Kab.Brebes'),
('a317', 'BKD KAB. BANYUMAS'),
('A318', 'Departemen Komunikasi dan Informatika RI'),
('A319', 'Direktur RSU Kardinah Kota Tegal'),
('A320', 'PANITIA LOKAKARYA KEHUMASAN DAN PRAKTISI EKSEKUTIF KAB. BREBES'),
('A321', 'Panitia Pemeriksa barang dan jasa BKD Kab.Brebes'),
('A322', 'PUSAT PENELITIAN LINGKUNGAN HIDUP ( PPLH )'),
('A323', 'IMRON SONAJI, SE'),
('A324', 'ANA DIANA, AMK NIP. 19750616200604017'),
('A325', 'Bupati Brebes, Wakil Bupati Brebes'),
('A326', 'Sdr. Roffi Sulistyani, A.Ma'),
('A327', 'Yeni Susanti Staf BKBPP Kab.Brebes'),
('A331', 'KANTOR PELAYANAN PAJAK PRATAMA TEGAL'),
('A328', 'SEMARANG'),
('A332', 'LEMBAGA ADMINISTRASI NEGARA RI'),
('A333', 'Sigit Wahyudiyono, Staf inspektorat kab. Brebes'),
('A334', 'CV. SOERYA COM Jl. Sindoro N0. 5 Tegal'),
('A335', 'PT. KOKEK SURABAYA'),
('A336', 'INDES YOGYAKARTA'),
('A337', 'QUANTIKA YOGYAKARTA'),
('A338', 'DIRJEN pEMBERDAYAAN MASYARAKAT DAN DESA YOGYAKARTA'),
('A339', 'PAGUYUBAN KEPALA DESA PRAJA TALI ASIH KEC.WANASARI'),
('A340', 'E S Q SEMARANG'),
('A341', 'PENDIDIKAN DAN PELATIHAN PENGELOLAAN KEUANGAN NEGARA'),
('B277', 'Kepala Badan/Dinas/Set.DPRD/Kantor/Direktur RSUD/Bagian Organisasi Detda dan Camat di Lingkungan Pemerintah Kab. Brebes'),
('A342', 'Deputi Bid Informasi Kepegawaian BKN Pusat Jakarta'),
('A343', 'PT TELEKOMUNIKASI INDONESIA Tbk. Unit Enterprise Reg.IV area 2 Purwokerto'),
('A344', '1. Ka. BKD Kab. Brebes, 2. Ka Bappeda Kab. Brebes, 3. Ka. Dishubkom dan Info Kab. Brebes, 4. Camat Jatibarang Kab. Brebes'),
('A345', 'BADAN PELAKSANA PENYULUHAN  KAB. BREBES'),
('A346', 'INSTITUT PEMERINTAHAN DALAM NEGERI JATINANGOR'),
('A347', 'KEPALA KANTOR PELAYANAN PAJAK PRATAMA TEGAL'),
('A348', 'PUSDIKLAT BALAI PENDIDIKAN DAN PELATIHAN WILAYAH III YOGYAKARTA'),
('A349', 'KAPOLRES BREBES'),
('A350', 'ASDEKSI JAKARTA'),
('A351', 'BANDIKLAT PROV. JAWA TIMUR ( SURABAYA )'),
('A352', 'BUPATI BANJARNEGARA'),
('A353', 'BADAN PENGEMBANGAN SUMBERDAYA MANUSIA PERTANIAN'),
('A354', 'SMK NEGERI I BULAKAMBA'),
('A355', 'SUGIYONO S.Pd UPTD Tanjung'),
('A356', 'Tim Penyusunan Sistem Inf. Pengelolaan Keuangan Daerah'),
('A357', 'RUMAH SAKIT ISLAM HIDAYATULLAH YOGYAKARTA'),
('A358', 'Ketua Pengadilan Agama, Ketua Pengurus Gereja Santa Maria'),
('A359', 'Dr. KHAERUDIN BAKHRI  Cs  ( 28 ORANG )'),
('A360', 'GPN Cabang Brebes'),
('A361', 'BANDIKLAT PERHUBUNGAN SEKOLAH TINGGI TRANSPOTASI DARAT'),
('A362', 'PANITIA PELAKSANA KEGIATAN MONITORING DAN EVALUASI BKD KAB. BREBES'),
('A363', 'PANITIA PELAKSANAAN IN HOUSE TRAINING BKD KAB. BREBES'),
('A364', 'PANITIA PELAKSANA KEGIATAN RAKOR KEPEGAWAIAN BKD KAB.BREBES'),
('A365', 'PUSAT STUDI PEMERINTAHAN DAERAH ( PSPD ) JATINANGOR'),
('A366', 'TOKO MEDIA CITRA PRADANA JL. Dr. WAHIDIN NO. 28 - BREBES'),
('A367', 'SEKOLAH TINGGI PENYULUHAN PERTANIAN ( STPP ) MAGELANG'),
('A368', 'CV. TRINAK JAYA JL. KATES NO. 33 - TEGAL'),
('A369', 'ANTON SETIABUDI, SE'),
('A370', 'PUSKAPINDO YOGYAKARTA'),
('A371', 'BIRO KEPEGAWAIAN SETDA PROVINSI JAWA TENGAH'),
('A372', 'CV BIMA AMANTA JL. KAPTEN SUDIBYO NO. 74 - TEGAL'),
('A373', 'SDLB NEGERI BREBES'),
('A374', 'KEMENTRIAN PENDIDIKAN NASIONAL'),
('A375', 'AQUITAS PRIMA INDONESIA'),
('A376', 'PURWANTI HANDAYANI SE'),
('A377', 'WARTO, SP Desa Banjarharjo'),
('A378', 'Tim Penguji Kesehatan PNS Kabupaten Brebes'),
('B278', 'Sri Muhasih Puskesmas Cikesal kidul'),
('A379', 'LEMBAGA ANALISIS PEMERINTAHAN DALAM NEGERI'),
('B279', 'RINA KUSRINAH ( Puskesmas Adiwerna DKK Tegal'),
('B280', 'LAPI ITB BANDUNG'),
('B287', 'LEMBAGA TENAGA PROFESIONAL INDONESIA'),
('A380', 'Syech Soleh Muhammad Basalamah Jatibarang'),
('A381', 'ASISTEN I, II dan III SEKDA KAB. BREBES'),
('A382', 'WORKSHOP BENDAHARAWAN PENGELOLA KEUANGAN DAERAH'),
('A383', 'CV.MINI JAYA ABADI Jl. D.I. Panjaitan Kebon Jeruk Timur 4/7/2 No.5G di Jakarta'),
('A384', 'PANITIA PETUGAS BENDERA BKD KAB. BREBES'),
('A385', 'Kepala Bidang - bidang BKD Kab. Brebes.'),
('A386', 'Panitia Kegiatan Pemberkasan Gaji CPNS'),
('A387', 'PUSAT STUDI & PELATIHAN KEARSIPAN PELATIHAN ARSIP KEPEGAWAIAN'),
('A388', 'KEMENTERIAN KEUANGAN REPUBLIK INDONESIA'),
('A389', 'PT.KEPURUN PAWANA INDONESIA KLATEN'),
('A390', 'WEPO World Edu Partner Yogyakarta'),
('A391', 'SEMINAR NASIONAL TENAGA HONORER TAHUN 2010 KOTA TEGAL'),
('A392', 'PANITIA PELAKSANA SISTEM APLIKASI PELAYANAN KEPEGAWAIAN KAB.BREBES TH.2010'),
('A393', 'SUCIPTO.S.Pd.SD Gru Kelas SD Negeri Tanjung 03'),
('A394', 'FORUM BELAJAR KABUPATEN BREBES'),
('A395', 'Kelurahan Rengasbandung Kec. Jatibarang'),
('A396', 'PT. Taspen Pekalongan'),
('A397', 'Kabag Humas dan Protokol Setda Kab. Brebes'),
('A398', 'Ketua Yayasan Islamic Centre Kabupaten Brebes'),
('A399', 'DEWI PUJI ASTUTI, SE'),
('A400', 'BADAN POM RI SEMARANG'),
('A401', 'PGRI Provinsi Jawa Tengah'),
('A402', 'BKKBN JAKARTA'),
('A403', 'Panitia Pendataan/Penyusunan dan Pembuatan Daftar Urut Kepangkatan PNS'),
('A404', 'Panitia Pemberian Penghargaan bagi Pegawai Negeri Sipil Berprestasi'),
('A405', 'Riyanto'),
('A406', 'Se-anggota tim dan pembantu tim klarifikasi pelanggaran disiplin Kab. Brebes'),
('B283', 'Bagian Perlengkapan Setda Kabupaten Brebes'),
('A407', 'HENDRAWAN APRILIA ASHARI , ST'),
('A408', 'PT.ASKES REGIONAL VI SEMARANG'),
('A409', 'Ka. BKN Jakarta Cq. Deputi INKA BKN'),
('A410', 'AMPEK ( Aliansi Masyarakat Peduli Kesehatan ) Kabupaten Brebes'),
('A411', 'KANTOR POS BREBES'),
('A412', 'Panitia penataan sistem karis/karsu dan karpeg th. 2010'),
('A413', 'Panitia Penyelesaian Konversi NIP bagi PNS di Lingkungan Pemkab Brebes'),
('b289', 'STMIK YMI TEGAL'),
('A414', 'Universitas Indonesia  Fakultas Ilmu Sosial dan Ilmu Politik Depok'),
('A415', 'NURUL HIDAYAT, SH ( Staf BAPPEDA  Kab. Brebes )'),
('A416', 'SDR. TUTI'),
('A417', 'Direktur Pengelolaan Jaringan dan Informasi BKN'),
('A418', 'SLAMET BUDIYONO ( Operator Santel )'),
('A419', 'OMBUDSMAN REPUBLIK INDONESIA'),
('A420', 'UNDIP SEMARANG'),
('A421', 'DINPENDIK Provinsi Jawa Tengah'),
('A422', 'Konferdasi Serikat Buruh Sejahtera Indonesia ( DPC - KSBSI ) Kab. Brebes'),
('A423', 'LSM - LPAP Kab. Brebes'),
('A424', 'DIKLAT PNS DAERAH JAKARTA'),
('A425', 'UNIVERSITAS SWADAYA GUNUNG JATI CIREBON'),
('A426', 'Sdr. CPNS Angkatan Tahun 2009'),
('A427', 'Panitia Penyelenggara dan Tenaga Pengajar Bintek Penanganan Kasus/Pelanggaran Disiplin Kab.Brebes Tahun 2010'),
('B522', 'GN-PK Kabupaten Brebes'),
('A428', 'Dra.Julining Pirula Dewi cs'),
('B523', 'ITB ( Institut Teknologi Bandung )'),
('A429', 'LIA CATERING'),
('A430', 'CPNS Daerah Kab. Brebes Formasi Tahun 2009'),
('A431', 'DINAS KOPERASI DAN USAHA MIKRO KECIL DAN MENENGAH JAWA TENGAH'),
('A432', 'KOMARIAH.A.Ma NIP. 1983091919 200604 2 015 SDN Sindangheula UPTD Pendidikan Banjarharjo'),
('A433', 'KANTOR KESATUAN BANGSA DAN POLITIK KAB.BREBES'),
('B290', 'WINDY ASTUTI ( Staf Kecamatam Jatibarang )'),
('A434', 'BADAN KEPEGAWAIAN DAERAH KABUPATEN KARANGANYAR'),
('A435', 'BKN dan Kementrian Dalam Negeri Jakarta'),
('B291', 'SPT BKD Kab Brebes'),
('B292', 'PIDI JAKARTA'),
('A436', 'Direktur Eksekutif Aliansi Masyarakat Peduli Kesehatan ( AMPEK ) - Brebes'),
('A436', 'RSJ DAERAH Dr. AINO GONDOHUTOMO SEMARANG'),
('A437', 'LEMBAGA KEJIJAKAN PENGADAAN BARANG/JASA PEMERINTAH R.I'),
('A438', 'Sekret. DPRD, Inspektur Kab, Ka.Badan/Dinas/Kantor se Kab.Brebes, Dir.RSUD, Kabag.Org, Camat se Kab.Brebes, Sekretaris BNK/KPU, Ka. UPT Din.Pend se Kab'),
('A439', 'PATHAYATI, AMa NIP.19640507 200604 2 004'),
('A440', 'BADAN PENANGGULANGAN BENCANA DAERAH ( BPBD ) KAB. BREBES'),
('B293', 'Panitia Turnamen Bulutangkis Kelompok Umur \" SG CUP \" Tahun 2011'),
('A441', 'BPD JATENG CABANG BREBES'),
('B296', 'Panitia Peringatan Hari Ibu Ke 83 Tahun 2011 Kab. Brebes'),
('A442', 'PT. ASKES PEKALONGAN'),
('A443', 'FARREL CATERING'),
('A444', 'Sdr. Anna Dwi Rahayuning R., ST. (Staf DPU Kab. Brebes)'),
('A445', 'Manajer Hotel Dedy Jaya Brebes'),
('A446', 'SMA NEGERI I KOTAMOBAGU'),
('A447', 'Drs. Agus Sunarto, M.Pd SMP Negei 3 Taman Kabupaten Pemalang'),
('A448', 'SEKRETARIAT MILITER JAKARTA'),
('A449', 'DR.BAMBANG TRI CAHYONO, M.Ec Dosen/Pengelola Program MM IMNI/UTS Jl.Sompok lama 68 Semarang'),
('A450', 'CAMAT SE kABUPATEN BREBES'),
('A451', 'Pusat Pendidikan Pelatihan dan Pengembangan Daerah'),
('A452', 'BADAN DIKLAT KEPEMIMPINAN NASIONAL'),
('A453', 'BADIKLAT PEMERINTAH'),
('A454', 'INSTITUTE FOR FINANCIAL DEVELOPMENT CENTER JAKARTA'),
('A455', 'PUSAT STUDI OTONOMI DAERAH ( PSOD ) JAKARTA'),
('A456', 'Sekretaris Jenderal Kemendagri'),
('A457', 'TOKO RAMADANI - Jl. Sultan Agung Brebes'),
('A458', 'MODERN FURNITURE'),
('A459', 'Sulastri Bantarkawung'),
('A460', 'Dr. Nanang Suhana Jakarta'),
('A461', 'Riswati Eni, A.Ma (Guru SDN Pesantunan 02 Kec. Wanasari)'),
('A461', 'AGUS HERIYANTO , SH'),
('A462', 'INSTITUTE LOGOS JAKARTA'),
('A463', 'Wasnadi (Sekdes Losari Lor- Kec. Losari)'),
('a464', 'KEPALA BKD KAB. KARANGANYAR'),
('A465', 'BADAN PENANGGULANGAN BENCANA DAERAH SEMARANG'),
('A467', 'Sdr. Henjas Sekarasih (Guru SDN Banjaranyar 03)'),
('A468', 'Sdr. Achmad Jahrun ( Suami dari Henjas Sekarasih )'),
('A469', 'Sdr Ehwanu Raharjo (Staf UPTD Pendidikan Kec. Banjarharjo)'),
('A470', 'Sdr. Susiyati (isteri dari Sd. Ehwanu Raharjo)'),
('A471', 'YAYASAN PUSPONEGORO BREBES'),
('A471', 'Sdr. Ratmini (Staf Kantor Kec. Banjarharjo)'),
('A472', 'Sdr. Suherman (suami dari sdr. Ratmini)'),
('A473', 'Badan Kepegawaian Negara'),
('A474', 'EDNA CATERING - JL. PROF. M. YAMIN NO. - SLAWI - TEGAL'),
('B298', 'Karyawan BKD Kab. Brebes'),
('A475', 'BADAN PEMERIKSA KEUANGAN RI JAKARTA'),
('A476', 'KOMARUDIN Limbangan, Kec. Kersana, Kab. Brebes'),
('A477', 'SMA Negeri 1 Banjarharjo'),
('A478', 'sdr.seja'),
('A478', 'EDY SARTONO ( Staf BKBPP Kab. Brebes ))'),
('A479', 'Hotel Galeri Ciumbeleuit No.42 A Bandung'),
('A480', 'STKIP CATUR SAKTI YOGYAKARTA'),
('A481', 'Rektor UPS Tegal'),
('A482', 'Kantor Bakorwil III Purwokerto'),
('A483', 'STTD BEKASI'),
('A484', 'WORLD EDU PATNER YOGYAKARTA'),
('A485', 'SUWARTO ( Ketua LSM KWALI Brebes )'),
('A486', 'PENDIDIKAN DAN PELATIHAN NASIONAL JAKARTA'),
('A487', 'DEWAN PERWAKILAN RAKYAT RI'),
('A488', 'STAPI PUSPAJAK JAKARTA'),
('A489', 'NUR ELI'),
('A490', 'INERSIA JAKARTA'),
('A491', 'Sdr. SEJA (staf kantor satpol PP)'),
('A492', 'ERI NOAFTON, S.Kom Cs'),
('B299', 'Noverita K, ST cs'),
('A493', 'PUSAT PENGKAJIAN DAN PENGEMBANGAN MANAJEMEN DAERAH ( P3MD ) JAKARTA'),
('B305', 'SMK PUSPONEGORO 01 BREBES ( Jl. Letjend Suprapto No. 176 Pasarbatang - Brebes'),
('A494', 'INSTITUT TEKNOLOGI BANDUNG'),
('A495', 'UNIVERSITAS NEGERI SEMARANG ( UNNES )'),
('A496', 'PUSAT STUDI ADMINISTRASI DAERAH JAKARTA'),
('A497', 'Sdr. RUKAT, S.Pd NIP. 19660725 199003 199003 1 006 SD Negeri Ciputih 02 Kecamatan Salem'),
('A498', 'PURNAMA CATERING'),
('A498', 'Kantor Agama Kabupaten Brebes'),
('A499', 'SUWITNO, SE CS'),
('A500', 'Kabag Organisasi Setda Kab. Brebes'),
('A501', 'PUSAT KAJIAN KEUANGAN PUBLIK'),
('A502', 'SEPTI RATRIANA, SKM (STAF DINAS KESEHATAN KAB. BREBES)'),
('A503', 'LEMBAGA PENGEMBANGAN KOMPETENSI PROFESIONAL ( LPKP ) SEMARANG'),
('B306', 'BADAN NARKOTIKA KABUPATEN BREBES'),
('B307', 'Ketua Baperjakat Kabupaten Brebes'),
('A504', 'Bappeda Kab. Brebes'),
('A505', 'CHAMDANI'),
('B308', 'Dr.MUNTHOHA NASUHA.M.Pd'),
('A506', 'Paguyuban Wiyata Bakti/ GTT'),
('A507', 'ROYANI Jl. Ronggo Warsito Pebatan Wanasari'),
('A508', 'Pemerintah Provinsi Sumatera Selatan'),
('A509', 'Inspektorat Provinsi di Semarang'),
('A510', 'Nurali Desa Kupu Jl. Prapatan Sawojajar'),
('A511', 'Ir.Kusniyati NIP. 19580112 198903 2 002 Jl.Zainal Abidin Pagat Alam No.52 Labuhan Ratu'),
('A512', 'Dinas Pendidikan Kota Tega'),
('A513', 'KANTOR PENDIDIKAN DAN PELATIHAN PURWOKERTO'),
('A514', 'SATUAN POLISI PAMONG PRAJA KAB. BREBES'),
('A515', 'JUN SUTARJO SUMARTO Desa Jipang Kec. Bantarkawung Brebes'),
('A516', 'Abdul Syukur, SE cs'),
('A517', 'Kepala SKPD di Lingkungan Pemkab, Brebes'),
('A518', 'DEDY IMAN WAHYUDIN ,SIP ( BKD Kab.Brebes )'),
('A519', 'BADAN PENANAMAN MODAL DAERAH ( BPMD ) SEMARANG'),
('A520', 'STIKes CIREBON'),
('A521', 'SEKOLAH TINGGI KESEJAHTERAAN SOSIAL ( STKS ) BANDUNG'),
('A522', 'Se Anggota Tim Sistim Aplikasi Pelayanan Kepegawaian'),
('A522', 'Se Anggota Panitia Pelaksanaan Kegiatan Sistim Aplikasi Pelayanan Kepegawaian Kab. Brebes Th.2010'),
('A523', 'SMK NEGERI 1 KECAMATAN BREBES'),
('A524', 'MAESTRO COMP (Jl. M. Yamin Ruko No. 1 Brebes)'),
('A525', 'SEKOLAH TINGGI ILMU EKONOMI PARIWISATA INDONESIA (STIEPARI ) SEMARANG'),
('A526', 'Kepala Kantor Kementrian Agama Kabupaten Brebes'),
('A527', 'ABDUL KOHAR Jl. Ronggo Warsito Pebatan Brebes'),
('A528', 'DPRD KAB. BINTAN dan DPRD kOTA BATAM PROV. KEP. RIAU'),
('A529', 'Agung Firmansyah'),
('A530', 'Hafid Pramono'),
('A531', 'Komarudin'),
('A532', 'Royani'),
('A533', 'Nurali'),
('B284', 'MASRONO ( Guru SMP Negeri 01 Brebes )'),
('A534', 'DINAS SOSIAL PROVINSI JAWA TENGAH'),
('A535', 'BADAN ARSIP DAN PERPUSTAKAAN SEMARANG'),
('A536', 'PAGUYUBAN SUKWAN KELURAHAN SE KECAMATAN BREBES ( PSKSB ) KABUPATEN BREBES'),
('A537', 'NUROHMI, S.Pd JL. Krakatau No.14 Ketiau Kabupaten Ogan Ilir Sumatera Selatan'),
('B286', 'Dra. Sumiarsih HS Cs.'),
('A538', 'sdr. dr. Suhartono, dokter umum Puskesmas Cikakak Kec. Banjarharjo'),
('A539', 'sdr. Retno Winarni, guru SDN Paguyangan 03 Kec. Paguyangan'),
('A540', 'NOVALIANA FACHLENY, S.Si NIP. 1983110 200904 2 004 ( Guru SMP Negeri o2 Paguyangan'),
('A541', 'sdr. Rismiyatun, A.ma Pd, Guru SDN Taraban 02 Kec. Paguyangan'),
('A466', 'PENGURUS PWRI CABANG BREBES'),
('A542', 'kETUA BADAN NARKOTIKA KAB. BREBES'),
('A543', 'SMA NEGERI I KECAMATAN PAGUYANGAN'),
('A544', 'UNIVERSITAS MUHADI SETIABUDI BREBES'),
('A545', 'MITRA MEDICA Jl. Jendral Sudirman No. 45 BREBES'),
('A546', 'SMK \" KARYA BHAKTI \" BREBES'),
('A547', 'DESA SIDAMULYA KECAMATAN WANASARI'),
('A548', 'DWI WAKHYUNI UTAMI, A.Md.Keb  Bidan Puskesmas Jatibarang'),
('A549', 'Noer Qomariyah Staf Pemerintahan, Rasim Sekdes Kecipir Losari, Iryanto Sekdes Prapag Lor Losari'),
('A550', 'Dr. ENDANG AGUSTYAWATI,Sp.PD.'),
('A555', 'Kepala Dinas Pendidikan, Ka. Din Dishubkominfo, Ka Din PU dan Taru, Ka din PPKAD.'),
('A551', 'RASIM SEKDES KECIPIR KEC. LOSARI'),
('A552', 'PURWANINGSIH SETYANI, SH, Staf Bag. Organisasi SETDA kab. Brebes'),
('A553', 'AGUNG BUDIMAN Staf Bagian Humas dan Protokol Setda Kab. Brebes'),
('A554', 'Woro Ken Asih Staf Bagian Humas dan Protokol Setda Kab. Brebes'),
('A556', 'DEWAN PENGURUS KABUPATEN KORPRI TEGAL'),
('A557', 'Supendi Staf Bag. Humas dan Protokol, Surat Keterangan Karpeg dalam proses'),
('A588', 'Kepala Dinas Peternakan Kab. Brebes'),
('A589', 'dr. Budi Susilo Utomo, dokter umum Puskesmas Kec. Brebes Kab. Brebes'),
('A590', 'BANK Btpn Kabupaten Brebes'),
('A591', 'SRI MARDIYATININGSIH, B.Sc Cs BKD Kabupaten Brebes'),
('A592', 'ABDUL KOHAR, Jl. Ronggowarsito RT 02/04 Pebatan Brebes'),
('A593', 'ELIA SUSANTI ( Desa Randusanga kulon  Brebes )'),
('A594', 'Thobi`in, A.Ma. Pd guru SDN Rancawuluh 01 UPT Dinas Pendidikan Kec. Bulakamba'),
('A595', 'Ratmini, staf kantor kec. Banjarharjo Nota dinas permohonan ijin perceraian'),
('A596', 'Amir Djafar, Ka. SDN Gununglaranng 01 kec. salem'),
('A596', 'Amir Djafar, S.Pd, Ka. SDN Gununglarang 01 Kec Salem'),
('A597', 'YAYASAN PENDIDIKAN AQUARIUS ( ICPY ) BREBES'),
('A598', 'SMK NEGERI 3 TEGAL'),
('A599', 'NY.SULASTRI BANTARKAWUNG'),
('A600', 'BRI UNIT PASARBATANG - BREBES'),
('A601', 'Peserta Diklatpim Tingkat III Angkatan XXXII Tahun 2010'),
('A602', 'Kepala BKD Kab. Brebes'),
('A603', 'BALAI PEMBERDAYAAN MASYARAKAT DESA YOGYAKARTA'),
('A604', 'TRI KURNIATI  NIP. 19720502 199603 2 002  Cs ( Puskesmas Kluwut )'),
('A605', 'PEMDA YOGYAKARTA'),
('A606', 'WIBOWO HASANUDIN ( dinperindag )'),
('A607', 'TRITYAS ELY YUNIAR ( STAF BKD  )'),
('A608', 'PENGURUS BESAR PGRI JAKARTA'),
('A609', 'Direktur RSUD Kab. Brebes'),
('A610', 'Heru Santoso, Staf Puskesmas Bumiayu Kab. Brebes'),
('A611', 'KETUA KOMITE SD NEGERI PASARBATANG 04 KECAMATAN BREBES'),
('A612', 'FORUM PEDULI MASYARAKAT ( FPM ) KELURAHAN LIMBANGAN WETAN'),
('A613', 'EDI SANTOSO Staf Bagian Kesejahteraan Rakyat Kab. Brebes'),
('A614', 'PT TELKOM INDONESIA TEGAL'),
('A615', 'SATRIA PRINTING Jl. PUSPONEGORO BREBES'),
('A616', 'GOLDEN BOUTIQUE HOTEL Jl. Angkasa No.1 Jakarta.'),
('A617', 'BRI CABANG BUMIAYU'),
('A618', 'PT. TELKOM INDONESIA DI BATANG'),
('A619', 'Ketua Komisi I DPRD Kab. Brebes'),
('A620', 'Nurokhman Staf Satpol PP Kab. Brebes'),
('A621', 'BALAI DIKLAT KESOS YOGYAKARTA'),
('A622', 'Catering Arsanti'),
('A623', 'BADAN PERENCANAAN PEMBANGUNAN DAERAH'),
('A624', 'Ir. MOHAMMAD IQBAL'),
('A625', 'SINAR BARU CATERING'),
('A625', 'CV. Damai Jl. Darussalam No. 67 - Saditan - Brebes'),
('A627', 'Dra. Kartika Apriasih, Kepala SMPN 04 Brebes'),
('A628', 'TRIYONO'),
('A629', 'Lynda Khaerun Nisa,Amd.Keb'),
('A630', 'SMA NEGERI 1 LARANGAN'),
('A631', 'sdr. Sri Wuryani, A.Ma.Pd, Guru SDN Sidamulya 01 Kec. Wanasari'),
('A632', 'sdr. Dasriyati, A.Ma.Pd'),
('A633', 'Sekda/Asisten Sekda/Sekret DPRD/Ka.Badan/Dinas/Bagian Organisasi di Lingkungan Pemkab Brebes Pengiriman buku DUK'),
('A634', 'Camat Se Kab. Brebes dan Ka.UPTD Pendidikan Pengiriman buku DUK'),
('A635', 'Sdr. herliyani'),
('A636', 'Sdr. Martini, AMd'),
('A637', 'Sdr. Eny Sajekti'),
('A638', 'Sdr. Nining Suryani, SPd'),
('A639', 'DEPUTI LEMSANEG'),
('A640', 'BADAN PENDIDIKAN DAN PELATIHAN SEMARANG'),
('A641', 'Dinas Kesehatan Kab. Brebes'),
('a642', 'Ketua Panitia HUT Proklamasi Kemerdekaan RI Ke- 65 Kabupaten Brebes'),
('A643', 'STIE BANK BPD JATENG'),
('A644', 'Saleh Muhammad,S.Sos'),
('a645', 'KUSAN, S.Pd'),
('A646', 'KEPALA DINAS KESEHATAN KAB. BREBES'),
('A647', 'Toko furniture\"MODERN\"'),
('A648', 'Lembaga Manajemen Cerdas Karanganyar'),
('A649', 'SD NEGERI 04 Pasar Batang'),
('A650', 'BANK JATENG'),
('A651', 'Wahyu Hadi Pirwanto, SH'),
('a652', '1. Sekretaris DPRD; 2. Inspektur /Ka. Badan / Dinas/Kantor/Bagian di lingkungan Pemkab Brebes; 3. Camat; 4. Direktur RSUD Kab. Brebes; 5. UPTD Pendidikan se Kab. Brebes'),
('A653', 'Panitia Peringatan Hari Ulang Tahun Ke 66 Proklamasi Kemerdekaan RI'),
('A654', 'KEMENTRIAN SOSIAL RI'),
('A655', 'Barisan Muda Joko Poleng (BMJP)'),
('A656', 'Joko Heriyanto,SH'),
('B309', 'PT. BANK TABUNGAN NEGARA Kab. Tegal'),
('B311', 'Ir. Gatot Rudiono, MM. Cs ( 2 Orang )'),
('B313', 'PANITIA HARI JADI KE 334 KABUPATEN BREBES'),
('A657', 'Oki Nahar Al Utaeba, S.Sos, Staf bag. Humas dan protokol Kab. Brebes'),
('A658', 'DEWA YANTI,SH'),
('A659', 'DINAS PEMUDA DAN OLAHRAGA SEMARANG'),
('B314', 'SPT PANITIA PELAKSANAAN PENYUSUNAN STANDAR KOMPETENSI JABATAN'),
('A660', 'PT. TRIJAYA CONSULTANT JAKARTA'),
('B315', 'Kepala Desa Randusanga Wetan'),
('A661', 'Penyuluhan Pertanian Perikanan Dan Kehutanan Kab. Brebes'),
('A662', 'YULIANI'),
('A663', 'MAHERNI DYAH SAFITRI'),
('A664', 'STTD BALI'),
('A665', 'BPKP BOGOR'),
('A666', 'Ka. BKD Kab. Brebes'),
('A667', 'Desa Randusanga'),
('A668', 'PANITIA SELEKSI TILAWAH QUR\'AN (STQ)'),
('A669', 'Panitia Seleksi Tilawah Quran'),
('A670', 'Akhmad Syamsaisi, S.Pd guru SDN Brebes 03, Nip. 19730501 199903 1 006'),
('A671', 'Ratna Triyunanti, S.Pd Guru SDN Tengki 04 Kec. Brebes Nip. 19740611 199903 2 005'),
('B316', 'Kepala Bidang Kepegawaian BKD Kab. Brebes'),
('A672', 'PENGADILAN MILITER TINGGI II JAKARTA'),
('A673', 'SUMIARSIH, HS'),
('A674', 'dr. Haerani, dokter umum Puskesmas Bojongsari Kec. losari'),
('A675', 'Pokja LHKPN'),
('A676', 'Nota Dinas an. Caso NIP. 19620210 198304 1 011'),
('A677', 'Lisa Catering - Limbangan Indah-Brebes'),
('A678', 'CV. Nurfa famili'),
('A679', 'Evi Catering - Brebes'),
('A680', 'PEJABAT STRUKTURAL ESELON III DI LINGKUNGAN PEMKAB BREBES PELANTIKAN TGL. 16 JULI 2010'),
('A681', 'PEJABAT STRUKTURAL ESELON IV DI LINGKUNGAN PEMKAB BREBES PELANTIKAN TGL. 16 JULI 2010'),
('A682', 'BKD KOTA SURAKARTA'),
('A683', 'KEMENTRIAN PERENCANAAN PEMBANGUNAN NASIONAL'),
('A684', 'Trityas Elly Yuniar'),
('A685', 'KANTOR KESATUAN BANGSA, POLITIK DAN PERLINDUNGAN MASYARAKAT KAB. BREBES'),
('A686', 'Forum Wiyata Bhakti Dinas Kesehatan dan Puskesmas'),
('A687', 'Sofuri, staf Dinas kependudukam dan pencatatan sipil Kab. Brebes'),
('A688', 'BPKP SEMARANG'),
('A689', 'Drs. Nur Ari Hasis Y. Msi ( Kasubid Diklat Strutural dan Prajabatan )'),
('A690', 'Bank Jateng Semarang'),
('A691', 'AKhmad Rofi, SH'),
('A692', 'SMPN 3 KEC. BANJARHARJO'),
('A693', 'SMP NEGERI 2 TONJONG'),
('A694', 'Sri joko, Staf Kantor kec. Bulakamba'),
('A695', 'Nurlela Afifah, istri dari sdr. Sri Joko.'),
('A696', 'MEI DWI PRIHANDINI'),
('A697', 'Wisnu Broto, SH, MH'),
('A698', 'Siti Juarsih'),
('A699', 'Irian Huriarso, A.Ma.Pd, Guru SDN Kluwut 04 Kec. Bulakamba'),
('A700', 'Siti Dyah Werdani, S.Pd Guru SDN karangsari 01 Kec. Bulakamba'),
('A701', 'Endang Susiati, A.Ma.Pd, Guru SDN karangjunti 01 Kec. Losari'),
('A702', 'Pantia Penerapan Kartu PNS elektronik bagi PNS di Lingkungan Pemerintah Kab. Brebes'),
('A703', 'Pantura News Tegal'),
('A704', 'Kwartir Cabang 11.29 Brebes'),
('A705', 'Kepala Dinas Pemuda dan Olah Raga Provinsi Jawa Tengah'),
('A706', 'Panitia Peringatan HUT RI ke 65'),
('A707', 'KETUA PWRI CAB. BREBES'),
('A708', 'Nunung Indriani, staf pusk. Tonjong'),
('A709', 'Wijayanto, staf Puskesmas Tonjong'),
('A710', 'SDLB Negeri Kecamatan Brebes'),
('A711', 'HERU SANTOSO Staf Puskesmas Kecamatan Bumiayu'),
('A712', 'PUSAT INFORMASI DAN KONSULTASI KEUANGAN'),
('A713', 'Muchamad Fauzi'),
('A714', 'Panti Asuhan Putera Muslimat Brebes'),
('A715', 'TEGUH SANTOSO'),
('A716', 'SMP NEGERI 3 KECAMATAN WANASARI'),
('A717', 'Surat Keterangan Herliyani'),
('A718', 'EHWANU RAHARJO, S.Pd Ds. Dukuhtengah Rt. 07 Rw. 04 Kec. Ketanggungan Brebes'),
('A719', 'HELMI ISNAENI, ST, Staf BKBPP kab. Brebes'),
('A720', 'Budi Suprojo, S.Fil, Staf BKBPP Kab. Brebes'),
('A721', 'Entwo Computer - Pasarbatang'),
('A722', 'Kanreg I BKN di Yogyakarta'),
('A723', 'Sdr. Drs. Nur Ari Haris.Y, M.Si Kasubid diklat struktural dan prajabatan BKD Kab. Brebes'),
('A724', 'Kepala Bappeluh Kab. Brebes'),
('A725', 'BUPATI KARANGANYAR'),
('A726', 'Iryanto, sekdes ds. Prapag Lor Kec. Losari kab. Brebes'),
('A727', 'Drs. Djamali Cs.'),
('A728', 'Bupati Brebes Cq.Kepala Bapeda Kab.Brebes'),
('A728', 'BKN Yogyakaarta'),
('A729', 'RUMAH SAKIT UMUM DAERAH KAB.BREBES'),
('A730', 'Yuni Eko Wahyuningsih, A.Ma; NIP. 19730630 199903 2 004'),
('A731', 'Puskesmas Klikiran Kecamatan Jatibarang'),
('A732', 'Bupati Brebes Cq. Kepala Bagian Pembangunan Setda kab. Brebes'),
('A733', 'Nunung Indriani, Nip. 19720831 199403 2 002, Bidan Puskesmas Tonjong'),
('A734', 'PUSAT PENDIDIKAN DAN PELATIHAN REGIONAL YOGYAKARTA'),
('A735', 'Dra. Lely Mulyani, M.Pd'),
('A736', 'DPR RI PROVINSI JAWA TENGAH'),
('A737', 'STIA LAN'),
('A738', 'Kepala PUSKESMAS KECAMATAN BREBES'),
('A739', 'DINAS ENERGI DAN SUMBER DAYA MINERAL Prov. Jawa Tengah'),
('A740', 'LEMBAGA PENGEMBANGAN & KONSULTASI NASIONAL'),
('A741', 'Riyanto, staf kantor kec. Bantarkawung'),
('A742', 'Sulastri, staf Puskesmas Kec. Bantarkawung, istri sdr. Riyanto'),
('A743', 'ROSIDAH, Amd'),
('A744', 'KANTOR LURAH LIMBANGAN WETAN'),
('A745', 'ANI ALAWIYAH, A.Md'),
('A746', 'ASOSIASI PEMERINTAHAN KABUPATEN SELURUH INDONESIA'),
('b319', 'Fajar Adi Hermawan staf Bag. Pembangunan'),
('A747', 'PUSAT PENDIDIKAN DAN PELATIHAN PENGADAAN BARANG/JASA'),
('A748', 'KARGAM, SE NIP. 19590617 198503 1 017'),
('A749', 'MURSIDIK, SH CS.'),
('A750', 'Setio Budi Purwono, ST ( Balai Diklat Industri Yogyakarta )'),
('b320', 'dinas pendapatan dan pengelolaan keuangan kab. brebes'),
('B322', 'Turnamen Catur Brebes Cup dan Eksebisi Master Nasional Tahun 2012'),
('B323', 'Ketua KADIN Kabupaten Brebes'),
('B324', 'RESTI PURBIYANTI DURIS, AMKg'),
('B325', 'Yayasan Bustanul \'Ulum NU Bumiayu'),
('B327', 'Panitia Diskusi & Apresiasi Film Nasional /Persatuan Wartawan Indonesia ( PWI )'),
('A751', 'Harisman, suami sumaryati, guru SMPN I Bumiayu'),
('A752', 'Kepala SKPD Kabupaten Brebes'),
('A753', 'TRI UNGGUL WIDYAYANTI, S.Pd ( Jl. Malahayu Perumnas Kaligangsa Wetan - Brebes.'),
('A754', 'YULIUS ADI PRASETYO'),
('A755', 'SYAEFUL ISLAM.SH'),
('A756', 'GOR JATIDIRI  SEMARANG'),
('A757', 'SUDIHARSONO  CS  47 ORANG ( PESERTA UKPPI KAB BREBES TH 2010 )'),
('A758', 'Kepala Kantor Satpol PP Kab. Brebes'),
('A759', 'Panitia Lelang BKD Kab. Brebes'),
('A760', 'LEMBAGA SANDI NEGARA'),
('A761', 'Wibowo Budi Santoso, SE staf UPTD DPU Wil. Banjarharjo Kec. banjarharjo'),
('A762', 'Nur Aeni, istri Wibowo Budi Santoso'),
('B30', 'Yayasan Bustanul Ulum NU Bumiayu'),
('A763', 'BUPATI PURBALINGGA'),
('A764', 'drg.I Wayan Arya K.F'),
('A765', 'BKN Jakarta dan Kementerian PAN & RB'),
('A766', 'Laeli Nurhidayah, A.Md. Perkes, Staf rekam medik RSUD Kab. Brebes'),
('A767', 'BKD Kab.Magelang'),
('A768', 'Henjas sekarasih, Guru SDN Banjaranyar 03 Kec. Brebes'),
('A769', 'caso, Guru SDN banjaran 01 Kec. salem'),
('a770', 'KEPALA BKN JAKARTA Cq. DEPUTI INKA'),
('A771', 'Kepala Puskesmas Banjarharjo'),
('A772', 'Setda Kabupaten Kota Tegal'),
('A773', 'RADAR TEGAL'),
('A774', 'Pemerintah Kota Tegal'),
('A775', 'Pemerintah Kota Surakarta'),
('A776', 'Kepala SMA Negeri I Brebes'),
('A777', 'Kepala Puskesmas Kecipir Kec. Losari'),
('B30', 'Asosiasi Rumah Sakit Daerah Seluruh Indonesia (ARSADA)'),
('B31', 'PANITIA PENGAWAS PEMILIHAN UMUM KEPALA DAERAH DAN WAKIL DAERAH KABUPATEN BREBES'),
('B281', 'Athoilah, SE, MSi cs.'),
('A778', 'CHAERUDIN'),
('A779', 'Nur Fahmi Atmojo, S.Si, Staf Disdukcapil kab. Brebes'),
('A780', 'BKD KOTA.CILEGON'),
('A781', 'CV. DUTA NUSINDO SEMARANG'),
('A782', 'BAKORWIL JAWA TENGAH'),
('A783', 'KEPALA PUSKESMAS KLIKIRAN KECAMATAN JATIBARANG.'),
('A784', 'Diyah Irma Mawarni, SH ( Staf Bagian Hukum Setda Kab. Brebes )'),
('A785', 'MENTERI DALAM NEGERI'),
('A786', 'Dinas Pertanian Tanaman Pangan dan Hortikultura'),
('A787', 'Ka SKPD'),
('A788', 'Bupati Brebes Cq. Sekda Kab. Brebes'),
('B285', 'dr Ahmad Ridlo MKes SpOG'),
('A789', 'SMP NEGERI 2 KECAMATAN JATIBARANG'),
('A790', 'ARY DWIATMANTO ( Dinas Pariwisata Kebudayaan Pemuda dan Olah Raga Kab. Brebes )'),
('A791', 'KEMENTRIAN PAN DAN RB DAN SEKRETARIAT KABINET'),
('A792', 'BAKORWIL III JAWA TENGAH PURWOKERTO'),
('A793', 'Dinas Pendidikan Kabupaten Brebes'),
('A794', 'Kantor Kecamatan Brebes'),
('A795', 'Dinas Pariwisata, Kebudayaan, Pemuda dan Olah raga Kab. Brebes'),
('A796', 'Panitia Munas KPMDB'),
('A797', 'SAUNG STRAWBERRY'),
('A798', 'BUPATI BREBES Cq.Kabag Tata Pemerintahan Setda Kab.Brebes'),
('A799', 'SURAT KABAR HARIAN CAKRAWALA BREBES'),
('A800', 'Kepala SMP Negeri 02 Brebes'),
('A801', 'Sumaeni, Guru SDN Kedungbokor I Kec. Larangan'),
('A802', 'Sumardi, suami sdr. Sumaeni guru SDn Kedungbokor 1 Kec. Larangan.'),
('A803', 'Torikha, Guru SDN Blubuk Kec. losari'),
('A804', 'Ristianto, suami sdr. Torikha guru SDN Blubuk Kec. Losari'),
('A805', 'BADAN NARKOTIKA NASIONAL REPUBLIK INDONESIA'),
('A806', 'PANTURA NEWS TEGAL'),
('A807', 'BUPATI DEMAK'),
('A808', 'Bank Rakyat Indonesia'),
('A809', 'Sumaeni, A. Ma Guru SDN kedungbokor 01 Kec. Larangan'),
('A810', 'Sri Nurani, S.Pd, Guru SDN Gandasuli 01 Kec. Brebes'),
('A811', 'Untung Subiakto, Komandan UGK Dan Posal Kluwut Kab. Brebes'),
('B317', 'BKD Kabupaten Bantul'),
('A812', 'abdul syukur'),
('A813', 'Warsono'),
('A814', 'Wirausaha &Keuangan'),
('A815', 'KEMENTRIAN DALAM NEGERI d/a BIRO KEPEGAWAIAN'),
('A816', 'BAPPEDA PROVINSI JAWA TENGAH'),
('A817', 'Teguh Afriyanto Jl. Muara Baru Ujung Penjaringan, Jakarta Utara'),
('A818', 'PANITIA HARI ULANG TAHUN KORPRI KE- 39'),
('A819', 'UNIVERSITAS ISLAM INDONESIA YOGYAKARTA'),
('A820', 'UNIVERSITAS MUHAMMADIYAH YOGYAKARTA'),
('A821', 'Kepala Bagian Umum Setda'),
('A822', 'Kepala Bagian Humas dan Protokol'),
('A823', 'GUNAWAN PRIYO UTOMO ( Staf Kec. Ketanggungan )'),
('A824', 'Sri Mardiyatiningsih, BSc Cs ( 9 Orang ) Kasubag Formasi dan Pengembangan dan Pengangkatan Pegawai'),
('A825', 'HELMI ISNAENI, ST CS. 2 Staf BKBPP Kab. Brebes'),
('A826', 'TOKO RAMADHAN FOTO COPY'),
('A827', 'SMP NEGERI 04 KEC. BREBES'),
('A828', 'Sarwin ( Dinas Kesehatan Kota Pekalongan )'),
('A829', 'Sdr. Indah Setyaningsih, S.Pd'),
('A830', 'Joko Wahyu, A.Ma.Pd, Guru SDN Slatri 01 Kec. Larangan'),
('A831', 'Sukamim, Guru SDN Grinting 03 Kec. Bulakamba'),
('A832', 'Dinas Pendidikan Prov. Jateng'),
('A833', 'Dakir cs'),
('B329', 'Ketua Pengadilan Negeri TIPIKOR Semarang'),
('B330', 'Sdri. AFIYAH S.Pd.SD'),
('B332', 'Sdr. Widya Ariesanti, AMd'),
('A834', 'Se-Anggota Tim Seleksi Administrasi Pengadaan CPNSD Tahun 2010 Kab. Brebes'),
('A35', 'SUARA MERDEKA  HARIAN UMUM TEGAl'),
('A835', 'SURAT PERINTAH TUGAS'),
('B334', 'PN TIPIKOR SEMARANG'),
('A836', 'PANITIA SEMINAR DAN KONGRES NASIONAL ALUMNI PENDIDIKAN TINGGI KEPAMONGPRAJAAN ( KDC. APDN, STPDN,IIP DAN IPDN ) JAKARTA'),
('A837', 'SETDA PEKALONGAN'),
('B335', 'Kementrian Pendidikan dan Kebudayaan'),
('A838', 'Plt. Sekretaris Daerah Kab. Brebes'),
('A839', 'BAMBANG SISWANTO.S.Pd'),
('A840', 'Aizzatin, Bidan Pusk. Ketanggungan'),
('A841', 'Ka Bag Keuangan Setda Kab Brebes'),
('A842', 'Pengelola Yayasan Islamic Centre Kab. Brebes'),
('A843', 'Kepala Kantor Askes Cab. Brebes'),
('A844', 'KOSIMIN, SH ( Badan Kepegawaian dan Pendidikan Pelatihan Kota Cirebon'),
('A845', 'Kepala Puskesmas Kluwut'),
('A846', 'Se-Panitia Penyelenggara Diklat Peningkatan Kompetensi Sekdes di Lingkungan Pemerintah Kab. Brebes'),
('B337', 'Yulianti Salim, S.Si.,Apt'),
('A847', 'Prayitno Sargo, Bsc Kasubid Diklat Pim Teknis dan Fungsional'),
('A848', 'KOMANDAN SUBDENPOM IV/1 - 4'),
('A849', 'dr. Ahmad Ridlo NIP. 197201162002121003'),
('A850', 'LPP TVRI JAWA TENGAH'),
('A851', 'Kepala Puskesmas Kecamatan Brebes'),
('A852', 'Farrel Catering - Brebes'),
('A853', 'BAPELUH KAB. BREBES'),
('b338', 'Kepala BAPPEDA Kab. Brebes'),
('B340', 'PUSDIKLAT Industri Kementrian Perindustrian RI'),
('B341', 'Badan Kepegawaian Daerah Kabupaten Pemalang'),
('A854', 'Afri Yusnita, staf Dinparbudpora Kab. Brebes'),
('A855', 'Cipto Asep Riyanto, suami Afri Yusnita.'),
('A856', 'DPRD Kab.Banyuasin dan DPRD Kota Palembang'),
('A857', 'KEPALA BADANARPUS SEMARAN'),
('A858', 'LEMBAGA PENDIDIKAN MA\'ARIF NU SEMARANG'),
('A859', 'Kepala Kantor Pos Brebes'),
('A860', 'GANESHA ITB'),
('A861', 'KEPALA BADAN PUSAT STATISTIK KAB. BREBES'),
('A862', 'KETUA BADAN PERMUSYAWARATAN DESA DUMELING KEC.WANASARI'),
('a863', 'Pekalongan'),
('A864', 'CV. Pagu Berseri'),
('B343', 'Kabupaten Tegal'),
('A865', 'Ketua Tim Pengadaan CPNSD Prov Jateng'),
('A866', 'Ketua Panitia Pengadaan CPNS Formasi Tahun 2010'),
('A867', 'Puskesmas Bojongsari Kecamatan Losari'),
('A868', 'KONSIL KEDOKTERAN INDONESIA'),
('A869', 'Sekda/Asisten Sekda/Sek.DPRD/Kepala Badan/Dinas/Inspektur dll di Brebes'),
('A870', 'LEMBAGA SANDI NEGARA JAKARTA'),
('a871', 'KEPALA BADAN PUSAT STATISTIK KAB. BREBES'),
('A872', 'Kepala Set. Bakorluh Prov. Jateng.'),
('A873', 'Kepala Pusdiklat Pajak'),
('A874', 'Ketua Kwarcab 11, 29 Brebes'),
('A875', 'SEMINAR KEHUMASAN KAB. BREBES.'),
('A876', 'Bupati Cirebon'),
('A877', 'JANUAR ANDRIANA, S. Kom. ( Staf Bidang Mutasi BKD Kab.Brebes )'),
('A878', 'DASRIYAH.A.ma.Pd ( Guru SD II Kupu Kec. Wanasari )'),
('A879', 'KEPALA DESA DUMELING'),
('A880', 'Akbar Sri Gutomo, SE ( SMK N 1 Bengkulu Selatan )'),
('A881', 'PANITIA PENGAJIAN 1 MUHARAM LIMBANGAN WETAN KEC. BREBES'),
('A882', 'Sekretariat DPRD Kab. Brebes'),
('A883', 'Camat,Ka UPTD Pend,Ka UPTD PU,Ka UPTD Pengairan,Ka UPTD KB,Ka SDN,SMPN,SMAN,SMKN,Ka Puskesmas,Sekdes'),
('A884', 'FORUM KOMUNIKASI PEGAWAI HONORER 46+ KABUPATEN BREBES'),
('A885', 'BANK MUAMALAT CABANG PEKALONGAN'),
('A886', 'Kabag Humas dan Protokol'),
('A887', 'Inspektur/Ka.Badan/Kantor/Bagian di lingkungan Pemerintah Kab.Brebes., Direktur RSUD/Ka.UPTD Pend.Kec. se Kab.Brebes/Ka.Bappelu Kab.Brebes'),
('A888', 'Syaiful Islam, SH ( Kabid Promosi dan Pengembangan Pegawai ) BKD Kab. Brebes'),
('A889', 'SMP NEGERI 2 KEC.SONGGOM'),
('A890', 'PANITIA PERINGATAN HARI IBU ke 82 TAHUN 2010 KAB. BREBES'),
('A891', 'OMBUDSMAN REPUBLIK INDONESIA'),
('A892', 'dr. Reni Ari Martani, dokter Umum RSUD Kardinah Tegal'),
('a893', 'kepala kantor Data Kearsipan dan Perpustakaan Kab. Brebes'),
('A894', 'SD NEGERI GALUHTIMUR 01 UPTD KCAMATAN TONJONG'),
('A895', 'Ketua Tim Penggerak PKK Kab. Brebes'),
('A896', 'SD NEGERI LINGGAPURA 03 KECAMATAN TONJONG'),
('A897', 'Hadi Widianingrum Jl. Cendana Kota Baru Brebes'),
('A898', 'Ka. Kantor Pelayanan Perijinan Terpadu Kab. Brebes'),
('A899', 'kepala Kesbangpolinmas Kab. Brebes'),
('A900', 'Sekretaris Daerah Kab. Brebes'),
('A901', 'Soleh Muhammad S.Sos Kasubid Kenaikan Pangkat BKD Kab. Brebes Cs ( 57 Orang )'),
('A902', 'MENTERI KESEHATAN RI'),
('A903', 'SRI WURYANI, S.Pd. SD Guru SD Negeri Sidamulya 01 Kec. Wanasari Kab. Brebes'),
('A904', 'KETUA PENGADILAN AGAMA BREBES'),
('A905', 'PERUSAHAAN DAERAH PERCETAKAN BREBES'),
('A906', 'KEPALA PUSKESMAS KERSANA'),
('A907', 'TALENTA GROUP JAKARTA'),
('A908', 'KUSUMA EDI , SIP. Staf BKD Kab. Brebes'),
('A909', 'MASYARAKAT DESA KLAMPOK'),
('A910', 'KEPALA PUSKESMAS KERSANA'),
('A911', 'Sdr. Edwien Martstiawan, S.Kom.'),
('A912', 'Sdr. Noverita K, ST.'),
('A913', 'Sdr. Suharis, S.IP'),
('A914', 'Sdr. Slamet Wibowo, S.IP'),
('A915', 'Sdr. Umiyati, SE'),
('A916', 'Sdr. Suparto'),
('A917', 'Sdr. Muryani, SE'),
('A918', 'Sdr. Munfaroh'),
('A919', 'Sdr. Hera Feriani'),
('A920', 'Sdr. Solicha, S.Psi'),
('A921', 'Sdr. Kusuma Edi, S.IP'),
('A922', 'Sdr. Dakir'),
('A921', 'WALIKOTA PEKALONGAN'),
('A923', 'Sdr. Rochayah, S.IP'),
('A924', 'Amti Itsna Tresnawaty ( CPNS Bidan di Puskesmas Bojongsari'),
('A925', 'Camat Larangan'),
('A926', 'NURLAELA , S.Pd Guru SMP Negeri 4 Kecamatan Banjarharjo'),
('A927', 'Ka. Dinas Perindustrian dan Perdagangan kab. Brebes'),
('A928', 'RIA ANDRIANI RSUD Kabupaten Brebes'),
('A929', 'Wakil Bupati Cq.Inspektorat Kab.Brebes'),
('A930', 'Kepala Puskesmas Cikeusal Ketanggungan Brebes'),
('A931', 'Kepala Puskesmas Bumiayu'),
('A932', 'Suwitno, SE Kasubid Informasi dan Pelayanan Administrasi Cs'),
('A933', 'GERAKAN BERANTAS KORUPSI ( GEBRAK ) Kab. Brebes'),
('A934', 'Staf Kantor Ketahanan pangan Kab. Brebes'),
('A935', 'Wulandari Dyah Susanti, Staf kantor Ketahanan Pangan kab. Brebes'),
('A936', 'Sopuroh, Staf Kantor Ketahanan Pangan Kab. Brebes'),
('A937', 'Surat Kabar Kwali News Kasb. Brebes'),
('A938', 'DINAS KESEHATAN PROVINSI JAWA TENGAH'),
('A939', 'Kepala SMP NEGERI 1 KECAMATAN JATIBARANG'),
('A940', 'Kantor Bakorwil II Surakarta'),
('A941', 'Ketua LSM DEPEKA KABUPATEN BREBES'),
('A942', 'Sdr. Talkhis, NIP. 19641015 200701 1 024, Sekdes Rengaspendawa, Kec. Larangan'),
('A943', 'Sdr. Is Yulianti (isteri dari Sdr. Talkhis)'),
('A944', 'BADAN KEPEGAWAIAN DAERAH SLEMAN'),
('A945', 'Hidayah Sekdes Dumeling Kec. Wanasari'),
('A946', 'Sdr. Ratna Triyunanti, S.Pd.SD, NIP. 19740611 199903 2 005, Guru SDN Tengki 04 Kec. Brebes'),
('A947', 'Sdr. wijayanto, NIP. 19730210 199403 1 002, perawat pada pusk. tonjong'),
('A948', 'Sdr. Sri Joko, NIP. 196006031990101001, Staf Kec. Bulakamba'),
('A949', 'ENDANG HAKUR, AMK Desa Sari eja RT. 03. RW 02 Kec. Tanjung'),
('A950', 'WIWI TRISNOWATI UPTD Puskesmas Noyontaan Kota Pekalongan'),
('A951', 'PGRI KAB. BREBES'),
('A952', 'Pimpinan Cabang PT BPD Jateng Cab.Brebes'),
('A953', 'BKKBN PROV. DIY'),
('A954', 'AMNI RIFDANIA, A.Md NIP. 19740205 200904 2 001'),
('A955', 'SEKOLAH TINGGI TRANSPORTASI DARAT'),
('A956', 'UNIVERSITAS TRISAKTI JAKARTA'),
('A957', 'RAHMADI, ST NIP. 197511262007011005'),
('A958', 'KEPALA SMA NEGERI 2 BREBES'),
('A959', 'PROYEK PENINGKATAN KAPASITAS BERKELANJUTAN DESENTRALISAS JAKARTA'),
('A960', 'KPU PROV. JATENG'),
('A961', 'GOPTKI KABUPATEN BREBES'),
('A962', 'Manajer \"DIAN HOTEL\" Tanjung'),
('A963', 'Miftah Hasim, A.Md, Staf kantor Satpol PP Kab. Brebes'),
('A964', 'Drs.ASIKIN  ( KEPALA SMK NEGERI 1 PELAIHARI KAB. TANAH LAUT PROV. KALIMANTAN SELATAN )'),
('A965', 'KEPALA KANTOR PENDIDIKAN DAN PELATIHAN KABUPATEN BANYUMAS'),
('A966', 'KETUA KOMITE SMA NEGERI  2 BREBES'),
('A967', 'Drs. ZAENUDIN ( Kepala Bagian Umum Sekretariat DPRD Kab. Brebes'),
('A968', 'Kepala Bidang Formasi dan Pengembangan Pegawai'),
('A969', 'FOSGTT KABUPATEN BREBES'),
('A970', 'KEPALA SKPD DI LINGK. PEMKAB. BREBES'),
('A971', 'TRI UNNGUL WIDYANTI, S.Pd NIP. 19821120 200312 2 002'),
('A972', 'FORUM KOMUNIKASI ALUMNI GURU BANTU INDONESIA ( FKGBI ) KABUPATEN BREBES'),
('A973', 'Drs. TATAG KOES ADIANTO, M.Si NIP. 19700503 199101 1 001'),
('A974', 'Pengurus Gereja Santa Maria Brebes'),
('A975', 'ROJIKIN , S.Si Staf Kantor Lingkungan Hidup Kab. Brebes .'),
('A976', 'SRI MULYATUN, S.T NIP.19800324 200904 2 002 SMP NEGERI LOSARI KAB. brebes'),
('A977', 'KEJAKSAAN TINGGI JAWA TENGAH'),
('A978', 'KASIR ,SE ( SATAF DPU DAN TATA RUANG KABUPATEN BREBES )'),
('A979', 'ALAM SYAHRUDIN Cs'),
('A980', 'MOH.CHARIS MAULDA, A.Md ( Pejabat Pengadaan )'),
('A981', 'CPNS kab.Brebes Formasi Th.anggaran 2011'),
('B303', 'AKYAS, S.IP'),
('B345', 'Staf Ahli Bupati Brebes'),
('A982', 'se-Anggota Tim Peneliti dan Penganugerahan Tanda Kehormatan Satya Lancana Karya Satya Kab. Brebes'),
('A983', 'Provinsi Nusa Tenggara Barat'),
('A984', 'DINAS KELAUTAN DAN PERIKANAN JAWA TENGAH'),
('A985', 'SEKRETARIAT NEGARA REPUBLIK INDONESIA'),
('A986', 'SUYEKTI ( KASI KONSUMSI DAN KEAMANAN PANGAN KANTOR KETAHANAN PANGAN KAB. BREBES )'),
('A987', 'KEMENTERIAN PEKERJAAN UMUM YOGYAKARTA'),
('A988', 'GRATIFIKASI & PERTANGGUNGJAWABAN KEUANGAN JAKARTA'),
('A989', 'Faridah, A.Ma, Guru SDN Pengilon Kec. songgom'),
('A990', 'Ir. FX. HERU PRATISTO'),
('A991', 'Kepala Kantor imigrasi DIY'),
('A992', 'Kab Batang'),
('A993', 'STAIN PEKALONGAN'),
('A994', 'TATI ERNAWATI  STAF DINPARBUDPOR KAB. BREBES'),
('A995', 'AMRULLAH SURYO AJI, S.Kom NIP. 19830418 201101 1 005'),
('B347', 'PT.PLN UPJ Brebes'),
('A996', 'SMA N 1 KEC. WANASARI'),
('B348', 'INSTITUT MANAJEMEN RUMAH SAKIT JAKARTA'),
('A997', 'BALE TRAINING JAKARTA'),
('A998', 'HOTEL DANA SURAKARTA'),
('A999', 'Peserta Diklat LPJ Gol. II CPNS Umum Gelombang I Kab. Brebes'),
('B525', 'KANTOR ADVOKAT & PENGACARA ( HERFARUK, SH & REKAN ) PADASUGIH BREBES.'),
('B001', 'Talkhis Staf Kantor Camat Larangan'),
('B002', 'ENERGY LEARNING CENTER'),
('B003', 'NURYATI Kelurahan Pasarbatang Brebes'),
('B004', 'SUTORO, SE Cs.'),
('B005', 'MOAMAD ALI MASHURI, STP'),
('B006', 'KOMISI II DPR RI'),
('B007', 'CASMAN, SH Sekretaris Desa Kaliwadas'),
('B008', 'METIK JUDO SEIAWAN, SE'),
('B009', 'Dakhiroh, Guru SDN Dukuh tengah 02 Kec. Ketanggungan'),
('B010', 'Abdul Rosyid, suami Sdr. dakhiroh, guru SDN Dukuh Tengah 02 Kec. Ketanggungan'),
('B011', 'Aripin, Staf Kantor Kel. Limbangan Brebes Kec. Brebes'),
('B012', 'Hastuti, istri dari Sdr. Aripin, staf kantor Kel. Limbangan wetan Kec. Brebes'),
('B013', 'KEMENTERIAN SEKRETARIAT NEGARA REPUBLIK INDONESIA'),
('B014', 'LEMBAGA KOMUNIKASI KEBIJAKAN PEMERINTAH ( LKKP ) BEKASI'),
('B015', 'IKATAN AHLI PENGADAAN INDONESIA ( IAPI ) JAKARTA'),
('B016', 'CV.DIGINET MEDIA YOGYAKARTA'),
('B017', 'Rahulan, Staf Sekretariat DPRD Kab. Brebes'),
('B018', 'DIPONEGORO SMART TRAINING SEMARANG'),
('B350', 'Sekdes Se Kecamatan Ketanggungan'),
('B351', 'Sekdes Se Kecamatan Songgom'),
('B352', 'Mutamimah,S.Pd'),
('B355', 'SMP Negeri 1 Kec. Jatibarang'),
('B358', 'CV.DUTA NUSINDO SEMARANG'),
('B019', 'Tim Pengellola data Elektronik Gaji PNS'),
('B020', 'Peserta LPJ Gol. II CPNS Umum Gelombang II Kab. Brebes'),
('B282', 'Diah Intan Fitriati, SH cs'),
('B297', 'ARIF CHAERUL ZAMAN ( Perawat RSUD Dr.M. ASHARI Pemalang )'),
('B021', 'IMAM MUKHNI GURU MADYA SMP NEGERI 4 SUBANG KAB. SUBANG'),
('B022', 'ABDULLAH SUDRAJAT, ST NIP. 19731222 200604 1 008'),
('B023', 'DESA WLAHAR KEC. LARANGAN'),
('B024', 'ROFI\'I, SE Staf BKD Kab. Brebes'),
('B025', 'Mujiono, Guru SDN 13 Brebes'),
('B026', 'Siti roika, istri sdr. Mujiono guru SDN 13 Brebes'),
('B027', 'Tenaga Mengajar Diklat Peningkatan Kompetensi Sekdes Kab. Brebes'),
('B028', 'PUSAT PENGEMBANGAN PENGKAJIAN PENDIDIKAN DAN PELATIHAN JAKARTA'),
('B029', 'KANTOR PERTANAHAN KABUPATEN BREBES'),
('B030', 'UNIT LAYANAN PENGADAAN PEMERINTAH KABUPATEN BREBES'),
('B031', 'RM BAMBANG MAHANANI, SH CS 36 ORANG'),
('B032', 'UMI MUSRIFATUL CHORIYAH'),
('B033', 'KEPALA PUSKESMAS BENTAR KECAMATAN SALEM'),
('B034', 'FORUM DEMOKRASI INDONESIA JAKARTA'),
('B039', 'Via Computer - Brebes'),
('B038', 'UNIVERSITAS SEBELAS MARET SURAKARTA'),
('B040', 'UNIVERSITAS TERBUKA TANGERANG'),
('B041', 'Se Anggota Panitia Penerapan Kartu PNS Elektronik (KPE) bagi PNS di Lingkungan Pemda Kab. Brebes'),
('B301', 'Kadin Brebes'),
('B042', 'POPPY SHINTYA DEWI JL. RA.KARTINI NO. 20 BREBES'),
('B043', '1. Camat Losari, 2. Camat Sirampog, 3. Direktur Rumah Sakit Brebes'),
('B044', 'Puskesmas Kec. Bumiayu'),
('B035', 'PANITIA PENYELENGGARA DIKLAT SEKDES TA.2011'),
('B036', 'FORUM PEDULI MASYARAKAT PEDESAAN ( FMPP ) DESA MANGGIS KEC.SIRAMPOG'),
('B037', 'Tim Penguji Kesehatan PNS'),
('B045', 'KEMENTERIAN KOMUNIKASI DAN INFORMATIKA REPUBLIK INDONESIA'),
('B046', 'DPRD Kab.Pangkajene Kepulauan dan DPRD Kota Makassar Prov Sulawesi Selatan'),
('B047', 'KEPALA DINAS PENGAIRAN , ESDM Kab. Brebes'),
('B048', 'KEPALA DPU DAN TARU KABUPATEN BREBES'),
('B049', 'Drs. Fatkhullah NIP. 19620517 198903 1 005'),
('B050', 'DMI PRIMAGAMA YOGYAKARTA'),
('B051', 'BKD Kab.Semarang'),
('B052', 'SETDA CIREBON'),
('B053', 'AKHMAD ROFI, SH.'),
('B054', 'DINAS PETERNAKAN DAN KESEHATAN HEWAN UNGARAN'),
('B055', 'ApDate Yogyakarta ( MOHAMAD REZA FIKHOFINIHA )'),
('B056', 'Petugas Outbound Diklat Peningkatan kompetensi Sekretaris Desa Kab. Brebes Tahun 2011'),
('B057', 'TENAGA HONORER TERANULIR FORMASI TAHUN 2005'),
('B058', 'Kantor DPPAD Prov. Jateng'),
('B059', 'PANITIA BULAN DANA PMI KABUPATEN BREBES'),
('B060', 'Kepala Sekretariat Bakorluh Provinsi Jawa Tengah'),
('B061', 'Kanreg V Semarang  ( Perum Perumnas )'),
('B062', 'Bupati Wonogiri'),
('B063', 'NARYATI, A.Ma.Pd NIP. 19600110  1983042002'),
('B064', 'Magister Ilmu Politik Universitas Diponegoro Semarang'),
('B065', 'BAMBANG EDI ( Desa Klikiran Kec. Jatibarang )'),
('B066', 'SRI SUNARTI Jl. Imam Bonjol No.8. Griya Mejasem Baru 2 Tegal'),
('B067', 'SRI REJEKI RAHAYUNINGSIH, S.Pd  CILEGON'),
('B068', 'DEPUTI SEKRETARIS KABINET BIDANG ADMINISTRASI JAKARTA');
INSERT INTO `tb_skpd` (`kd_lokasi`, `lokasi`) VALUES
('B069', 'DHANIAR JAUHARI.S.KOM'),
('B070', 'PT.SUCOFINDO SEMARANG'),
('B071', 'BADAN KEPEGAWAIAN, PENDIDIKAN DAN ELATIHAN DAERAH KAB. CIREBON'),
('B072', 'SMP NEGERI 6 KEC.BREBES'),
('B073', 'DWI HAYATI, S.PdI NIP. 19770306 201001 2 012 Cs'),
('B074', 'BPTPK Pemprov. Jawa Tengah'),
('B075', 'Tim Analis Beban Kerja Kab. brebes'),
('B076', 'SMA NEGERI I BREBES'),
('B077', 'LPSE KABUPATEN BREBES'),
('B078', 'PANITIA HARKITNAS KAB. BREBES'),
('B079', 'EUREKA - ENGLISH LEARNING CENTER'),
('B080', 'Drs. RAIS KHANA, KA. Kantor KESBANGPOLINMAS Kab. Brebes'),
('B081', 'PLT SEKDA KAB BREBES, ASS III SEKDA KAB BREBES'),
('B082', 'SEKRETARIS DAN KABID BKD KAB BREBES'),
('B083', 'Achmad Satori, Ka. UPTD DPU dan Tata Ruang kec. Brebes'),
('B084', 'Nur`aini, S.Ag, Guru SDN Brebes 06'),
('B085', 'Alfiyah binti Sahmuri, Guru SDN Wanasari 03'),
('B086', 'Nur Ainu, suami dari Sdr. Alfiyah binti sahmuri'),
('B087', 'Sekjend.Kemendagri,Gubernur Jateng, Se-Anggota Tim Peneliti dan Penilai LP2p Kab. Brebes'),
('B312', 'KEPALA DINAS KELAUTAN DAN PERIKANAN KAB BREBES'),
('B088', 'dr Helmi Hirawan'),
('B089', 'ROCHAYATI, SH ( Kasi Adfokasi Tenaga Kerja ) Dinsosnakertrans Kab. Brebes'),
('B090', 'MARTISNO DS Gandasuli RT 01 RW 03 JL. MALIK IBRAHIM NO.12 BREBES'),
('B091', 'PENGAWAS TK/SD'),
('B092', 'Direktur CV Kembar Bina Usaha'),
('B093', 'PT ( PERSERO ) ASKES CAB. KABUPATEN BREBES'),
('B094', 'SEKOLAH TINGGI ILMU TARBIYAH ( STIT ) PEMALANG'),
('B095', 'PERSATUAN BULUTANGKIS SELURUH INDONESIA ( PBSI )'),
('B096', 'Peserta Seleksi Calon Kepala Sekolah / Pengawas'),
('B097', 'KEMENTRIAN DALAM NEGERI RI'),
('B098', 'YAYASAN PENGASUH PUTERA MUSLIMAT BREBES'),
('B099', 'PEMERINTAH PROPINSI DAERAH TINGKAT 1 JAWA TENGAH'),
('B100', 'Tim Pertimbangan Pengangkatan Pemberhentian dan Penyeleksian Kepala Sekolah di Lingkungan Pemerintah Kab. Brebes'),
('B101', 'FORUM KERUKUNAN UMAT BERAGAMA (FKUB) Kab. Brebes'),
('B102', 'PENDIDIKAN DASAR DAN MENENGAH (YPLP DIKDASMEN) PGRI KAB. BREBES'),
('B103', 'DEPARTEMEN PENDIDIKAN NASIONAL JAKARTA'),
('B104', 'AFIYAH S.Pd.'),
('B105', 'BPTPK Gombong'),
('B106', 'SITI AFIYATI, A.Ma.Pd'),
('B107', 'NING ROENI, A.Ma.Pd'),
('B108', 'Deputi Bidang Administrasi Sekretariat Kabinet'),
('B109', 'PERUSAHAAN DAERAH AIR MINUM KAB. BREBES'),
('B110', 'Dra. NURHAYAT GANEWATI NIP. 19641106 198508 2 001'),
('B111', 'MOH. SUBEHAN'),
('B112', 'UNIVERSITAS JENDRAL SOEDIRMAN PURWOKERTO'),
('B113', 'Edwien Martstiawan, S.Kom cs.'),
('B114', '(STMIK) WIDYA PRATAMA, PEKALONGAN'),
('B115', 'Dr.H. ANGKATNO, SH, Mpd'),
('B116', 'Drs. Marjaka. Mpd'),
('B117', 'DEDI SISWADI, S.ST'),
('B118', 'KEMENTERIAN PERINDUSTRIAN R.I'),
('B119', 'SEKOLAH TINGGI MANAJEMEN IMMI, JAKARTA SELATAN'),
('b120', 'PNS Menjelang Pensiun/Purna Tugas, Meninggal Dunia(Janda/Duda).'),
('B121', 'HESTI PRASETYANINGSIH, Slawi'),
('B122', 'Project Implementation Unit Of, Brebes'),
('B123', 'Kepala Balai Pelatihan Teknis Profesi Kesehatan Prov. Jateng'),
('B124', 'PUSDIKLAT PENGELOLAAN KEUANGAN DAN OTONOMI DAERAH, JAKARTA TIMUR'),
('B125', 'Badan Kepegawaian Negara'),
('B126', 'UNIVERSITAS ISLAM NEGERI SUNAN KALIJAGA,YOGYAKARTA'),
('B127', 'KEMENTERIAN PENDAYAGUNAAN APARATUR NEGARA DAN REFORMASI BIROKRASI RI'),
('B128', 'SINERGY LEARNING CENTER, TEGAL'),
('B129', 'SEKRETARIAT DAERAH PROVINSI JAWA TENGAH'),
('B130', 'AKADEMI KEBIDANAN YPBHK, BREBES'),
('B131', 'RAKIJO, NIP. 19750210 199603 1 003.'),
('B132', 'KARYONO, S.Sos Nip. 19680902 199003 1 005.'),
('B133', 'PUSAT KAJIAN APLIKASI PEMERINTAHAN DAN PEMBERDAYAAN APARATUR,JAKARTA'),
('B134', 'ENGLISH TRAINING CENTER, Semarang'),
('B135', 'INDRI WERDOWATI, A.Ma.Pd.SD, NIP. 19711108 200801 2 006'),
('B136', 'PANITIA MUSABAQOH TILAWATIL QURAN, Tingkat Kab. Brebes'),
('B137', 'Plt. Sekda Kab. Brebes'),
('B138', 'Para Kabid BKD Kab. Brebes'),
('B139', 'Ketua Komisi I DPRD Kab. Brebes'),
('B140', 'STIE SEMARANG'),
('B141', 'Ketua Pengadilan Agama Kab. Brebes'),
('B142', 'LEMBAGA PENGEMBANGAN DAN PEMBERDAYAAN KEPALA SEKOLAH (LPPKS) INDONESIA  SURAKARTA'),
('B143', 'DPD Golkar Kab. Brebes'),
('B145', 'UPBJJ-UT PURWOKERTO'),
('B144', 'SUCIAWATI, Desa Pabuaran Kec. Salem'),
('B146', 'PEDULI MASYARAKAT KAB. BREBES'),
('B147', 'PERSATUAN GURU DAN PEGAWAI TIDAK TETAP (PGPTT) Ketanggungan Kab.Brebes'),
('B148', 'Indah Mutiara Utami S. Farm. Apt, Nip. 19871118 201101 2 014'),
('B149', 'LEMBAGA PENGEMBANGAN DAN PEMBERDAYAAN KEPALA SEKOLAH (LPPKS) SURAKARTA'),
('B150', 'Rochayah, S.IP. cs'),
('B151', 'Nurhayati. S.Sos, M.Si. NIP. 19660812 199503 2 003.'),
('B152', 'Puskesmas Kec. Brebes'),
('B153', 'Kepala SMP, SMA, SMK, Negeri Se-Wilayah Kabupaten Brebes'),
('B154', 'RSUP DR. SARDJITO, YOGYAKARTA'),
('B155', 'KEMENTERIAN PERENCANAAN PEMBANGUNAN NASIONAL'),
('B156', 'Yogyakarta'),
('B157', 'IMAM NURHAKIM, S.Pd.I, Bangbayang, Bantarkawung Kec. Brebes.'),
('B158', 'Balai Pelatihan Teknis Profesi Tenaga Kesehatan Prov. Jateng'),
('B159', 'SMP NEGERI  3 BREBES'),
('B160', 'Agus Haryadhi Brebes'),
('B161', 'Project Implementation Unit of Sustainable Capacity Building for Decentralization Project, Brebes.'),
('B162', 'KELOMPOK BELAJAR MAHASISWA UNIVERSITAS UPBJJ SEMARANG \"MOHAMMAD YAMIN\"'),
('B163', 'Dra. Yunianti Munigar., NIP. 19660614 199802 2 002.'),
('B164', 'WASO/CASMI, Desa Sigentong Kec. Wanasari Kab. Brebes.'),
('B165', 'Lembaga Penjaminan Mutu Pendidikan Prov. Jateng'),
('B166', 'Camat Brebes'),
('B167', 'BUPATI KENDAL'),
('B168', 'LILIS SUNDAYANI, S. Pd., M.M.Pd., NIP. 19630829 199203 2 004.'),
('B169', 'KOMISI PEMILIHAN UMUM PROVINSI JAWA TENGAH.'),
('B170', 'Drs. AGUS SETIANTO, Semarang'),
('B171', 'KEMENTERIAN PEKERJAAN UMUM DIREKTORAT JENDERAL PENATAAN RUANG, JAKARTA.'),
('B172', 'PERSATUAN SISWA  ISLAM BREBES (PSIB)'),
('B173', 'WAHYU SUHERYANTI., NIP. 19760228 200312 2 006.'),
('B174', 'LEMBAGA PENDIDIKAN POLRI, MEGAMENDUNG'),
('B175', 'INDRIANY, ST.MT., NIP. 19830723 200802 2 002.'),
('B176', 'Heri Siswanto.S. Sos. I'),
('B177', 'BALAI PENDIDIKAN DAN PELATIHAN KEHUTANAN'),
('B178', 'ABDUL SYUKUR, SE'),
('B179', 'LEMBAGA PENDIDIKAN BAHASA INGGRIS'),
('B180', 'Kepala Puskesmas Bojongsari Kecamatan Losari'),
('B181', 'F.Roby Aditya Tamara Jl.KH. Achmad Dahlan No. 27B RT/RW.002/003 Pasarbatang Brebes'),
('B182', 'SATPOL PP PROVINSI JAWA TENGAH'),
('B183', 'GP. Ansor Cimohong'),
('B184', 'GP. Ansor Grinting'),
('B185', 'KONI KABUPATEN BREBES'),
('B186', 'Panitia Diklat Peningkatan Kompetensi Tenaga Kesehatan'),
('B187', 'Peserta iklat Peningkatan Kompetensi Tenaga Kesehatan'),
('B188', 'Petugas Piket Diklat Peningkatan Kompetensi Tenaga Kesehatan'),
('B189', 'Tenaga Pengajar Diklat Peningkatan Kompetensi Tenaga Kesehatan'),
('B300', 'SUHANDI, A.Pi ( Perum Dedy Jaya No. B.06 Jl.MT Haryono Brebes )'),
('B190', 'Majelis  Pendidikan Dasar Dan Menengah Pimpinan Daerah Muhammadiyah Kab. Brebes'),
('B191', 'SCBD KABUPATEN BREBES'),
('B192', 'EDI GUNAWAN PRASETY0, SE'),
('B193', 'SALEH MUHAMMAD, S.SOS CS  ( 9 ORANG )'),
('B194', 'Se anggota Panitia Penerapam Kartu PNS Elektronik Pemerintah Kab. Brebes'),
('B195', 'PUSDIKLAT DAGRI / KOMISI II - RI'),
('B196', 'SUSUNAN KEANGGOTAAN FOCAL POINT PENGARUSUTAMAAN GENDER ( PUG ) BKD KABUPATEN BREBES'),
('B197', 'SAMSUL MAARIF. CS'),
('B198', 'KEPALA BIRO PSIKOLOGIS CAHAYA PURWOKERTO'),
('B199', 'Lembaga Pengembangan Tilawatil Qur\'an Kab. Brebes'),
('B200', 'Kepala Puskesmas Ketanggungan Brebes'),
('B201', 'Adi Wibowo ( UPTD Pendidikan Pendidikan Kecamatan Kersana  )'),
('B202', 'FORUM CPNS 2008 DAN 2009 DANULIR PURWOKERTO'),
('B302', 'TUTUK VIP ERIA W'),
('B203', 'Direktur Pembinaan PTK Dikdas Kementerian Pendidikan Nasional'),
('B204', 'BADAN PENYULUH DAN PENGEMBANGAN SDM PERTANIAN JAKARTA'),
('B205', 'Toni Guru SD Tiwulandu 02 Banjarharjo'),
('B206', 'Biro Humas dan Protokol BKN Jakarta'),
('B207', 'Ismiyati Jatibarang'),
('B208', 'Heri Siswanto, S.Sos Desa Glonggong Kec. Wanasari Kab. Brebes'),
('B209', 'Sulistiyani NIP. 19621005 198304 2003 ( Guru SDN Jatisawit 01 UPTD Pendidikan Kecamatan Bumiayu )'),
('B210', 'Panitia Penyelenggara Bintek Cakasek'),
('B211', 'Pengajar Bintek Cakasek Kab. Brebes Tahun 2011'),
('B212', 'Peserta Bintek Cakasek Kab. Brebes Tahun 2011'),
('B213', 'Petugas Piket Bintek Cakasek Tahun 2011'),
('B214', 'MUHAMAD NASRULLAH SAPTONO ( Dinas Pendidikan Kab. Tegal )'),
('B215', 'PATHAYATI, SPd. AUD ( Guru TK Negeri Pembina Kec. Bumiayu )'),
('B216', 'Inspektur Provinsi Jawa Tengah'),
('B217', 'AKHMAD BAEDOWI  ( Perangkat Desa Ds. Ujungrusi RT. 15 RW. 02 Kec. Adiwerna Kab. Tegal'),
('B218', 'TAUFIK ( Staf Kelurahan Pegambiran Pemeritah Kota Cirebon'),
('B219', 'ENDANG SRI INDRAWATI, S.Sos NIP. 19681109 199002 001 ( Staf BKBPP UPT KECAMATAN PAGUYANGAN )'),
('B220', 'Gedung Dharma Wanita Prov. Jawa Tengah di Semarang'),
('B221', 'Drs.R. Suchyar / Uuk'),
('B222', 'Surat Kabar Harian Cakrawala Tegal'),
('B223', 'Kepala Puskesmas Tanjung'),
('B224', 'BADAN KEPEGAWAIAN PENDIDIKAN DAN PELATIHAN DAERAH CIREBON'),
('B225', 'POLITEKNIK HARAPAN BERSAMA KOTA TEGAL'),
('B226', 'BADAN PERTIMBANGAN KEPEGAWAIAN JAKARTA'),
('B227', 'KEPALA DiNAS koPERASI UMKM Kab. Brebes'),
('B527', 'Ketua Komite SD Negeri 01 Kedungneng Losari Brebes'),
('B529', 'Tonjong'),
('B228', 'KETUA KWARCAB BREBES'),
('B229', 'UNIVERSITAS WIJAYAKUSUMA PURWOKERTO'),
('B230', 'APC JAKARTA'),
('B231', 'DEWAN PERWAKILAN RAKYAT KABUPATEN MAGELANG'),
('B232', 'Bupati Cilacap'),
('B233', 'SETDA TEMANGGUNG'),
('B234', 'Kepala Badan Diklat Prov. Jawa Tengah'),
('B235', 'RAMONO, S.Pd NIP. 19550914 197911 1 001'),
('B236', 'DEKRANASDA KABUPATEN BREBES'),
('B237', 'KEMENTERIAN KESEHATAN RI'),
('B238', 'SRI HARYANI Jl. S.Parman No. 02 Brebes'),
('B239', 'Kantor Ketahanan Pangan Kab. Banjarnegara'),
('B240', 'Panitia Penyelenggara keg. Diklat Teknis Manajemen Ketahanan Pangan Kab. Brebes Tahun 2011'),
('B241', 'Peserta Diklat Teknis Manajemen Ketahanan Pangan Kab. Brebes Tahun 2011'),
('B242', 'Pengajar Diklat Teknis Manajemen Ketahanan Pangan Kab. Brebes'),
('B243', 'SULISTIYANI GURU SDN JATISAWIT 01 UPTD PENDIKAN KEC. BUMIAYU'),
('B244', 'Kepaka Kantoe Ketahanan Pangan Kabupaten Banjarnegara'),
('B245', 'Badan Kepegawaian Daerah Kabupaten Wonosobo'),
('B246', 'Badan Kepegawaian Daerah Kabupaten Sragen'),
('B247', 'BKD SERANG'),
('B248', 'Kepala Desa Tengki Kecamatan Brebes'),
('B249', 'Lembaga Pengkajian Pembangunan Infrastruktur'),
('B250', 'SMART EXECUTIVE'),
('B251', 'Panitia FestifalBand Realigi Anak Muda Tahun Baru Islam 1433 Nuriyah Tk Eks Karesidenan Pekalongan.'),
('B252', 'ETI UTIYANI ( Staf RSUD Kabupaten Brebes )'),
('B253', 'Petugas Piket keg. Diklat Teknis Manajemen Ketahanan Pangan Kab. Brebes Tahun 2011'),
('B362', 'Paguyuban Sekdes Se Kecamatan Bulakamba'),
('B254', 'PUSAT STUDI KEUANGAN DAERAH ( PSKD )'),
('B255', 'PANITIA HARI ULANG TAHUN \" KORPRI \" KABUPATEN BREBES'),
('B256', 'Amiroh, A.Md Kertasinduyasa No.25 RT 02 / RW 02 Kec. Jatibarang Kab. Brebes'),
('B257', 'PANITIA PELAKSANA STANDAR KOMPETENSI JABATAN'),
('B258', 'PANITIA PELAKSANA PENGANGKATAN CPNS MENJADI PNS'),
('B259', 'PANITIA PELAKSANA PENGHITUNGAN KEBUTUHAN PNS DAERAH'),
('B260', 'Panitia Pelantikan Pengurus Kadin Kab. Brebes'),
('B262', 'Badan kepegawaian daerah Pekalongan'),
('B261', 'LPKP Semarang'),
('B263', 'RRI Purwokerto'),
('B264', 'FIT ISI 2011 Semarang'),
('B265', 'CPS Yogyakarta'),
('B266', 'AFIYAH , S.Pd SDN Pengabean 04 Losari Brebes'),
('B267', 'Denpasar Bali'),
('B268', 'dr. Wiwien Fitrie W'),
('B269', 'SETDA CILACAP'),
('B270', 'Karyawan Puskesmas Bumiayu'),
('B271', 'Hotel Dedy Jaya Brebes'),
('B272', 'PROVINSI KALIMANTAN SELATAN'),
('B273', 'KABUPATEN WONOSOBO'),
('B274', 'SEKOLAH TINGGI ILMU EKONOMI WDYA MANGGALIA BREBES'),
('B275', 'SATAM KRETEK'),
('B288', 'Farrel Catering'),
('B294', 'FORUM KOMUNIKASI WARTAWAN BREBES ( FKWB ) Jalan Taman Siswa Saditan III Brebes'),
('B295', 'PANITIA KHAUL MASAL'),
('B304', 'Drs.MARJAKA, M.Pd. ( GURU SMA NEGERI O3 CILACAP )'),
('B310', 'CV.MEDIA CITRA PRADANA'),
('B318', 'Panitia Pelantikan Pengurus Gerakan Nasional Pemberantasan Tindak Pidana Korupsi Kab Brebes Masa Bhakti 2011 -2016'),
('B321', 'Badan Pusat Statistik Kabupaten Brebes'),
('B326', 'AKPER AL HIKMAH 02 Benda - Sirampog - Brebes'),
('B328', 'LEMBAGA PENDIDIKAN POLRI PUSAT PENDIDIKAN RESERSE KRIMINAL Cipayung Bogor'),
('B31', 'PUSAT KAJIAN, PENDIDIKAN DAN PELATIHAN PENGELOLAAN KEUANGAN'),
('B331', 'Chaerudin'),
('B333', 'PT Taspen (persero) Jl. Kurinci No. 6 Pekalongan'),
('B336', 'Badan Kepegawaian Daerah Kota Semarang'),
('B339', 'Puskesmas Larangan'),
('B342', 'Gubernur Jateng cq. BKD Prov. Jateng'),
('B344', 'SK Tim Pengelola Data Elektronik Komputerisasi Gaji PNS'),
('B346', 'PANITIA PELAKSANA HPN ( HARI PERS NASIONAL ) 2012 DIALOG PERAN PERS MEMBANGUN BREBES'),
('B349', 'ARSADA JAKARTA'),
('B350', 'Sekdes Se Kecamatan Brebes'),
('b353', 'EDWIEN MARTSTIAWAN, S.Kom'),
('B354', 'KEPALA PUSBINDIKLATREN BAPPENAS JAKARTA'),
('B356', 'Badan Kepegawaian Daerah dan Diklat Kabupaten Ciamis'),
('B357', 'Tuti Rahayu, S.Pd'),
('B359', 'Murti Kristianingsih'),
('B360', 'SMA NEGERI 1 KECAMATAN BANTARKAWUNG'),
('B361', 'Ketua Tim Penguji Kesehatan PNS di Kabupaten Brebes'),
('B363', 'Ardi Santosa'),
('B364', 'Forum Sekretaris Desa Indonesia (Forsekdesi) Kec. Bantarkawung, Kab. Brebes, Prop. Jawa Tengah'),
('B365', 'Paguyuban Sekretaris Desa Kecamatan Banjarharjo'),
('B366', 'Paguyuban Sekretaris Desa Kecamatan Tanjung'),
('B367', 'Paguyuban Sekretaris Desa Kecamatan Jatibarang'),
('B368', 'Paguyuban Sekretaris Desa Kecamatan Paguyangan'),
('B369', 'Paguyuban Sekretaris Desa Kecamatan Salem'),
('B370', 'Forsekdesi Kecamatan Losari'),
('B371', 'Mutaminah, S.Pd'),
('B372', 'RESTI PURBIYANTI DURIS, AMKg ( Puskesmas Kemurang Wetan, Tanjung )'),
('B373', 'Camat Bumiayu'),
('B374', 'ETS TOEFL'),
('B375', 'dr. Ahmad ridlo MKes SpOg'),
('B376', 'WENI IRMA UNIARTA A.Ma ( Guru-guru TK. Aisyiyah Bustanul Athfal di Buaran Bantarkawung'),
('B377', 'Kelurahan Limbangan Kulon Kec. Brebes'),
('B401', 'Panitia Diklat Peningkatan Kompetensi Sekretaris Desa Kab. Brebes Tahun 2012'),
('B379', 'SOLEKHA SMPN 5 BREBES'),
('B378', 'Pusat Informasi Kearsipan Nasional'),
('B380', 'CERDAS TRAINING CENTER JAKARTA'),
('B381', 'GTS Purwokerto'),
('B382', 'INDO DIKLAT YOGYAKARTA'),
('B383', 'GURU SDN 11 Brebes'),
('B384', 'Mohamad Ali Mashuri, STP'),
('B385', 'Solo'),
('B386', 'Tanggerang selatan.'),
('B387', 'KOMUNITAS JURNALIS BUMIAYU'),
('B400', 'Ketanggungan'),
('B388', 'Sutriyono, SH., MM'),
('B389', 'Dra. Lutfiyatul Latifah'),
('B390', 'Ir. Subandi Nur'),
('B391', 'Hermanto Untung, S.Ipem'),
('B392', 'Drs. Kustoro, MM'),
('B393', 'Ir. Budhiarso Dwi Hartono'),
('B394', 'Ir. Moh Iqbal'),
('B395', 'Moh. Ikhsanudin, SH,. M.Si'),
('B396', 'Balai Pendidikan dan Pelatihan Kehutanan'),
('B397', 'Pemerintah Provinsi Daerah Istimewa Yogyakarta'),
('B398', 'DIPONEGORO PROCUREMENT SMART TRAINING'),
('B399', 'Kepala Lembaga Penjamin Mutu Pendidikan Prov. Jawa Tengah'),
('B402', 'SMP NEGERI 1 BANJARHARJO'),
('B403', 'SMP NEGERI 4 BANJARHAJO'),
('B404', 'Panitian Konferensi Anak Cabang (konferancab) PAC. IPNU-IPNU Kecamatan Brebes'),
('B405', 'Lembaga Kajian Indonesia'),
('B406', 'Camat Bulakamba'),
('B407', 'SMP Negeri 3 Kecamatan Banjarharjo'),
('B408', 'dr. HERMANTO'),
('B409', 'Susunan Panitia Kegiatan Diklat CPNS'),
('B410', 'Jakarta'),
('B411', 'Arief Singgih Purnomo,Spd'),
('B412', 'Puskesmas Kluwut'),
('B413', 'Setda bantul'),
('B414', 'IDA FULAELA'),
('B415', 'Ketua TPK Kota Tegal'),
('B416', 'Pimpinan \"KORPRI \" Catering\" Jl. MT. Haryono No. 29 Brebes'),
('B417', 'Kepala DPPK Kab. Brebes Cq. Kepala Bidang Pembendaharaan dan Verifikasi'),
('B418', 'SITI SRI YUHANINGSIH NIP. 19731015 199303 2 003'),
('B419', 'Farikha'),
('B420', 'Pimpinan SATRIA Catering'),
('B421', 'Sri Inyani,S.Pd'),
('B422', 'Pusat Kajian Tata Kelola Keuangan dan Pembangunan Pemerintahan Daerah'),
('B423', 'Pengelola Gedung Pertemuan NU Kab. Brebes'),
('B424', 'DANDIM 0713 BREBES'),
('B425', 'Kantor BPTN Cabang Brebes'),
('B426', 'Panitia Penyelenggaraan Bintek Cakasek SD'),
('B427', 'BADAN PENDIDIKAN DAN PELATIHAN ENERGI DAN SUMBER DAYA MINERAL'),
('B428', 'dr. ARLINDA ROSMELANI'),
('B429', 'SMA Negeri 1 Ketanggungan'),
('B430', 'LOR IN HOTELS AND RESORTS  SOLO'),
('B431', 'AGUS WAHYUDIN,ST NIP. 19680419 199703 1 003  ( Dinas Pengairan ESDM Kab. Brebes Pemali Malahayu'),
('B432', 'GOR JATIDIRI SEMARANG'),
('B433', 'UNIVERSITAS DIPONEGORO'),
('B434', 'WARTOID, S.IP'),
('B435', 'Petuigas piket Prajabatan Tahun 2012'),
('B436', 'Kepala Kantor Pajak KP2KP Bumiayu ( Kantor Pajak Brebes ) di Brebes'),
('B437', 'HPN ( Hari Pers Nasional )'),
('B438', 'PENGURUS ISLAMIC CENTRE'),
('B439', 'INSPEKTUR DAN KA BADAN/DINAS/SET DPRD/KABAG ORG/KANTOR DAN CAMAT DI LINGKM PEM KAB BREBES'),
('aa22', 'dr. ALI BUDIARTO'),
('B440', 'Gedung P2PNFI Jl.P.Diponegoro No 250 Ungaran'),
('B441', 'PAC.IPNU.IPPNU Kec.wanasari'),
('B442', 'Patra Semarang Convention Hotel'),
('B443', 'ISTI JULIATUN, S.Pd ( Staf UPTD Pendidikan Kec. Wanasari )'),
('B444', 'UNIVERSITAS LANGLANGBUANA BANDUNG'),
('B445', 'Sdr. Faiq Muamar, S.Pd'),
('B446', 'Direktur Perencanaan Kepegawaian dan Formasi'),
('B447', 'SMP NEGERI 01 KECAMATAN BREBES'),
('B448', 'FORUM KOMUNITAS PENGUSAHA, PEDAGANG KAYU BREBES SELATAN'),
('B449', 'SMILE GROUP YOGYAKARTA'),
('B450', 'NURUL MASNUNIk, S.SI NIP. 19810822 200801 2 001'),
('B451', 'Drs.F.Robby Adytia Tamara, S.Kom ( Jl. Kh. Ahmad Dahlan No. 27 B Pasarbatang'),
('B452', 'LP2TRI'),
('B453', 'GTS Purwokerto'),
('B454', 'Bappeda Kab. Brebes'),
('B455', 'YABPEKNAS'),
('B456', 'Lembaga GNOTA'),
('B457', 'Mochamad Radi'),
('B458', 'Yayasan SMA Al Huda Bumiayu'),
('B459', 'Susilowatiningtyas, Amd.Keb. NIP.19841208 201101 2010'),
('B460', 'IKATAN AKUNTAN INDONESIA'),
('B461', 'SMP NEGERI 4 BUMIAYU'),
('B462', 'dr.ROY INDRO LAKSONO'),
('B463', 'ERNA DWI HARYANTI, S.Pd.SD'),
('B464', 'TAMIN Cs'),
('B465', 'Ka BKBPP,Dinas Peternakan,Dinas Pengairan,DKK,DPU & Taru,Dinas Perikanan,Dinas pendidikan,Ka bag.organisasi,UPTD Pendidikan se kab.Brebes'),
('B466', 'HILAL ALMULAIBARI, SE'),
('B467', 'Ulfatun Khasanah'),
('B468', 'Balai Diklat Transportasi Darat Tegal'),
('B469', 'Panitia peringatan Hari Kartini'),
('B470', 'STIS Jakarta'),
('B471', 'ENDANG SUPRIYATIN, AMK NIP.19790306 200801 2 026'),
('B472', 'SMP Negeri 3 Kecamatan Paguyangan'),
('B473', 'Kantor DPPKAD, Kabag Hukum, Kabag Org dan Dir. Bank Jateng'),
('B473', 'Kantor DPPAD Kab. Brebes, Kabag Hukum, Kabag Org, dan Dir. Bank Jateng'),
('B474', 'Mochamad Radi'),
('B475', 'Taufan Haqiqi, SE, Staf Bag. Pemerintahan Desa SETDA Kab. Brebes'),
('B476', 'Bupati Brebes Cq. Kepala Dinas Pendidikan'),
('B477', 'Majelis Nurul Musthofah Cabang Brebes'),
('B478', 'Sutarno CS'),
('B479', 'Sulistiyani NIP. 19621005 198304 2 003'),
('B480', 'DARWANTO, SE'),
('B481', 'NURYAMAN, S.Pd Bin ABDUL MANAN'),
('B482', 'JURNAL PENDIDIKAN OKTADIKA TEGAL'),
('B483', 'Pengurus Besar PGRI Jakarta'),
('B484', 'Peserta Diklat Pim. Tk.IV Kab. Brebes Tahun 2012'),
('B485', 'Peserta Diklat Pim. Tk.III Kab. Brebes tahun 2012'),
('B486', 'IBNU CHALID, SH TEGAL'),
('B487', 'dr. SURAJI ADI PURWO'),
('B488', 'SODIKIN'),
('B489', 'Inspektorat s/d UPTD Pendidikan se Kabupaten Brebes'),
('B490', 'DIRJEN PENDIDIKAN DASAR JAKARTA'),
('B491', 'Drs.MOCH.AGUS WAKHID, M.Kes Cs ( 6 Orang )'),
('B492', 'Eko Taryanto'),
('B493', 'dr. Dian Damayanti'),
('B494', 'Universitas Muhammadiyah Surakarta'),
('B495', 'MOH.FAOZAN, S.Pi ( Dinas Peikanan )'),
('B496', 'SMP Negeri 2 Paguyangan'),
('B497', 'Umiyati cs'),
('B498', 'Guru dan Karyawan SMA Negeri 1 Srampog'),
('B524', 'DWI LISTYARINI, SST'),
('B499', 'TRISMAN'),
('B500', 'IMRON MUHAEMIN, SH'),
('B501', 'DPPK Kab. Brebes'),
('B503', 'Kepala Pusat Pembina Pendidikan dan Pelatihan Perencana Bappenas'),
('B504', 'Rohatiningsih Desa Pemaron RT 03/07 Kecamatan Brebes'),
('B505', 'Desa Kedunguter Kecamatan Brebes'),
('B506', 'Cecep Aji Suganda, AP.M.Pi NIP. 19730630 199403 1 003 Cs'),
('B507', 'PERSAB BREBES'),
('B508', 'Sekretaris Daerah Kota Brobolinggo'),
('B509', 'UNIKAL ( Universitas Pekalongan )'),
('B510', 'Manager PLN Brebes'),
('B511', 'RUMAH MAKAN \"RIZQI \" Jl. Banjaran Salem'),
('B512', 'Ketua NU Kabupaten Brebes'),
('B513', '\"Rumah Makan Family \" Jl. Raya Bantarkawung'),
('B514', 'MA\'RIFAH ( Pimpinan \"Rumah Makan Family \" Jl. Raya Bantarkawung )'),
('B515', 'MUSLIMAT NU KECAMATAN BANTARKAWUNG'),
('B516', 'SMP AL-MUSTHOFA NU BUMIAYU'),
('B517', 'RSUD BUMIAYU'),
('B518', 'Kepala SKPD sekab. Brebes'),
('B519', 'LPMP Provinsi Jawa Tengah Semarang'),
('B520', 'Kepala Unit Layanan Pengadaan Kabupaten Brebes'),
('B521', 'Kepala Dinas Pariwisata, Kebudayaan, Pemuda dan Olahraga Kab. Brebes.'),
('B526', 'PHBI DK KARANGGANDUL DESA CILIBUR KEC.PAGUYANGAN'),
('B528', 'SEKRETARIS KORPRI'),
('B530', 'Paguyangan'),
('B531', 'Pusdiklat Pengawasan BPKP Ciawi bogor'),
('B532', 'Losari'),
('B533', 'Sirampog'),
('B534', 'Wanasari'),
('B535', 'Edi Supeno, S.IP, Cs'),
('B536', 'Balai Pelatiha Teknis Profesi Kesehatan Gombong'),
('B537', 'Para Wajib LHKPN Kab. Brebes'),
('B538', 'EMA RATNA PURI, SEI'),
('B539', 'Panitia HARLAH NU Ranting Kalijurang Tonjong Brebes'),
('B540', 'GP ANSOR NAHDATUL \'ULAMA ( NU ) BUARAN BANTARKAWUNG'),
('B541', 'SDN 02 Margadadi Bumiayu'),
('B542', 'BKD SURSABAYA'),
('B543', 'Bambang Suminto, SE. M.Si'),
('B544', 'NAHDHATUL ULAMA KECAMATAN BANTARKAWUNG'),
('B545', 'HOTEL PARAGON SOLO'),
('B546', 'Ketua FKMD Kecamatan Bulakamba'),
('B547', 'Tanjung'),
('B548', 'Amti Itsna T, A.Md.Keb'),
('B549', 'Kepala Bidang Diklat BKD Kab.Brtebes'),
('B550', 'Ir. GHODIMAN, MTP'),
('B551', 'PAGUYUBAN SEKAR TANTRI KABUPATEN BREBES'),
('B552', 'PANITIA ISRO MI\'ROJ & MUJAHADAH KECAMATAN SIRAMPOG'),
('B553', 'Bagian Pemerintahan Desa Setda Kabupaten Brebes'),
('B554', 'MUSLIMAT NU KECAMATAN SONGGOM'),
('B555', 'PANITIA ISRO MIROJ & MUJAHADAH KECAMATAN SIRAMPOG'),
('B556', 'Bumiayu'),
('B557', 'NUR ISMAWANTI,SE'),
('B558', 'SURABAYA'),
('B559', 'DUSTAM (Sekdes Ds.cipajang - kec.Banjarharjo - kab Brebes)'),
('B560', 'Bapak Akhmad Qusaeri (pasar batang)'),
('B561', 'Inspektur/Ka.Badan/Dinas/Bagian di lingkPemkab Brebes, Camat se Kab Brebes, Direktur RSUD Kab Brebes, UPTD Dinas Pendidikan'),
('B562', 'Bantarkawung'),
('B563', 'SMP NEGERI 2 SALEM'),
('B564', 'KEMENTERIAN PERTANIAN RI'),
('B565', 'SMP NEGERI 2 KECAMATAN WANASARI'),
('B566', 'Kantor Lembaga Sandi Negara Jakarta'),
('B567', 'Panitia Malam Keakraban'),
('B568', 'STKIP ISLAM BUMIAYU'),
('B569', 'Dr.Umarudin'),
('B570', 'Anes setyawati, amk'),
('B571', 'Drs.Moch Agus Wakhid. Cs'),
('B572', 'PUSDIKLAT OTONOMY DAERAH'),
('B573', 'Se-anggota tim pemroses izin perkawinan dan perceraian'),
('B574', 'SKHU CAKRAWALA biro brebes,tegal,slawi'),
('B575', 'Panitia Pengajian Haflah Achirussanah dan Chotmil Juz\'Amma Pondok Pesantren Al-Karomah Siandong Kecamatan Sirampog'),
('B661', 'Hotel Patra Jasa Cirebon'),
('B576', 'MASROPAH URIPAH, S.IP'),
('B577', 'Panityia Hajat Bumi Tahun 2012 Desa Luwungbata Kecamatan Tanjung'),
('B578', 'Panitia Haflah Akhir Sanah dan Khotmil Qur\'an Luwungragi Bulakamba Brebes'),
('B579', 'Balai Pengembangan Sumber Daya Manusia Peternakan Ungaran'),
('B580', 'Darisah'),
('B581', 'Yayasan Pendidikan Islam Mansyaul Ulum Assalafiyyah Luwungragi Bulakamba Brebes'),
('B582', 'Wajib LHKPN Kabupaten Brebes'),
('B583', 'Dinas peternakan dan Kesehatan hewan Provinsi jawa tengah'),
('B584', 'Kantor Hukum Purwanto ,SH & Assocites advokat dan Konsultan Hukum'),
('B585', 'Kantor Hukum, Purwanto, SH & Associates Advokat dan Konsultan Hukum Brebes'),
('B586', 'SMA NEGERI 3 BREBES'),
('B587', 'PANITIA SELEKSI TILAWATIL QURAN (STQ) TINGKAT KAB.BREBES'),
('B588', 'SATPOL PP Kab.Brebes'),
('B589', 'NASUHA SALEM'),
('B590', 'PENGADILAN AGAMA KAB.BREBES'),
('B591', 'GP ANSOR KABUPATEN BREBES'),
('B592', 'IZZA DWI KHAERANI ,S.Si'),
('B593', 'FERI ZULFIKAR Cs (2 ORANG)'),
('B594', 'YAYASAN MUHADI SETIABUDI'),
('B595', 'ENDAH PRAMIASIH ,S.Pd'),
('B596', 'Bpk/Ibu PNS menjelang Pensiun/Purna Tugas'),
('B597', 'Kurniyawan'),
('B598', 'Panwaluskada kab.brebes'),
('B599', 'Sdr.Nasuha'),
('B600', 'KEMENTERIAN KEHUTANAN JAKARTA'),
('B665', 'Kec. Kersana'),
('B667', 'Kec. Salem'),
('B601', 'KORPRI Tegal'),
('B601', 'KORPRI Tegal'),
('B602', 'Widi Asturi.S.ST'),
('B603', 'Drs.R.Nuchyar (MASIGAB)'),
('B604', 'Puskesmas kec.Tanjung'),
('B605', 'Kantor Regional I BKN Yogyakarta'),
('B606', 'Bogor,Jabar'),
('B607', 'CV. Karya Sentosa'),
('B608', 'PONPES KEMPEK CIREBON'),
('B609', 'Sutoro,SE'),
('B610', 'KEJAKSAAN NEGERI BREBES'),
('b611', 'Organisasi Swadaya Masyarakat LP3BP Brebes Lembaga Peduli Para Pengemudi Becak & Pemilik'),
('B612', 'PURWANTO, SH & ASSOCIATES BREBES'),
('B613', 'Drs.Slamet Junaedi'),
('B614', 'KP-RI \"ADHY KARYA \" Kantor Bupati Brebes'),
('B615', 'Komandan Kodim 0713 Brebes'),
('B616', 'Bank Jateng Cabang Brebes'),
('B617', 'Panitia Baksos & Safari Ramadlan Persatuan Siswa Islam Brebes (PSIB)'),
('B618', 'Komisi Pemilihan Umum'),
('B619', 'BKN I YOGYAKARTA'),
('b620', 'KEPALA BAPPEDA KAB. BREBES'),
('B662', 'Gubernur Jateng Cq Kepala Biro Orpeg Prov Jateng'),
('B621', 'Panitia Pengajian Umum Nuzulul Quran'),
('B622', 'GP ANSOR DESA SIWUNGKUK KEC. WANASARI'),
('B623', 'Saleh Muhammad ,S.Sos Cs (11 Orang)'),
('B624', 'Masrukhi & Evin Nurviana ( Karangjunti RT .02/01 Bumiayu )'),
('B625', 'Pusk.Cikakak Kec.Banjarharjo'),
('B626', 'Koran LINTAS MEDIA'),
('B627', 'Yuniarti Wulandari, A.Md'),
('B628', 'Universitas Stikubank Semarang'),
('B29', 'Ria Rizqi Amalia,S.STPAR'),
('B629', 'Rya Rizqi Amalia,S.STPAR'),
('B630', 'SMKN 1 BREBES'),
('B631', 'Busroni,S.Pd.SD'),
('B632', 'Panitia Peringatan HUT Ke-67'),
('B633', 'Panitia Halal Bihalal'),
('B634', 'Pengurus Masjid Baiturrohim'),
('B635', 'Pengurus Masjid Jami AL-KIROM'),
('B636', 'AGUS RIYANTO, S.kM ( Kepala UPTD Puskesmas Danau Rawah Kabupaten Kapuas'),
('B637', 'NAHDYATUL QUROH,A,MF'),
('B638', 'Sri Asih Indrawati, S,Pd,M.Pd NIP. 19760926  200604 2 006'),
('B639', 'Se Anggota Tim Penyusun Standar Kpmpetensi Jabatan di Lingkungan Pemerintah Kab.Brebes'),
('B640', 'kepala Bidang BKD kab.Brebes'),
('B641', 'Panitia Halal Bihalal dan Khaul Masal'),
('B642', 'Nurun Nisa Ainul Ummah,Amd.Keb'),
('B643', 'Karang Taruna \" Tunas Karya \" Desa Songgom Kecamatan Songgom Kabupaten Songgom'),
('B644', 'Drs. Agus Warsito NIP. 19650911 199403 1 005'),
('B645', 'KOMNASHAM RI'),
('B646', 'SANTRI DAN ALUMNI LIRBOYO SE- KABUPATEN bREBES'),
('B647', 'Kelurahan Pasarbatang'),
('B648', 'hesti purnami, S.St'),
('B649', 'komar, se'),
('B649', 'komar.se'),
('B666', 'Noverita K, ST'),
('B650', 'Se Anggota Tim Pengelola Data Elektronik Komputerisasi Gaji PNS'),
('B651', 'TRUSTCO Jawa Tengah'),
('B663', 'HOTEL GRAND SETIAKAWAN SOLO'),
('B664', 'hotel grang setiakawan solo'),
('B652', 'KEPALA SMP NEGERI 5 BREBES'),
('B669', 'Hotel Inna Garuda Yogyakarta'),
('B653', 'Ummi Ma\'summah, S.Pd NIP. 19870319 201101 2 014'),
('B654', 'BUPATI BARITO SELATAN'),
('B655', 'Kepala Lembaga Pengembangan dan Pemberdayaan Kepala Sekolah di Surakarta'),
('B656', 'BKK Brebes'),
('B657', 'Puskesmas Jatibarang'),
('B658', 'SMP NEGERI 3 BULAKAMBA'),
('B668', 'Kepala Dinas SOSNAKERTRANS'),
('B659', 'Setda Provinsi Kalimantan Tengah'),
('B660', 'Bagja dan Umi'),
('B660', 'Bagja dan Umi'),
('B670', 'IIS MARDIAH ULPAH'),
('B671', 'STIALAN BANDUNG'),
('B672', 'Ir. Daru Handani'),
('B673', 'Fetiana Dwiningrum, S.IP'),
('B674', 'The Sun Hotel Surakarta'),
('B675', 'WALIKOTA SALATIGA'),
('B676', 'Se Anggota SK Tim Panitia Penerapan KPE bagi PNS di Lingkungan Pemkab. Brebes'),
('B677', 'Badan Pertimbangan Kepegawaian ( BPK Jakarta )'),
('B678', 'Sdr. SUPIASIH MUSTIKA DEWI, S.ST'),
('B679', 'Bupati Brebes Cq. Kabag Hukum Setda Brebes'),
('B680', 'Sdr. dr. Novie Eko Puspitasari'),
('B681', 'Lembaga Pengembangan Pemberdayaan Kepala Sekolah ( LPPKS )'),
('B682', 'Magdalena Sri mei haryanti'),
('B683', 'Peserta Diklat Pim Tk.IV Angkatan XLII di Badan Diklat prov. Jawa Tengah Tahun 2012'),
('B684', 'SETDA BEKASI'),
('B685', 'Bandiklat Bandung'),
('B686', 'Askini Khairunnisa, S.Pd.I ( SMK Negeri 1 Binangun Cilacap Jawa Tengah'),
('B687', 'MOLLA C.O.U.R.S.E TEGAL'),
('B688', 'SD Negeri 2 Brebes'),
('B689', 'Sekretaris dan Kabid. di BKD Kab. Brebes'),
('B690', 'AGUNG NUGROHO, SP'),
('B691', 'SMA NEGERI 1 JATIBARANG'),
('B692', 'Endang Sri Hutami'),
('B693', 'Prodi Teknik Komputer Politeknik Harapan Bersama Tegal'),
('B694', 'Ir. Budhiarso Dwi Hartono, cs'),
('B695', 'se-anggota tim KPE'),
('B696', 'Hotel Nugraha Wisaqta Jl. Raya Bandungan - Kab. Semarang'),
('B697', 'JANU SUMADI, SH ( Jl. Malik Ibrahim No.2 Brebes )'),
('B698', 'SD NEGERI 01 BREBES'),
('B699', 'Sekretaris Daerah Namlea'),
('B700', 'Dinas Kesehatan Kabupaten Ciamis'),
('B701', 'Taryono'),
('B702', 'eni listiana, s.ip'),
('B703', 'Riski Rina Susanti'),
('B704', 'SETDA AMBON'),
('B705', 'NOVERITA K, ST'),
('B706', 'M.MUSLICH, S.Sos,MM ( Pelaksana pada Badan Diklat, Arsip dan Perpusda Kabupaten Cilacap'),
('B707', 'H.ABDUL AZIZ Jl. Pesarean RT. 02 RW.06 Larangan Brebes'),
('B708', 'duladi'),
('B709', 'MASROWI'),
('B710', 'Direktur PDAM Kab. Brebes'),
('B711', 'Drs. CASUDI, M.Pd Pengawas Madya pada Satuan Pendidikan SMK Kab. Karanganyar'),
('B712', 'STPMD YOGYAKARTA'),
('B713', 'Ketua KORPRI Kab. Brebes'),
('B714', 'KORAN PEMANTAU KORUPSI ( KPK ) Desa Kemukten RT 05 RW 03 Kecamatan Brebes'),
('B715', 'Esih Kurniasih'),
('B716', 'SMP Negeri 2 Bumiayu'),
('B717', 'Panitia Malam Inagurasi Peserta Prajabatan CPNS Reguler Gol.III Angkatan III Di Kabupaten Brebes'),
('B718', 'LPPKP Jakarta'),
('B719', 'Rudi Hartono, A.Ma.Pd, Guru SDN Brebes 02 Kec. Brebes Kab. Brebes Nip. 19830913 201001 1 014'),
('B720', 'BKD Propinsi Jateng Semarang'),
('B721', 'M.Muslich S.Sos.MM'),
('B722', 'kepala badan, dinas, direktur rsud dan camat di lingk. pemkab brebes'),
('B723', 'kepala sekretariat dan para kepala bidang'),
('B724', 'Lamaran Pekerjaan'),
('B725', 'Presiden Republik Indonesia'),
('B726', 'Anggie Maulana Subkhan'),
('B727', 'Panitia Pendiri Politeknik Kesehatan Cirebon'),
('B728', 'Ka. Bag Protokol Setda Kab. Brebes'),
('B729', 'Ka. Bag Humas dan Protokol Setda Kab. Brebes'),
('B730', 'BANDIKLAT YOGYAKARTA'),
('B731', 'Menteri Dalam Negeri cq. Sekretariat tim peneliti dan penilai LP2P'),
('b732', 'Kepala Badan Kepegawaian Negara'),
('B733', 'STIE WIDYA MANGGALIA KABUPATEN BREBES'),
('B734', 'EKA LINTANGSARI'),
('B735', 'Lembaga Kajian Indonesia'),
('B736', 'se-Anggota tim peneliti dan penilai LP2P'),
('B737', 'Sulis Tri Hartati Balapulang Tegal'),
('B738', 'SETDA JEPARA'),
('B739', 'SETDA PALANGKARAYA'),
('B740', 'Panitia Peringatan Maulid Nabi Muhammad S.A.W 1434 Brebes Bersholawat Jamiyah Rotib Brebes Jl.Husni Thamrin RT.08 /RW 02 Brebes'),
('B741', 'Mohamad Mashari, AM.Kep ( UPTD Puskesmas Margadana Kota Tegal'),
('B742', 'AISYAH ( Kecamatan Ketanggungan )'),
('B743', 'SMP NEGERI 2 KERSANA'),
('B744', 'SUPARNO, S.Pd ( Guru SMA Negeri 1 Brebes'),
('B745', 'Badan Permusyawaran Desa ( BPD ) Desa Janegara Kecamtan Jatibarang'),
('B746', 'PT.BANK BUKOPIN, CABANG TEGAL'),
('b747', 'Kersana'),
('B748', 'Dewan Pimpinan Cabang  Kabupaten Brebes'),
('B749', 'KANREG III BANDUNG'),
('B750', 'RASTUTI, SPd.MM'),
('B751', 'Drs. Muhajir ( Guru Agama Islam )'),
('B752', 'Ir.GHODIMAN, MT'),
('b753', 'Kepala Dinas Perhubungan, Komunikasi dan Informatika Kab. Brebes'),
('B754', 'ADE PRISTYHARTO NUGROHO'),
('B755', 'Yeni Nurani, A.Md.Keb'),
('B756', 'SUDIRO GURU SD NEGERI KEDUNGUTER 02 KEC. BREBES'),
('B757', 'Nunung Nurjanah'),
('B758', 'Munfaroh'),
('B759', 'SUKIWAN Sekretaris Desa Dukuh Salam Kec. Losari'),
('B760', 'SMP NEGRI 3 TANJUNG'),
('B761', 'Dr.H.ASEP SIRLI SASMITA'),
('B762', 'HARTONO'),
('B763', 'badan pengawas pemilihan umum provinsi jateng'),
('B764', 'Camat Jatibarang'),
('B765', 'Camat Bantarkawung'),
('B766', 'panitia hari jadi ke-335 kabupaten Brebes'),
('B767', 'panitia pengawas pemilihan umum kab.Brebes'),
('B768', 'Susilowatiningtyas,Amd.Keb'),
('B769', 'Deny Ardi Lourina,S.KM NIP.19880708 201101 2 015'),
('B770', 'Balai Diklat Yogyakarta'),
('B771', 'ELIA SUSANTI'),
('B772', 'POLITEKNIK KESELAMATAN TRANSPORTASI JALAN'),
('B773', 'kepala desa randusanga kulon'),
('B774', 'plt.kepala badan kepegawaian daerah kab. brebes'),
('B775', 'UD. tirto utomo'),
('B776', 'CV.DUTA NUSINDO SEMARANG'),
('B777', 'PUJIYONO NIP.19650924 198810 1 001'),
('B778', 'camat paguyangan'),
('B779', 'Bagian Tata Pemerintah Setda Kabupaten Brebes'),
('B780', 'UPBJJ-UT SEMARANG'),
('B781', 'Tenaga Kerja Kontrak Pemerintah Kab. Brebes'),
('B782', 'Desa Randusanga wetan'),
('B783', 'Dr. JOHANES SIMAN'),
('B784', 'SDN Bulakparen 01 kec. Bulakamba'),
('B785', 'SDN  Limbangan 01 kec.Kersana'),
('b786', 'SDN  BANGSRI 01 Kec. Bulakamba'),
('B787', 'Kasubag Umum & kepegawaian BKBPP kab.Brebes'),
('B788', 'BADAN PENDIDIKAN DAN PELATIHAN KEUANGAN SEKOLAH TINGGI AKUNTANSI NEGARA'),
('B789', 'Agus Wahyudin, ST NIP.19680419 199703 1 003'),
('B790', 'Menteri Tenaga Kerja dan Transmigrasi Republik Indonesia'),
('B791', 'Panitia Peringatan HARLAH IPNU KE - 59 DAN IIPNU - 58  KEC. WANASARI'),
('B792', 'Pengurus cabang lembaga GN - OTA Kab. Brebes'),
('B793', 'ARIF RAKHMAWAN, SH NIP.19710212 199803 1 006'),
('B794', 'MAMAN IRYANTO, S.ST NIP 19560127 197902 1 002'),
('B795', 'SARIAH. SE NIP.19650528 199503 2 001'),
('B796', 'KRIS ARDIANTY, A.Md NIP.19740610 201001 2 003'),
('B797', 'BOGOR'),
('B798', 'Drs. KUSTORO, MM NIP.19591012 198403 1 008'),
('B799', 'MAKASAR Sul-sel'),
('B800', 'ABDUL HALIM.S.Pd'),
('B801', 'ASBAUTIN.S.Pd'),
('B802', 'MASIAH.AMA.Pd'),
('B803', 'RASMALI.'),
('B804', 'Kantor Diklat Kab. Banyumas'),
('B805', 'NUR FAIZAH, S.Pd NIP.19840720 201101 2 005'),
('B806', 'Sekretaris Daerah kab. Tegal'),
('B807', 'Panitia Pelaksana HPN dan Bakti sosial kab. Brebes'),
('B808', 'SMP NEGERI 3 KECAMATAN BUMIAYU'),
('B809', 'BPK RI Perwakilan Propinsi Jawa Tengah Semarang'),
('B810', 'PRITA KHOIROTUNNISA SRI AGUSTINA, A.Md.Keb'),
('B811', 'Direktur PT. BPD jateng Cab. Brebes'),
('B812', 'ka.subbag umum & kepegawaian DPUTARU kab.brebes'),
('B813', 'SD N LEMBARAWA 01'),
('B814', 'Cisarua Bogor'),
('B814', 'Cisarua Bogor'),
('B815', 'Sri Hartanti'),
('B816', 'Kepala Desa'),
('B817', 'ABU SAFIK'),
('B818', 'BUPATI KUDUS'),
('B819', 'Kantor Pajak KP2KP Bumiayu (kantor pajak Brebes)'),
('B820', 'PONPES Al Hikmah 1 Benda'),
('B821', 'Badan Perencaan Pembangunan Nasional'),
('B822', 'Perguruan Tinggi Kedinasan Akademik Minyak dan Gas Bumi'),
('B823', 'Deputi Bidang Kinerja dan Perundang-undangan BKN Jakarta'),
('B824', 'Pengurus Masjid Al-Munawaroh'),
('B825', 'LHMC Pemalang'),
('B826', 'Forum Komunikasi Pegawai Honorer Usia 46 +'),
('B827', 'Dr. NIKEN RATNA DEWI'),
('B828', 'Dr. ASTRID DEWI PRABANINGTYAS'),
('B829', 'Grand Quality Hotel'),
('B830', 'dr.Apriliana FKD NIP. 19830402 200904 2 004'),
('B831', 'PT. BTPN cabang Brebes'),
('B832', 'Kantor Cabang PT. TASPEN (persero) Pekalongan'),
('B833', 'Diklat Cirebon'),
('B834', 'BNI Capem Brebes'),
('B835', 'Palang Merah Indonesia Kabupaten Brebes'),
('B836', 'DIDIK SISWANTO ( Bagian Perekonomian Setda Kab. Brebes )'),
('B887', 'HOTEL HORISON Jl. KH Ahmad Dahlan No.2 Semarang'),
('B888', 'Kabid se BKD'),
('B889', 'BPSDM NAK Ungaran'),
('B890', 'WIDODO, SE, M.Si'),
('B891', 'drg.Astrid Dewi Purbaningtyas  ( Dokter Gigi Muda Puskesmas Ketanggungan )'),
('B892', 'Drs.Apriyanto Sudarmoko'),
('b893', 'Kabag Pemdes Setda'),
('B894', 'Karyono Sumantri Jl.RA.Kartini No.31 RT 01 / 03 BREBES'),
('B895', 'SINTHIA DIYAH INDRIYANI, A.Md'),
('B896', 'Se Panitia Workshop PP 46 Th 2011'),
('B897', 'drg.ARCAN KUMALASARI'),
('B898', 'Yusrina Staf Bag. Umum Setda Kab. Brebes'),
('B899', 'BUPATI KEBUMEN'),
('B900', 'Warga Masyarakat Malahayu Kecamatan Banjarharjo'),
('B901', 'ZAINI MIFTAH, S.Pd NIP.19740824 200902 1 001'),
('B902', 'Askini Khairunnisa,S.Pd.I'),
('b903', 'SKPD se Kab. Brebes'),
('B904', 'IDA ELIYAH, AMd.Gizi'),
('B905', 'Hasby As Sidik, A.Md.Kep.'),
('B906', 'HERVINA IRIANI, A.Ma NIP.198609 200909 2 002'),
('B907', 'Madya Indah Lestari NIP. 19810207 200909 2 001'),
('B908', 'Madya Indah Lestari NIP. 810207 200909 2 001'),
('B909', 'EDI SUDASTO Tanjung'),
('B910', 'Ilham Santoso, SH Kasubag Umum dan Kepegawaian'),
('B911', 'SUKARDI, M.Pd'),
('B912', 'PERGUSTA BREBES'),
('B913', 'Badan Pelaksana Penyuluhan Kab. Brebes'),
('B914', 'Sutrisno, SH'),
('B915', 'isna khoirina, a.md'),
('B916', 'Bupati Sukoharjo'),
('B917', 'KETUA KUD ADIL MAKMUR JATIBARANG'),
('B918', 'Kementrian Pendidikan dan Kebudayaan Lembaga Penjaminan Mutu Pendidikan Provinsi Jawa Tengah'),
('B919', 'Tri Wahyuningsih, S.Pd NIP. 19770605 201101 2 006'),
('B920', 'Puskesma Kecipir Kec. Losari'),
('B921', 'M.ALI GHOZI.Amd NIP.19760212 201101 1 002'),
('B922', 'POLITEKNIK BREBES'),
('B923', 'Imam Baehaqi, SH'),
('B924', 'Kepala Kantor Cabang Telkom Brebes'),
('B925', 'STIE \"AUB\"SURAKARTA'),
('B926', 'Puskemas Cikeusal'),
('B930', 'Panitia Diklat Pim Tk.IV Tahun 2013'),
('B931', 'Petugas Piket Diklat Pim Tk. IV'),
('B932', 'Petugas OutBound Diklat Pim Tk.IV'),
('B933', 'Tenaga Pengajar Diklat Pim Tk. IV'),
('B934', 'Peserta Diklat Pim Tk.IV Tahun 2013'),
('B935', 'Petugas Pendamping OL Diklat Pim Tk. IV tahun 2013'),
('B936', 'SMP NEGERI 2 Kabupaten Brebes'),
('B937', 'Camat Wanasari'),
('B938', 'Ketua PGRI Kec. Tanjung'),
('B939', 'Camat Banjarharjo'),
('B940', 'TAMAN MINI INDONESIA INDAH JAKARTA'),
('B941', 'PUSKESMAS KALIGANGSA BREBES'),
('B942', 'DPPKAD Kota Tegal'),
('b943', 'Kabag Hukum Setda'),
('B944', 'Kepala DPPK c.q. Kabid Akutansi Kabupaten Brebes'),
('B945', 'AIKAH RATNANINGSIH SMP NEGERI 01 SALEM'),
('B946', 'Asisten Administrasi Sekda Brebes'),
('B947', 'MOHAMAD DAHLAN NIP 19700320200901 1 003'),
('B948', 'Drs. Naksud, S.Pd I.M.Pd'),
('B949', 'Drs.Ahmad Mualif Marito Kasi Tramtib Kec. Kersana Cs ( 40 Orang )'),
('B950', 'dr.Agus Sutanto,M.Sc,SpPD'),
('B951', 'Paguyuban Tenaga Kontrak Kab. Brebes'),
('B952', 'SETKAB RI DAN BKN JAKARTA'),
('B953', 'JAMIYAH DZIKIR ROTIB KABUPATEN BRFEBES'),
('B954', 'Masyarakat Pencinta Keadilan'),
('B955', 'DONO ( Mantan Kepala Desa Randengan Losari )'),
('B956', 'Deby Koes Endang, SH'),
('B957', 'Panitia Peringatan Hari Kartini Ke 134 Tahun 2013'),
('B958', 'Se Anggota Tim Operator SIM Gaji PNS Kabupaten Brebes'),
('B959', 'BIMPEDA'),
('B960', 'Panitia Ponpes Assalafiyah'),
('B961', 'Puskesmas Kersana'),
('B962', 'SMA NEGERI 2 KECAMATAN BREBES'),
('B963', 'SARWIN ( PENSIUNAN PNS ) KEc.SALEM'),
('B964', 'SRI MULYATI,A.Ma.Pd ( SD NEGERI SAWOJAJAR 01 KEC.WANASARI )'),
('B965', 'Kepala Desa se Kecamatan Songgom'),
('B966', 'Edy Sucipto'),
('B967', 'Yayasan Kerabat Kita'),
('B968', 'Dhian Hendrawati, S.Kep'),
('B969', 'Forum Komunikasi Tenaga Hanorer K2 (FKTH -2 ) Kab. Brebes'),
('B970', 'Burhan Bahtiar Kecamatan Tonjong'),
('B971', 'Sekolah Tinggi Pembangunan Masyarakat Desa \" APMD \" Program Pascasarjana ( S-2 ) Ilmu Pemerintahan.'),
('B972', 'Komnas Ham RI'),
('B973', 'BUPATI BREBES.'),
('B974', 'Walikota Cilegon'),
('B975', 'Camat Sirampog'),
('B976', 'STUDIO TVRI JAWA TENGAH'),
('B977', 'Kamila, S.Pd'),
('B978', 'KABAG KESRA'),
('B979', 'MUKHTIROH'),
('B980', 'UMMU AIMAN, S.ST'),
('B981', 'Kota Banjar'),
('B982', 'WAHYU HADI PURWANTO , SH'),
('B983', 'ANTONI Kelurahan Susukan Kab. Semarang'),
('B984', 'Bapak K.H.ZAERUKHI, BA'),
('B985', 'Kota Banjar Prov. Jawa Barat'),
('B986', 'Sdr. Toipah, SE NIP. 197704201997032003'),
('B987', 'Sdr. MOHAMMAD IQBAL, cs'),
('B988', 'Camat Tonjong'),
('B989', 'Sdr. wiwin Kurniasih, SP'),
('B990', 'SALA TIGA'),
('B991', 'Riyanto Cs'),
('B992', 'DPP FKDT'),
('B993', 'YAYASAN PENDIDIKAN AQARIUS BREBES'),
('B994', 'SD NEGERI 02 LIMBANGAN WETAN KECAMATAN BREBES'),
('B995', 'SRIATI Jl. Pala Barat II Blok L.36 Mejasem Barat Kab. Tegal'),
('B996', 'GEBYAR BUMIAYU FAIR 2013'),
('B997', 'Yusron ( Jl. AdeIrma Suryani No. 1 RT 04 RW 07 Gang Buntu Brebes'),
('B998', 'Komunitas Wartawan Brebes Barat ( KWBB ) Jl.Raya Kersana - Tanjung'),
('B999', 'ERRI YULIYANTI, SE'),
('C001', 'Kepala Pasar Banjarharjo'),
('C002', 'HOTEL DANA SURAKARTA'),
('C003', 'Ungaran'),
('C004', 'SMP Negeri 1 Kecamatan Bantarkawung'),
('C005', 'H.Nur Aman Mudhofar'),
('C006', 'Ketua Tim Anggaran Pemerintah Daerah (TAPD)'),
('C007', 'Panitia Peringatan Hari Ulang Tahun Ke - 68 Proklamasi Kemerdekaan RI Kab. Brebes'),
('C008', 'Menteri PAN dan RB RI'),
('C009', 'Puskesmas Kec.Wanasari'),
('C010', 'ARBA SETIANTO, SE'),
('C011', 'PT.GAMATECHNO INDONESIA Jl. Cik Ditiro 34 YOGYAKARTA'),
('C012', 'Kelurahan Gandasuli Kec. Brebes'),
('C013', 'Pusat Kajian dan Pendidikan Aparatur Daerah ( PKPAD ) Yogyakarta'),
('C014', 'WALIKOTA BANJARBARU'),
('C015', 'Tim Penggerak PKK Kabupaten Brebes'),
('C016', 'SUEM RT 01 RW 01 Desa Cipetung Kecamatan Paguyangan'),
('C017', 'A. IWAN SRI HARTO, S.Kom'),
('C018', 'YOGA EXECUTIVE SCHOOL  \"YES \" YOGYAKARTA'),
('C019', 'Puskesmas Bulakamba'),
('C020', 'Kementrian Dalam Negeri Pusat Data, Informasi, Komunikasi dan Telekomunikasi'),
('C021', 'Pusat Kajian Keuangan Dan Pemerintah Daerah'),
('C022', 'Pusat Kajian Pembangunan Daerah'),
('C023', 'PUSAT PENGEMBANGAN DAN INFORMASI KEUANGAN DAERAH'),
('C024', 'Kab. Cirebon, prov. jabar'),
('C025', 'Bidang Mutasi'),
('C026', 'Panitia HUT Kemerdekaan RI ke 68 PAC.IPNU-IPPNU Kecamatan Wanasari'),
('C027', 'Universitas Slamet Riyadi Surakarta  ( UNISRI )'),
('C028', 'BPKP Jakarta'),
('C029', 'Bulakamba'),
('C030', 'UNIVERSITAS ISLAM SULTAN AGUNG (UNISSULA)'),
('C031', 'Kementerian Agama Institut Agama Islam Negeri Syekh Nurjati Cirebon Program Pascasarjana'),
('C032', 'Se Anggota Tim dan Pembantu Tim Pelaksana Pemroses Izin Perkawinan dan Perceraian PNS Kab. Brebes'),
('C033', 'Rektor IPDN Jatinangor, Sumedang Jawa Barat'),
('C034', 'Sekretariat Daerah Kab. Semarang'),
('C035', 'IMAM ZAENI, S.Pd  ( Desa Petunjungan RT 04/04 Kec. Bulakamba, Kab. Brebes )'),
('C036', 'DIKLATPIM IV angkatan X Tahun 2013'),
('C037', 'Panitia LPJ Gol. I dan II Kab. Brebes Tahun 2013'),
('C038', 'Pengajar Diklat LPJ Gol. I dan II Kab. Brebes Tahun 2013'),
('C039', 'Peserta Diklat LPJ Gol. I dan II Kab. Brebes Tahun 2013'),
('C040', 'Petugas Piket Diklat LPJ Gol. I dan II Kab. Brebes Tahun 2013'),
('C041', 'Petugas Outbound Diklat LPJ Gol. I dan II Kab. Brebes Tahun 2013'),
('c042', 'Pedamping Pengajar Diklat LPJ Gol. I dan II Kab. Brebes Tahun 2013'),
('C043', 'Karso, SE'),
('C044', 'RISWANDA, S.Pd.M.PD nip. 19610602 198304 1 004'),
('C045', 'SMK MA`ARIF NU 03 KEC. LARANGAN BREBES'),
('C046', 'LEMBAGA INFORMASI PERPAJKAN INDONESIA ( LIPINDO ) MEDAN'),
('C047', 'BUPATI BENGKULU UTARA'),
('C048', 'Dra Sri Hidayati Cs ( 66 Orang )'),
('C049', 'Panitia Lomba Burung Berkicau Bupati Cup 2013'),
('CO50', 'SPT BKD RIYANTO CS'),
('c051', 'Lembaga Pengkajian dan Peningkatan Kapasitas Pemerintahan'),
('C050', 'Kepala lembaga Pengembangan dan Pemberdayaan Kepala Sekolah'),
('C052', 'Kepala PLN UPJ Brebes'),
('C054', 'SUHIARTO ( STAF PUSKESMAS KLIKIRAN KEC.JATIBARANG )'),
('C053', 'SUTRISNO ( Perawat Dinas Kesehatan Kab. Sabu Raijua Provinsi Nusa Tenggara Timur'),
('C055', 'Menteri Perumahan Rakyat Republik Indonesia'),
('C056', 'Purwokerto'),
('C057', 'RIZKY KHAIRUNISA, S.Pt. ( Dinas Pertanian dan Peternakan Kab. Kotawaringin Barat, Kalimatan Tengah.'),
('C058', 'Kepala SMK Ma`arif NU 03 Larangan'),
('C059', 'DEWAN PIMPINAN CABANG BREBES (PATELKI BREBES)'),
('C060', 'DIREKTUR RSUD BUMIAYU KAB. BREBES'),
('C061', 'INTERNASIONAL TEST CENTER ( ITC ) JAKARTA'),
('C062', 'Panitia Malam Keakraban Peserta Diklat Prajabatan CPNS Gol I dan II Kab. Brebes'),
('C063', 'EDWIN ( DESA WANASARI RT 05 RW 04 BREBES )'),
('C064', 'Petugas monitoring SIMPEG KAb.Brebes'),
('C065', 'Kepala Bagian di lingkungan Setda Brebes'),
('C066', 'Sekretariat DPRD, Dinas Pertanian, dan KAntor Ketahanan Pangan Kab. Brebes'),
('C067', 'Dinas pendidikan, rsud, bpbd kab. brebes'),
('C068', 'dinparbudpora, dinlutkan, kantor LH Kab. Brebes'),
('C069', 'bappeda, kantor data Arpus, dan uptd pend kec. brebes'),
('C070', 'kantor kesbangpol, dpu taru, dan kppt kab. brebes'),
('C071', 'dinkop umkm, dppk, bkbpp kab. brebes'),
('C072', 'kantor satpol pp, dan setda kab. brebes'),
('C073', 'dinsosnakertrans, dan dindukpil kab brebes'),
('C074', 'dpesdm, bpmdk, dan bnk kab. brebes'),
('C075', 'kec. brebes, dinperindag, kpu, dan set. korpri'),
('C076', 'inspektorat, bkd, dan dkk kab brebes'),
('C077', 'dinhutbun, dan disnakkan'),
('C078', 'Warga Klampok ( Abdul Ghofir )'),
('C079', 'A.IWAN SRI HARTO NIP. 19750427 201001 1 005'),
('C080', 'Direktur Politeknik Keselamatan Transportasi Jalan Di Tegal'),
('C081', 'ULFIA IKA SARI NIP.19781124 200501 2 014'),
('C082', 'Kepala Desa Linggapura Kec.Tonjong'),
('C083', 'dr. NUNUK IRGIWATI NIP. 19690520 20021 2 004'),
('C084', 'SUTRISNO.S.Pd Desa Sisalam RT 05 RW 02 Kec. Wanasari Kab. Brebes'),
('C085', 'SMP NEGERI 1 KECAMATAN WANASARI'),
('C086', 'ALI MIRZA ZAIDAN'),
('C087', 'Tokoh Masyarakat Desa Jatimakmur'),
('C088', 'PATELKI DPC BREBES'),
('C089', 'PERHIPTANI JAKARTA'),
('C090', 'KOMISI NASIONAL HAK ASASI MANUSIA REPUBLIK INDONESIA JAKARTA'),
('C091', 'Yayasan Kemala Bhayangkari Daerah Jateng Pengurus Cabang Brebes'),
('C092', 'BKD dan Pendidikan, Pelatihan Banjarbaru'),
('C093', 'BUPATI SRAGEN'),
('C094', 'BKD PANDEGLANG'),
('C095', 'Ir. DARU HANDINI NIP. 19650729 199003 2 010'),
('C096', 'Sdr. Athoillah,SE,M.Si. Selaku Wajib LHKPN'),
('C097', 'Kelurahan Brebes Jl.A.Yani No.15 Brebes'),
('C098', 'Kota Tegal'),
('C099', 'BADAN PENDIDIKAN DAN PELATIHAN PANDEGLANG'),
('C100', 'TASDIK STAFBKD KAB. BREBES'),
('C101', 'SMP NEGERI 4 KECAMATAN WANSARI'),
('C102', 'CV.CITA MULIA MANDIRI YOGYAKARTA'),
('C103', 'TASIKUN PILU TRIYANA, A.Md'),
('C104', 'HOTEL LOR IN SOLO'),
('C105', 'Anggota Tim Perceraian Kab. Brebes'),
('C106', 'Kepala Bidang Mutasi BKD Kab. Brebes'),
('C107', 'Bambang Masesa ( Dinas Perindag Kab. Brebes )'),
('C108', 'UNI LESTARI, A.Ma'),
('C109', 'IMAM SUGIARTO, S.IP ( Dinas Pariwisata Kebudayaan Pemuda dan Olah Raga Kab.Brebes )'),
('C110', 'Rumah Makan Padang Putera Minang'),
('C111', 'Rumah Makan Simpati'),
('C151', 'Peserta Diklat Pim Tk. IV Tahun 2013'),
('C152', 'IDZA PRIYANTI, SE ( Bupati Brebes )'),
('C153', 'IDZA PRIYANTI, SE ( Bupati Brebes )'),
('C154', 'ARI KURNIANTO PURWORAHARJO ( TEGAL )'),
('C155', 'Badan Kesbang Pol& Perlindungan masy.Prop.Jateng'),
('Bada', 'n/Dinas/Se.DPR/Kantor/Direktur RSUD/Bagian Organisasi Setda dan Camat di Lingkungan Pemerintah Kab. Brebes'),
('C156', 'Jatinangor Jawa Barat'),
('C157', 'Panitia Rakor'),
('C158', 'ERNAWATI SETIANINGSIH, S.Pd NIP.19820224 201001 2 026'),
('C159', 'HAFIZH SUBKAN NIP.19760106 201001 1 011'),
('C160', 'SISKA SADIYAH DWI AGUSTINA, AMK'),
('C161', 'Calam ( 53 Orang )'),
('CO51', 'WALIKOTA TEGAL'),
('C162', 'PT.BHAKTI KHARISMA UTAMA BANDUNG'),
('C163', 'SMP Negeri 3 Larangan'),
('CO52', 'SMA N I BULAKAMBA'),
('C164', 'Wali Murid Siswa SMA Negeri 1 Bulakamba'),
('C165', 'SMAN 1 Larangan'),
('C166', 'JOKO PRASETYO, SH.MH'),
('C167', 'Se Panitia Penerapan Kartu Pegawai Negeri Sipil Elektronik (KPE) bagi PNS di lingkungan Pemkab Brebes Tahun 2013'),
('C168', 'Catering Purnama Jl. Letjen Sutoyo 29 Brebes'),
('C169', 'BAMBANG ARYANTO MY'),
('CO53', 'SMP N 1 BUMIAYU'),
('C170', 'Camat Kersana'),
('CO55', 'Lembaga Pengembangan Manajemen Akutansi Pemerintah'),
('CO56', 'Brebes ijo'),
('C171', 'Badan Penyuluh dan Pengembangan SDM Kehutanan Balai Pendidikan Dan Pelatihan Kehutanan Kadipaten'),
('C172', 'SUYANAH,A.Ma'),
('C173', 'FAHMI SYARIF,S.Hut'),
('C174', 'Kadipaten'),
('C175', 'INDAH FAJARWATI SST'),
('C176', 'dr.Tundjungsari Ratna Utami'),
('C177', 'PATRIOT INDONESIA JAKARTA'),
('C178', 'KOTA SALATIGA'),
('C179', 'DIREKTORAT JENDERAL PENGOLAHAN DAN PEMASARAN HASIL PERTANIAN'),
('C180', 'PT.TELKOM DIVISI BUSINES SERVICE PEKALONGAN'),
('C181', 'SMK NEGERI 1 KERSANA'),
('C182', 'Kelurahan Limbangan Wetan'),
('co57', 'drs. APriyanto Sudarmoko, CS'),
('C183', 'RM Ibu Oga2'),
('C184', 'MARIFAH HIDAYATI'),
('C185', 'dr.VIVI YUSTIANINGSIH ( Dk.Karang Sempu RT 04/ RW 02 Kel. Langkap Kec.Bumiayu )'),
('C186', 'Kementerian Tenaga Kerja Dan Transmigrasi RI'),
('C187', 'EDI HANDOKO WIBOWO, S.Farmasi ( Desa Randusanga Kulon Kecamatan Brebes )'),
('C188', 'SMP NEGERI 7 KECAMATAN BREBES'),
('C189', 'Ita Catering'),
('C190', 'PANITIA HARI JADI KE 336 KAB. BREBES TAHUN 2014'),
('C191', 'MASYHADI, S.Pd.I,M.Pd.'),
('co58', 'SRI RINDHONAH, CS'),
('C192', 'Warga Masyarakat Kelurahan Pasarbatang Kecamatan Brebes'),
('C193', 'Dewan Perwakilan rakyat Provinsi Jawa Tengah Semarang'),
('D001', 'DEWAN REDAKSI JURNAL KEBIJAKAN DAN MANAJEMEN PNS JAKARTA'),
('D002', 'Kantor Lingkungan Hidup Kab. Brebes'),
('D003', 'Ir. DARU HANDINI'),
('D003', 'IR. DARU HANDINI'),
('D004', 'NURWANTO Cs'),
('D005', 'NURJANAH,AMG NIP. 19830617 201101 2 003'),
('D006', 'RESWARA ADJI YOGYAKARTA'),
('D007', 'dr.Muhammad Arief Munandar NIP. 19851101 201101 1 011 RSUD Kab. Brebes'),
('D008', 'PT.TELKOM INDONESIA KANDATEL BREBES'),
('D009', 'Direktur RSUD Tugurejo Provinsi Jawa Tengah  di - Semarang'),
('D011', 'Dr.Tundjungsari ratna Utami'),
('D012', 'ACHMAD SETIO MUKTI ( Jl.Sultan Agung  Brebes  )'),
('D013', 'Pemerintah Kabupaten Lebak'),
('D014', 'YAYASAN PURBAKA BKN'),
('D015', 'Se Anggota Tim Website Kab. Brebes'),
('D016', 'PERUSDA PERCETAKAN KABUPATEN BREBES'),
('D017', 'KHOZANAH, SH.M.Si'),
('D018', 'ABDUL AZIZ'),
('D020', 'DUTA BUKU Jl.Jenderal Sudirman 132 Semarang'),
('D021', 'TOHIROH, S.Pd'),
('d022', 'Ka. DPPK Kab. Brebes dan Kabag Hukum Setda Kab. Brebes'),
('D023', 'TIM PELAKSANA PEMROSES IZIN PERCERAIAN PNS KAB. BREBES'),
('D024', 'Kepala Bidang Se- BKD Kab. Brebes'),
('D025', 'BRIGHT COURSE ENGLISH TRAINING CENTER SEMARANG'),
('D026', 'PERY'),
('D027', 'sanggar kegiatan belajar pemalang'),
('D028', 'SATUAN POLISI PAMONG PRAJA PROVINSI JATENG'),
('D029', 'Ir. Daru HAndini, Sutrisno, SH, MH, Umiyati, SE, Noverita K, ST'),
('D039', 'TIM Pengelola Website BKD Kab. Brebes Tahun 2014'),
('D030', 'MARIEZA TYAS RAKHMAWATI'),
('D040', 'Hasanudin Lubis , S.Pd'),
('D041', 'SMP NAHDLATUL ULAMA TERPADU BREBES'),
('D042', 'TEGAL'),
('D043', 'Komite Aksi Masyarakat Peduli Sosial ( KAMPUS ) Kabupaten Brebes'),
('D044', 'METLAND HOTEL CIREBON'),
('D045', 'LPKP2D'),
('D046', 'NUROHMAN'),
('D047', 'Ketua DPRD Kabupaten Brebes'),
('D048', 'Banjarnegara'),
('D48', 'SUPARTO'),
('D049', 'IDI SUTIONO'),
('D050', 'SIROD, S.Ag'),
('D051', 'EKA SAFITRI, AMKG'),
('D052', 'DEWI SRI MULYATI, S.Pd'),
('D054', 'Dirjen Pendidikan Tinggi Jakarta'),
('D055', 'GAMA EXIST YOGYAKARTA'),
('D056', 'PT BANK SYARIAH MANDIRI'),
('D057', 'SMP NEGERI 2 Tanjung'),
('D058', 'Masyarakat Peduli Pendidikan Pantura'),
('D059', 'ITSNA ATHIYAH, S.Pd.SD NIP. 1986030 201001 2 019'),
('D060', 'Hari Catur Samudra'),
('D061', 'USWATUN HASANAH NIP.19810101 200604 2 018'),
('D062', 'PERPUSTAKAAN NASIONAL REPUBLIK INDONESIA JAKARTA'),
('D63', 'Inspektur Kabupaten Brebes'),
('D064', 'RUKAT, S.Pd.M.Pd'),
('D065', 'KPP Pratama Tegal'),
('D66', 'Sekretaris dan Kabid BKD'),
('D067', 'LP2KS Karanganyar'),
('D068', 'YAYASAN ALDIANA NUSANTARA ( YAN ) Notaris : NY.NONIAH MUNDJAHID, SH'),
('D069', 'KARJO, S.Pd.SD ( Siasem Wanasari )'),
('D070', 'dr. H.SARTONO, MM'),
('D071', 'PUSAT kEGIATAN GURU ( PKG ) KECAMATAN BREBES'),
('D072', 'ROSIKIN ( Staf BKN Kab. Brebes )'),
('D073', 'dr.Hj.Zaetun'),
('D64', 'Yuli Tri Astuti,S.Pd'),
('D65', 'Rya Rizqi Amalia,S.ST.Par'),
('D074', 'SMA NEGERI 1 KECAMATAN KERSANA'),
('D075', 'Daniel Supriyono, S.Pd'),
('D076', 'SUYADI KECAMATAN BUMIAYU'),
('D077', 'SATINDO YOGYAKARTA'),
('D078', 'TITIK SUHERNI TERLANGU'),
('D079', 'ERLIN SETIYARSO NIP. 19771008 199703 1 002'),
('Do80', 'Badan Kepegawain Daerah Provinsi Jawa Tengah'),
('D67', 'LPPKS karanganyar'),
('D081', 'GEMAH MAULIDA. S.Farm, Apt'),
('D68', 'SARJONO, SP NIP.19620401 198703 1 011'),
('D68', 'POPT Kec. Jatibarang, Dinas Pertanian TPH Kab. Brebes'),
('D082', 'KSM MEKAR SEJAHTERA KAB .BREBES'),
('D81', 'DENI SETIAWAN'),
('D82', 'LEGIYANTO, SKM'),
('D83', 'REKI ANJAR KUMORO,S.Kom'),
('D84', 'Kepala Sekolah SMK Negeri I Brebes'),
('D85', 'SK KEPELA BKD KAB. BREBES'),
('D86', 'Para Kepala Bidang BKD'),
('D87', 'Kepala BPBD kab. Brebes');
INSERT INTO `tb_skpd` (`kd_lokasi`, `lokasi`) VALUES
('D89', 'Kepala sekolah SMPN/SMAN'),
('D090', 'Hotel Grand Candi Jl. Sisingamangaraja No 16 Semarang'),
('D089', 'BPJS Ketenagakerjaan Tegal'),
('D091', 'WIRYAWAN HDI, SH'),
('D083', 'Diah Puspitasari Ningtias, SE NIP. 19790408 200801 2 026 ( Dinas Dikpora Kab.Bima )'),
('D092', 'SAEURROHMAN NIP. 19651225 198803 1 013'),
('D90', 'Pusdiklat Manajemen Keuangan & aset Daerah'),
('D91', 'Ka. BKD Kabupaten Brebes Cq. Kabid Mutasi'),
('D093', 'SAMAFITRO SEMARANG'),
('D094', 'eGovernment Yogyakarta'),
('D993', 'SMP Negeri I paguyangan'),
('D095', 'TOSIRIN, SE NIP. 19580130 199003 1 001'),
('D944', 'Cibitung KM 3,5 Bekasi'),
('D955', 'Kepala Dinas,Direktur RSUD Bumiayu dan Kepala UPTD Se Kab Brebes'),
('D097', 'Komunitas Guru PNS Larangan'),
('D098', 'DANIEL SUPRIYONO'),
('D099', 'Panitia Hari Pendidikan Nasional Tk. Kab. Brebes'),
('D966', 'Balai Desa Pandansari Kec Paguyangan.'),
('D100', 'AHMAD NUROCHMAN, S.Pd.I'),
('D977', 'SEKRETARIAT DAERAH KAB. BREBES'),
('D999', 'Kantor kementerian Agama Karanganyar Prop.jteng'),
('D101', 'Badan pengawas Keuangan & pembangunan Perwakilan Prop.Jateng'),
('D102', 'Saefurrohman Bngbayang bantarkawung'),
('D103', 'Ir. Daru Handini, Umiyati, SE, Januar Andriana, S.Kom, Noverita K, ST'),
('D104', 'CINTA UMAYA'),
('D105', 'RESTU WULAN AGUSTIN NINGRUM, Amd.Keb'),
('D106', 'RIA DIANA P.S'),
('D205', 'Tarlan K,A.Ma Pd'),
('D107', 'Pusk.Bandungsari Banjarharjo'),
('D109', 'Badan pangawasan keuangan & pembangunan Ciawi Bogor'),
('D206', 'Dinas Kesehatan Kab. Pemalang'),
('D108', 'SILVIA NOOR INDAH'),
('D110', 'Drs.Jaenudin, MM'),
('D111', 'Puskesmas Ketanggungan'),
('D112', 'WIVARSIH, AMK NIP. 19810521 200904 2 002'),
('D113', 'Dinas Perhubungan, Komunikasi dan Informatika Provinsi Jawa Tengah'),
('D114', 'BPJS KESHATAN PEKALONGAN'),
('D 98', 'Puskesmas Kecamatan Banjarharjo'),
('D 98', 'Puskesmas Banjarharjo'),
('D115', 'HIPPSI Semarang'),
('D116', 'JAETUN, A.Md Keb. NIP. 19750606 200604 2 017'),
('D118', 'Sekda Kab.Brebes dan Asisten III Sekda'),
('Do81', 'Tenaga Honorer Kategori II'),
('D117', 'SUTARJO, S.Pd NIP. 19700206 20012 1 005'),
('D120', 'Panitia Hari Kebangkitan Nasional 2014 CSNTV'),
('D119', 'Magelang'),
('D121', 'SMP NEGERI 2 Banjarharjo'),
('D81', 'AGUS ISMANTO, S.IP'),
('D127', 'Badan diklat Kemendagri Jakarta'),
('D122', 'MENTERI PERTANIAN REPUBLIK INDONESIA'),
('D123', 'Direktur BPJS Ketenagakerjaan Cabang Tegal'),
('D124', 'KEPALA IKATAN DOKTER INDONSIA KABUPATEN BREBES'),
('D125', 'RESTU WULAN. AN Kecamtan Losari'),
('D126', 'CINTA UMAYA di LOSARI'),
('D81', 'Kantor Regional BKN Propinsi Riau'),
('D81', 'Kepala Pusat Pendidikan dan Pelatihan Kementerian Dalam Negeri di Yogykarta'),
('D128', 'PT PLN ( Persero ) TEGAL'),
('D129', 'dr. Yuliyanti NIP. 19720730 200604 2 007'),
('D130', 'Pusdikpemda Jakarta'),
('D988', 'Sekretariat Kabinet RI'),
('D131', 'Ka. BKD Cq Bidang Bina Kepegawaian'),
('D131', 'Ka. BKD Cq Kabid Bina Kepegawaian'),
('D132', 'Bappeda Semarang'),
('D133', 'PT Telekomunikasi Indonesia Bandung'),
('D134', 'Sekolah Tinggi Manajemen Transportasi Trisakti Jakarta'),
('D135', 'Urip Sutrisno'),
('D136', '-'),
('D137', 'Bupati Tegal'),
('D138', 'LKMAP Medan'),
('D139', 'Kementerian PU Sekjen Pusdiklat Semarang'),
('D140', 'Suci Wisriyati'),
('D141', 'SETDA PEMALAMG'),
('Do82', 'Hotel Mercure Harvestland, Kuta-Bali'),
('D142', 'sekda banjarnegara'),
('D143', 'Badan Keluarga Berencana Dan Pemberdayaan Perempuan'),
('D144', 'SUPARDI, SKM, Cs'),
('D145', 'Indonesian cultural communications jakarta'),
('D146', 'magister ilmu pemerintahan (MIP) yogyakarta'),
('D147', 'Lembaga pengembangan keuangan dan pemerintahan daerah'),
('d148', 'UNIVERSITAS BRAWIJAYA'),
('D149', 'BKD Propinsi Lampung'),
('D150', 'sekolah tinggi ilmu pemerintahan abdi negara'),
('D151', 'WAHYUDI TOTO RAHARJO,S.ST NIP. 19800308 200803 1 001'),
('D152', 'FORUM BUMIAYU REMBUG'),
('D160', 'BKD Provinsi Jawa Tengah di Semarang'),
('D153', 'Dinas pertanian dan peternakan kabupaten bengkulu utara'),
('Do83', 'Kepala Cabang BOSTINKO di Semarang'),
('Do84', 'Pusdiklat Kemendagri Regional Yogyakarta'),
('D154', 'Pusat pengembangan akuntansi dan perpajakan indonesia'),
('D155', 'badan penyuluh dan pengembangan sumber daya manusia kehutanan'),
('D156', 'drh. ASRI KURNIANDARI NIP. 19841122 2011012 006'),
('D157', 'panitia peringatan HUT Ke- 69'),
('D158', 'UNIVERSITAS AIRLANGGA'),
('D159', 'SABARIYAH PUJIRAHAYU, S.Pd NIP. 19810917 200903 2 002'),
('D161', 'lembaga informasi profesi & keuangan indonesia jakarta'),
('D162', 'Direktorat jendral pendidikan dasar'),
('D84', 'Sekretariat Kabinet RI dan BKN RI Jakarta'),
('Do85', 'Hotel Santika Jl. Pandanaran Semarang'),
('d163', 'KEMENTRIAN PERTANIAN'),
('d164', 'RUMAH SAKIT UMUM DAERAH (RSUD) BUMIAYU'),
('D165', 'TRI RIYANTI Bumiayu'),
('D166', 'Rahadian Setiya Nugroho, S.Psi NIP. 197680205 201001 1 011'),
('D167', 'BUDI SUSILA, M.Pd Bumiayu'),
('D168', 'PERSATUAN TUNATETRA INDONESIA ( PERTUNI ) KAB. BREBES'),
('D169', 'SITI AZIZAH SDN Kaligangsa 02 Kecamatan Brebes'),
('D169', 'Menteri Pendayagunaan Aparatur Negera dan reformasi birokrasi RI'),
('D170', 'Junaedi Abdillah, ST'),
('D171', 'BASORI, S.Pd'),
('D172', 'Karyawan Sekolah/ TU'),
('D173', 'Hotel Grand Tjokro Jalan Gejayan Nomor. 37 Yogyakarta'),
('D174', 'Setda Pemalang'),
('D175', 'L. APRIYANTO SP, MP NIP. 19710404 199703 1 007'),
('D176', 'BKD & Diklat Pem Prop.Nusa Tenggara Barat'),
('D177', 'LKP2EN Jakarta'),
('Do86', 'Ketua Pengadilan Negeri Brebes'),
('Do87', 'Hotel Bahari Inn Tegal'),
('D178', 'SLB NEGERI BREBES'),
('D179', 'Dian Widyaningsih, SS'),
('D180', 'Ananto heri wibowo'),
('D207', 'Satria Pinandhita Jl. MT.Haryono No.43 Saditan Brebes'),
('D208', 'Panitia Peringatan Hari Ulang Tahun Ke-69 Proklamasi Kemerdekaan R.I'),
('D181', 'Nur Hayati'),
('D182', 'Forum Komunikasi Wartawan Jawa Tengah'),
('D183', 'Gerakan Pramuka Kwartir Cabang Brebes'),
('D184', 'Dwi Yuniarti, AMG'),
('D185', 'Warsono, SE'),
('d186', 'MAULIDIANI UTAMI, SE'),
('D187', 'Somarti, S.Pd'),
('D187', 'Somarti, S.Pd.SD'),
('D188', 'Athiroh Agustin, S.Pd'),
('D189', 'Kurniawan Teguh Santoso, S.T'),
('D209', 'PENGADILAN NEGERI BREBES'),
('Do88', 'Bupati Brebes cq. Kabag Organisasi Setda Kab. Brebes'),
('Do88', 'Bupati Brebes cq. Kabag Organisasi Setda Kab. Brebes'),
('Do89', 'UPTD Pendidikn dan Kecamatan Bulakamba'),
('Do90', 'Auditorium Manggala Wanabakti, JL. Gatot Soebroto, Senayan,Jakarta Selatan'),
('D190', 'SUKMAN DYAH KARTIKA'),
('D191', 'Sumarno'),
('D192', 'Dewan Kerajinan Nasional Daerah (DEKRANASDA)'),
('D193', 'Lembaga Kjian & pengembngan Manajemen pemerintah batam'),
('D194', 'Anjas Asmara,ST'),
('D195', 'Gebyar Bumiayu Fair 2014'),
('D196', 'SMKN I Kab.Majalengka'),
('D197', 'Junaedi abdillah,ST'),
('D89', 'ARIF FATAH NUR,S.ST'),
('D90', 'NUGROHO HARYO MARTONO, ST'),
('D90', 'BASORI,S.Pd'),
('D90', 'BUTAI BENGKALIS'),
('Do91', 'Kepala Pusdiklat Pim Aparatur Nasional LAN RI'),
('Do92', 'Sekda Kabupaten Brebes cq. Kabag Perlengkapan dan Aset Daerah'),
('D92', 'Panitia Penerimaan CPNS Calon Praja IPDN Tahun 2014 Provinsi Jawa Tengah'),
('D92', 'YAYASAN WAKAF ISLAM DIPONEGORO LOSARO BREBES'),
('D92', 'Bank bjb'),
('D198', 'LSM Batik Brebes'),
('D92', 'NUR HARDINI YULIANY, SE'),
('D199', 'Dinduknakertran Prop.Jateng semarang'),
('D200', 'SMPN 3 Kersana'),
('D201', 'SMPN 2 Kec.Bulakamba'),
('D202', 'SMPN 3 Kec.Tanjung'),
('D210', 'Aji Sumiaji Rachman'),
('D211', 'Endang Supriyatin,AMK'),
('D92', 'FAHMI AMRUSI, ST'),
('D92', 'FORUM 60 HONORER K2 YANG LULUS KAB. BREBES'),
('D92', 'PUSAT PENGEMBANGAN MANEJEMEN APARATUR YAYASAN PURBAKA BADAN KEPEGWAIAN NEGARA'),
('D91', 'SPT, Diklat Pim. Tk. IV dan X'),
('D91', 'BIMTEK PEMBERIAN GAJI PNS DAERAH'),
('D91', 'BADAN KEPEGAWAIAN DAERAH KAB NGAWI'),
('Do93', 'KPP PRATAMA TEGAL'),
('Do94', 'PT.Telkom Brebes'),
('D212', 'Cileduk - Kab.Cirebon'),
('D931', 'Salatiga'),
('d932', 'EDI BUDIONO,AMK'),
('d933', 'KECAMATAN JATIBARANG ,DESA JANEGARA'),
('D934', 'LEMBAGA BIMBINGAN DAN PENGEMBANGAN DIRI'),
('D935', 'Kepala DPPK Kab Brebes Cq. kepala Bidang Perbendaharaan dan Verifikasi'),
('D936', 'KEPELA BADAN KEPEGAWAIAN NEGARA Cq. DEPUTI INKA BKN'),
('D937', 'AJI SUMIAJI RACHMAN'),
('E001', 'eGovernment Training Solution'),
('E002', 'Rini Budiarti'),
('E003', 'PUSAT PENGEMBANGAN MANAJEMEN INDONESIA'),
('D922', 'INSPEKTUR KAB.BREBE'),
('D213', 'Firriyandi Nugroho,SH ( PPAT ) kab.Brebes'),
('E004', 'HOTEL LARAS ASRI RESORT AND SPA SALATIGA'),
('E005', 'SMPN 2 Tanjung'),
('E006', 'Bakorwil III Pekalongan'),
('E007', 'Kepala Sekolah SDN/SMAN'),
('E008', 'Tim Pemriksa KPU Privinsi Jawa Tengah d/a BPK RI Perwakilan Provinsi Jawa Tengah'),
('E009', 'Kepala Badan, Dinas,Kantor,Bagian Organisasi Setda dan Camat di Lingkungan Pemrintah Kabupaten Brebes.'),
('E010', 'JATIBARANG-BREBES'),
('E011', 'DPU Kota Tegal'),
('E012', 'Lembaga Pengembangan Akutansi Pmerintah'),
('E013', 'Universitas Negeri Yogyakarta'),
('E014', 'Peserta Diklat Calon Kepala Sekolah'),
('E015', 'Sekda Pemalang'),
('E016', 'SMP NEGERI 2 WANASARI'),
('E017', 'KEMENTERIAN PERHUBUNGAN'),
('E018', 'Ruri Hartono'),
('E019', 'AMIN SUPRAYOGI'),
('E020', 'BEKASI'),
('E021', 'SMPN 4 Banjarharjo'),
('E022', 'SMPN 4 Jatibarang'),
('E023', 'Bapertarum Jakarta'),
('E024', 'Cahrudin'),
('E025', 'SMAN 01 Bantarkawung'),
('E026', 'Tim Pengadaan CPNS'),
('E027', 'Se-anggota tim lembur'),
('E028', 'PT Samudera Lautan Emas ( STAMCO) Jakarta'),
('E029', 'ASOSIASI PERENCANA PEMERINTAH INDONESIA'),
('E030', 'Fkpi'),
('E031', 'LEMBAGA KAJIAN DAN PENGEMBANG PEMBANGUNAN EKONOMI NASIONAL'),
('D93', 'Perusahaan Mebel dan Kusen Berkah'),
('E032', 'Cahyati Riningsih,M.Pd'),
('E033', 'SMKN 1 Tonjong'),
('E034', 'PUSAT PENDIDIKAN DAN PELETIHAN MANAJEMEN INDONESIA'),
('E035', 'PUSAT PELATIHAN APARATUR NEGARA'),
('E036', 'Hotel The Winner Premier Pemalang'),
('E037', 'SMK Bina Islam mandiri ( BISMA) kersana'),
('E038', 'Asisten pemerintahan Sekda brebes'),
('E039', 'Horison Hotel Pekalongan'),
('E040', 'SD N Parereja 02 kec Banjarharjo'),
('E041', 'Biro Otonomi Daerah dan Kerjasama Setda Prov Jateng'),
('E042', 'Ketua Kementerian Agama Brebes'),
('E043', 'Direktur Pensiun PNS dan Pejabat Negara'),
('E044', 'Bakorwil Pekalongan'),
('E045', 'SDN MUNDU 1 TANJUNG'),
('E046', 'SDN KARANGSEMBUNG 4 KEC. SONGGOM'),
('E047', 'SDN KALIERANG 2 BUMIAYU'),
('E048', 'Lemdiklat profesi'),
('E049', 'YAYASAN HARAPAN UMAT BREBES'),
('E050', 'SEKOLAH TINGGI ILMU KESEHATAN KUNINGAN'),
('E051', 'KEPALA DESA KEBONAGUNG'),
('E052', 'UPTD SMPN 4 Slawi'),
('E053', 'UPTD SMPN 2 Slawi'),
('E054', 'BKD. Kota Pekalongan'),
('E055', 'Politeknik Kesehatan Ceribon'),
('E056', 'AFIF AMIRULLAH, S.STP NIP. 19840711204121002'),
('E057', 'BKD BANDUNG'),
('E058', 'SDN Kedungbokor 5 Kec. Larangan'),
('E059', 'SDN Pangabean 2 Kec. Losari'),
('E060', 'SDN KERSANA 4'),
('E061', 'Arief Miranti Miftahur Rhodhiyah'),
('E062', 'ARUM PUJI LESTARI Desa Karangdempel Bumiayu'),
('E063', 'ISNANTO WIBOWO'),
('E064', 'Widyaiswara Diklat prajab Honorer KI/K2'),
('E065', 'CV. GUNUNG CEMARA INDAH DEPOK'),
('E066', 'Yatimah,AmKg Kec.salem'),
('E067', 'YOGA ISTIAJI BUMIAYU'),
('E068', 'Panitia Prajabatan CPNS Honorer K2 Gol. I,II dan III Kab. Brebes Tahun 2014'),
('E069', 'Pengajar Diklat Prajabatan CPNS Honorer K2 Gol.I,II dan III Kab. Brebes Tahun 2014'),
('E070', 'Peserta Diklat LPJ CPNS Honorer K2 Tahun 2014'),
('E071', 'BALAI PENDIDIKAN DAN PELATIHAN KEHUTANAN KADIPATEN'),
('E072', 'Hotel Hotel Kesambi Hijau Semarang'),
('E073', 'KOHIMAN'),
('E074', 'SD NEGERI BENTARSARI 02 SALEM'),
('E075', 'YAYASAN ISLAMIC CENTRE KAB. BREBES'),
('E076', 'Lombok Raya Hotel - Mataram, Lombok'),
('EQ', 'yulia akhadiyanti'),
('E077', 'YATIMAH, AmKg'),
('E078', 'LSM FKM BREBES'),
('E079', 'FORUM 60 HONORER K2 YANG LULUS KABUPATEN BREBES'),
('E080', 'SDN Cibendung 01 Kec. Banjarharjo'),
('E081', 'SDN PAGUYANGAN 02'),
('E082', 'Bidang Kepegawaian BKD Brebes'),
('E083', 'WHIDIYANTO Dinas Peternakan Brebes'),
('E084', 'Biro Organisasi dan Kepegawaian Setda Prov. Jateng'),
('EQ85', 'Gedung Gradhika Bhakti Praja Prov.Jawa Tengah'),
('E085', 'Bupati Sleman'),
('E086', 'UNS Surakarta'),
('E087', 'BBC Plus Brebes.'),
('E088', 'DESA KALIGIRI KECAMATAN SIRAMPOG'),
('E089', 'SONIA NUR ADHANI, SH'),
('E090', 'KEPALA DESA LARANGAN'),
('E091', 'CARLIM KECAMATAN LARANGAN'),
('E092', 'Peserta CPNS Tenaga Honorer K2'),
('E093', 'BPJS Ketenagakerjaan Kota Pekalongan'),
('E094', 'Kec. Losari dan Kec. Tanjung'),
('E095', 'Kepala Kantor Kementerian Agama Kabupaten Brebes'),
('E096', 'EVI KURNIASIH , S.Pd'),
('E097', 'Puskesmas Bantarkawung'),
('E098', 'SMP NEGERI 4 TANJUNG'),
('EQ86', 'Kec. Paguyangan dan Kec. Tonjong'),
('E099', 'Pretti Murniafi,Amd,AK'),
('E100', 'Sekda Pemalang'),
('E101', 'UNIVERSITAS MUHAMMADIYAH PURWOKERTO'),
('E102', 'Ir.ILHAM, M.P NIP. 19640528 198603 1 011'),
('E103', 'Kota Semarang / Ruang Pertemuan Vinna\'s House'),
('EQ87', 'Kota Semarang / Ruang Pertemuan Vinna\'s House'),
('E104', 'BKD Kota Metro'),
('E105', 'SD NEGERI CIKEUSAL LOR 03 KETANGGUNGAN'),
('E106', 'Pusat Pendidikan Reserse Kriminal Jl. Megamendung 1 Cipayung Bogor'),
('EQ88', 'Eko Jatmiko'),
('E107', 'KOMISARIAT WILAYAH JAWA TENGAH'),
('A004', 'Pusat Pendidikan dan Pelatihan Kepemimpinan Aparatur Nasional'),
('A005', 'BKD Kabupaten Brebes'),
('EQ89', 'WISNU BROTO, S.H,MH'),
('EQ90', 'IMAM PRABOWO, SmHk'),
('EQ91', 'BP4 Brebes'),
('E108', 'Menteri Perhubungan Republik Indonesia'),
('E109', 'Sri Mulyani, S.Pd.SD NIP. 19830601 201001 2 019'),
('E110', 'LEMBAGA SWADAYA MASYARAKAT BATIK'),
('E111', 'Gub.Bengkulu'),
('E112', 'Badan Diklat Cibinong'),
('E113', 'TARWO Kecamatan Songgom'),
('E114', 'KORPRI Kab.Tegal'),
('E115', 'Bagian Aset Daerah Kabupaten Brebes'),
('E116', 'KOMISI APARATUR SIPIL NEGARA'),
('EQ92', 'Permohonan Kridit'),
('EQ93', 'Sekretaris Daerah Kab. Brebes c.q Kepala Bagian Organisasi Setda Kab. Brebes'),
('E117', 'Rade Andriyana Younansyah,S.STP'),
('E118', 'Fetiana Dwiningrum,S.IP'),
('E119', 'SMPN I Bumiayu'),
('E120', 'ADI WIRYANTO DESA PESANTUNAN RT. 002/005'),
('E121', 'Universitas Trilogi Jakarta'),
('E122', 'BKD Kota tegal'),
('E123', 'SD NEGERI JANEGARA 02 JATIBARANG'),
('E124', 'MSKOM SEMARANG'),
('E125', 'Lembaga Kajian Akuntabilitas & Pengadaan Publik'),
('E126', 'MUHAMAD IMAM WAHYUDI, S.Pd NIP> 19870207 201001 1 001'),
('E127', 'Iman purwadi,Amd Keperawatan'),
('E128', 'Eka Efani Diana,A,MKG'),
('E129', 'SOFYAN AFFENDI, SH NIP. 19770513 201001 1 013'),
('E130', 'EVI SETIAWATI DESA PULOSARI'),
('E131', 'Universitas Trilogi Jakarta'),
('E132', 'Badan Kepegawaian Cirebon'),
('E133', 'Ka Badan/Dinas/Kantor di Lingkunga Pemerintah Kab. Brebes'),
('EQ94', 'Media Diklat Indonesia'),
('E134', 'NINING NURWAHNINGSI, SPd NIP. 19781115 201101 2 002'),
('E135', 'Pukesmas Bentar Kecamatan Salem'),
('EQ95', 'SMPN 3 Songgom dan SMAN 1 Jatibarang'),
('EQ96', 'SDN Kedungbokor 03, SDN Rengaspendawa 04, SMPN 1 Ketanggungan'),
('E136', 'Gerakan Nasional Pemberantasan Tindak Pidana Korupsi'),
('E137', 'KORAN SUARA RAKYAT TEGAL'),
('E138', 'DIKLAT TEKNIS PENYUSUNAN LAKIP'),
('E139', 'BKKBN Semarang'),
('E140', 'Bapak/Ibu/Sdr CPNS K2'),
('EQ97', 'SPT BKD Kab. Brebes'),
('EQ98', 'SDN Kemurang Kulon 01, SDN Lemahabang 01, SMAN 01 Tanjung'),
('EQ99', 'Balai Pelatihan Teknis Profesi Kesehatan Gombang.'),
('E141', 'Badan Diklat Propinsi Sulawesi Selatan'),
('2424', 'Puskesmas Wilayah Kecamatan Banjarharjo'),
('2425', 'Puskesmas Cikeusal Kecamtan Ketanggungan'),
('E200', 'UPTD Pendidikan Kecamatan Songgom dan Kecamatan Jatibarang'),
('EY01', 'SDN Brebes 03, SDN Brebes 06, UPTD Pendidikan Kecamatan Wanasari'),
('EY02', 'Kantor Kecamatan Sirampog, Puskesmas Sirampog, SDN Mendala 02'),
('E142', 'DPPKAD Kab.Tegal'),
('2423', 'Hotel Grand Wahid Salatiga'),
('EY03', 'SDN Malahayu 01 dan SDN Banjarharjo 02'),
('EY04', 'SMAN 01 Kersana'),
('EY05', 'SDN Kemiri Amba Jatibarang'),
('EY06', 'SDN Losari Lor 3'),
('EY07', 'Kantor Kecamatan Tonjong dan Puskesmas Tonjong'),
('2743', 'Pengadilan Tipikor Semarang'),
('2437', 'BKD KABUPATEN PEKALONGAN'),
('EY08', 'UPTD Pendidikan Kecamatan Banjarharjo dan Kecamatan Banjarharjo'),
('EY09', 'UPTD Pendidikan Kecamatan Kersana dan Kecamatan Kersana'),
('EY10', 'SDN Malahayu 02'),
('EY11', 'SDN Kedungtukang 01, Kantor Kecamatan Larangan, SMPN 03 Songgom'),
('zx', 'Kecamatan BantarKawung dan UPTD Pendidikan Kecamatan Bantarkawung'),
('zx1', 'Kecamatan Salem dan UPTD Pendidikan Kecamatan Salem'),
('2444', 'SMAN 1 Kec. Bulakamba dan SMKN 1 Kec. Bulakamba'),
('2445', 'Gumaya Tower Hotel semarang'),
('C128', 'Kantor Kecamatan Losari, UPTD Pendidikan Kecamatan Losari'),
('2447', 'Kecamatan Banjarharjo dan UPTD Banjarharjo'),
('2744', 'Puskesmas Salem'),
('E201', 'Grand Wahid Hotel Salatiga'),
('2450', 'Kecamatan Jatibarang dan UPTD. Pendidikan Kecamatan Jatibarang'),
('EY12', 'Aula Meeting Room Htotel Anggraeni Jatibarang - Brebes'),
('2422', 'Bank Jateng Cabang Slawi'),
('e299', 'UPTD Kecamatan Losari, SMA N I Losari,'),
('2454', 'Hotel Pandanaran Semarang'),
('2455', 'Ruang Seminar, Kampus STIKKU Gd. Administrasi STIKKU Lt.3 Jl. Lingkar Kadugede No. 2 Kuningan jawa Barat'),
('EY13', 'Pasar Banjarharjo'),
('2456', 'Hotel Brothers Solo Baru Sukoharjo'),
('2458', 'BALLROOM THE SAHID RICH HOTEL YOGYAKARTA'),
('ar01', 'Hotel Grand Royal Panghegar Bandung'),
('ar02', 'Biro Hukum Setda Prov. Jateng Semarang'),
('ar03', 'SMA N 1 Losari'),
('ey16', 'Hotel Plasa Tegal'),
('ute', 'HOTEL HARRIS BATAM CENTRE'),
('2464', 'Puskesmas Bandungsari Kecamatan Banjarharjo'),
('ey17', 'Puskesmas Kecipir, Puskesmas Bojongsari, UPTD Pendidikan Kecamatan Losari'),
('2466', 'UPTD. Pendidikan Kecamatan Jatibarang dan UPTD. Pendidikan Kecamatan Ketanggungan'),
('EY18', 'SMAN 01 Kersana, UPTD Pendidikan Kec. Kersana, Puskesmas Banjarharho'),
('ar04', 'Sekretariat Daerah Kab. Brebes, dan Kecamatan Losari'),
('ar05', 'Dinparbudpora dan  Kecamatan Larangan'),
('ar06', 'Dinas Koperasi UMKM dan Kecamatan Ketanggungan'),
('ar07', 'Dishub, Kecamatan Kersana dan Kecamatan Banjarharjo'),
('ar08', 'Disdukcapil, Dinsosnakertrans dan Kecamatan Songgom'),
('ar09', 'RSUD Bumiayu dan Kecamatan Bumiayu'),
('ar10', 'RSUD Brebes dan Kecamatan Bulakamba'),
('ar11', 'Kantor Pengelolaan Data dan Kearsipan, Dinas Pengairan ESDM dan Kecamatan Jatibarang'),
('ar12', 'KPPT dan Kecamatan Tonjong'),
('ar13', 'Kecamatan Bantarkawung dan Kecamatan Salem'),
('0099', 'SMPN 1 Wanasari, SMAN 1 Wanasari dan Puskesmas Jagalempeni'),
('EY19', 'Puskesmas Kluwut, SDN Pulogading 02, SMKN 01 Kersana'),
('Zx2', 'Gedung Pengadilan Tata Usaha Negara Semarang'),
('m08', 'SDN Kedungtukang 01 UPTD Pendidikan Kecamatan Jatibarang dan Kantor Camat Jatibarang'),
('2482', 'BPS Semarang'),
('2483', 'BPS Provinsi Jawa Tengah Semarang'),
('UTE2', 'SMPN 1 KEC BANTARKAWUNG'),
('EY20', 'SMAN 1 Bulakamba'),
('2467', 'Hotel Formosa Batam'),
('2457', 'Hotel Bidakara Pancoran Jakarta Selatan'),
('Zx3', 'Balai Diklat BPSDM Kementerian PU dan Perumahan Rakyat'),
('Zx4', 'Ruang Rimbo Bujang, Dinas Nakertransduk Provinsi Jawa Tengah'),
('2490', 'BKN RI  &  Setneg RI Jakarta'),
('Zx5', 'UPTD. Pendidikan Jatibarang dan Songgom'),
('zx6', 'UPTD. Pendidikan Kecamatan Wanasari dan Bulakamba'),
('2493', 'BPS Jakarta'),
('2494', 'Noormans Lor Inn Hotel, Semarang'),
('zx7', 'Hotel Brothers Solo'),
('EY21', 'SMAN 1 Salem'),
('2497', 'UNIVERSITAS DIPONEGORO SEMARANG'),
('EY22', 'SDN Slatri 01, SDN Kubangpari 02, SMPN 02 Kersana'),
('zx8', 'KASN JAKARTA'),
('fth', 'Hotel Golden Boutique Jakarta'),
('fth2', 'SMA N 1 Jatibarang'),
('fth3', 'BKD Kabupaten Pemalang'),
('zx9', 'Kecamatan Bantarkawung dan SDN Cibentang 01'),
('zx10', 'Depok Jawa Barat'),
('zx11', 'Hotel Patra Jasa Semarang'),
('zx12', 'Favehotel Solo Baru'),
('2507', 'UPTD. Pendidikan Kecamatan Larangan dan UPTD. Pendidikan Kecamatan Banjarharjo'),
('2508', 'UPTD. Pendidikan Kecamatan Losari dan UPTD. Pendidikan Kecamatan Tanjung'),
('0010', 'Hotel Le Beringin sala Tiga'),
('zx20', 'DINAS PENDIDIKAN PROVINSI JAWA TENGAH'),
('0011', 'HOTEL THE SANTOSA LOMBOK'),
('0012', 'Lapangan PG Rajawali Kec Kersana'),
('0013', 'Lapangan Desa karang Bandung Kec. Ketanggungan'),
('0014', 'Kec.Tonjong dan Kec. Sirampog'),
('zx13', 'Plaza hotel semarang'),
('za1', 'HOTEL MERCURE BATAM'),
('2517', 'Kementerian Ketenagakerjaan RI Jakarta'),
('zx19', 'UPTD PENDIDIKAN DAN KEC BULAKAMBA'),
('zx18', 'UPTD PENDIDIKAN DAN KEC KETANGGUNGAN'),
('zx17', 'UPTD PENDIDIKAN DAN KEC LARANGAN'),
('EY23', 'Kantor Kecamatan Paguyangan dan SMPN 1 Paguyangan'),
('EY24', 'Kantor Kecamatan Tanjung, SMPN 01 Tanjung, SMA 01 Losari'),
('EY25', 'SMPN 03 Songgom, SDN 03 Songgom dan SMPN 4 Jatibarang'),
('zx23', 'BALIKPAPAN - SAMARINDA'),
('2525', 'UPTD. Pendidikan Kecamatan Bantarkawung dan Salem'),
('ar14', 'SMP Negeri 4 Kecamatan Jatibarang'),
('2527', 'UPTD. Pendidikan Kecamatan Bumiayu dan Paguyangan'),
('zx14', 'SYARIAH HOTEL SOLO'),
('2529', 'Kecamatan Bantarkawung dan UPTD. Pendidikan Kecamatan Bantarkawung'),
('zx15', 'Hotel Nirwana Pekalongan'),
('2531', 'SMA 1 Jatibarang dan SMA 1 Larangan'),
('zx16', 'Parung Bogor'),
('zx24', 'SMA N 1 Kec Salem'),
('2534', 'Kecamatan Bumiayu dan RSUD Bumiayu'),
('2535', 'Kantor Gubernur Jateng'),
('2536', 'Hotel Mega Anggrek Jalan Arjuna selatan No. 4 Kelurahan Kemanggisan, Kecamatan Palmerah Jakarta Barat'),
('123', 'BKD Kabupaten Malang'),
('2538', 'Direktur Jenderal Ontonomi Daerah Kementerian Dalam Negeri Jakarta'),
('2539', 'UPTD. Pendidikan Kecamatan Losari dan Tanjung'),
('zq10', 'Makam Surokidul Kec Pagerbarang Kab. Tegal'),
('bkn', 'Direktorat Status Kepegawaian BKN RI Jakarta'),
('zx25', 'Kantor Advokat Fajar Ari Sudewo Majesem tegal'),
('1', 'BKD Kabupaten Garut'),
('2544', 'Puskesmas Tanjung'),
('2545', 'RSUD Bumiayu dan Puskesmas Bumiayu'),
('EY26', 'SMPN 02 Losari dasn Puskesmas Kecipir'),
('zy1', 'SDN Rengaspendawa 04 dan SMPN 03 Larangan'),
('zy22', 'SMAN 1 Jatibarang dan SMAN 1 Larangan'),
('zy23', 'SD Negeri Grinting 01 Kec.Bulakamba dan SMP Negeri 4 Wanasari'),
('zy24', 'Puskesmas Jatirokeh Kecamatan Songgom dan SDN Kendawa 01 Kecamatan Jatibarang'),
('2306', 'Badan Kepegawaian Daerah Kota Malang'),
('D230', 'Badan Kepegawaian Kota Malang'),
('0015', 'Sasana Budaya Ganesha (Sabuga) Kota Bandung'),
('zy25', 'Hotel Anggraeni Jatibarang'),
('zx26', 'PD. Talangmas Putri Tegal'),
('ZY26', 'Shangri-La Hotel Surabaya'),
('ZY27', 'SETNEG RI & BKN RI JAKARTA'),
('ZY28', 'Badan Penelitian dan Pengembangan Provinsi Jawa Tengah'),
('0241', 'Dinakertransduk Prop.Jateng Semarang'),
('ZY29', 'SDN KALILANGKAP BUMIAYU'),
('ZY30', 'SDN SAWOJAJAR 01 KEC. WANASARI'),
('ZY31', 'Kantor Kecamatan Banjarharjo dan SMPN 2 Banjarharjo'),
('ZY32', 'BANDUNG, JAWA BARAT'),
('ZY33', 'SDN Kemakmuran 01, SDN Jatirokeh 01, SDN Karangsembung 04 Kecamatan Songgom'),
('zx27', 'Hotel Swiss Belinn Saripetojo Surakarta'),
('021', 'Kemendagri,Kemenpan dan RB,BKN Jakarta'),
('124', 'Provinsi Kalimantan Timur'),
('ZY34', 'Hotel OAK TREE EMERALD SEMARANG'),
('12', 'Kota Purwokerto'),
('ZY35', 'Dinas Kehutanan Provinsi Jawa Tengah'),
('ZY36', 'Kantor Satpol PP Kab. Tegal'),
('ZY37', 'Redtop Hotel Jakarta'),
('13', 'SURAKARTA'),
('ZY38', 'Dinas Perhubungan Komunikasi dan Informasi Provinsi Jawa Tengah'),
('ZY39', 'Kec.Bulakamba dan UPTD Kec. Losari'),
('ZY40', 'UPTD Pendidikan Kecamatan Jatibarang dan Songgom'),
('0242', 'Hotel Bidakara Jakarta Selatan'),
('ZY41', 'Hotel Grand Candi, Semarang'),
('0243', 'Hotel Novotel Semarang'),
('0245', 'Desa Sutamaja Kecamatan Kersana'),
('ZY42', 'Hotel Grand Artos Magelang'),
('F001', 'Kecamatan Ketanggungan dan Kecamatan Larangan'),
('ZY43', 'PUSDIKLAT UNIVERSITAS SEBELAS MARET'),
('ZY44', 'BKD Prov. Jateng, Dinas Pendidikan Prov. Jateng, Dinhut Prov. Jateng, Disnakertransduk Prov. Jateng, Dinhub Prov. Jateng, Dinas ESDM Prov. Jateng'),
('ZY45', 'Kementerian ESDM RI,Kementerian Kelautan dan Perikanan RI, BKKBN RI  Jakarta'),
('zy46', 'SDN TANJUNG 02, SMPN 04 TANJUNG, SMPN 01 TANJUNG DAN SDN KEMURANG KULON 02'),
('fth4', 'Kecamatan Jatibarang dan Kecamatan Songgom'),
('zy47', 'SMPN 4 Bumiayu, SDN Paguyangan 01 dan SMPN 2 Sirampog'),
('zy48', 'SDN Waru 03 Kec. Bantarkawung dan SDN Cinanas 04 Kec. Bantarkawung'),
('ZY49', 'SDN Kluwut 01 Kec. Bulakamba, SDN Kluwut 03 Kec. Bulakamba, SDN Bojongsari 04 Kec. Losari'),
('fth5', 'Kecamatan Wanasari, Kecamatan Bulakamba dan Kecamatan Losari'),
('zy50', 'SDN Kaligangsa Wetan 04, SMPN 5 Brebes dan SMPN 2 Jatibarang'),
('fth6', 'Dishubkominfo, Kecamatan Kersana dan Kecamatan Banjarharjo'),
('fth7', 'Dindukcapil, Dinsosnakertrans dan Kecamatan Losari'),
('fth8', 'Kantor KPPT, Dinas P dan K dan Kecamatan Tonjong'),
('fth9', 'Dinas Pertanian TPH, Kantor Ketahanan Pangan dan Kecamatan Songgom'),
('fti1', 'Kecamatan Salem dan Kecamatan Bantarkawung'),
('fti2', 'DPPK Kab. Brebes, Dinkop UMKM dan Kecamatan Bulakamba'),
('fti3', 'Setda Kab. Brebes, Dinparbudora dan Kecamatan Tanjung'),
('fti4', 'Kecamatan Brebes, Dinas Perindag dan Kecamatan Ketanggungan'),
('0247', 'Laboratorium kebijakan dan Manajemen Publik (LKMP) MIA /MAP FISIP UNDIP Semarang'),
('0244', 'Dinas Kebudayaan Prop.D.I Yogyakarta'),
('zy51', 'Bakorwil 11 Surakarta'),
('0246', 'Ciasem-Subang, Jawa Barat'),
('fti5', 'Dinas Perhubungan Komunikasi dan Informasi Kab. Brebes'),
('zy52', 'Auditorium Gedung F Kantor Pusat Kementerian Pertanian JL. Harsono RM No. 3 Ragunan Pasar Minggu Jakarta Selatan'),
('fti6', 'UPTD Pendidikan Kec. Sirampog dan SMPN 4 Satu Atap Kec. Sirampog'),
('0248', 'Gedung Samsat Online Prop.Jateng Semarang'),
('fti7', 'Kecamatan Banjarharjo dan UPTD Pendidikan Kecamatan Banjarharjo'),
('zy53', 'Dinhubkominfo Kabupaten Brebes'),
('zy54', 'Millinium Hotel, JL. H. Fachrudin No.3 Kampung Bali Jakata'),
('fti8', 'Kecamatan Paguyangan dan UPTD Pendidikan Kecamatan Paguyangan'),
('fti9', 'Kecamatan Losari dan UPTD Pendidikan Kecamatan Losari'),
('zy55', 'Kemendagri dan BKN Jakarta'),
('zy56', 'Kementerian Pertanian, BKN dan KASN'),
('ZY57', 'KPKNL Tegal'),
('0249', 'PT Solusi Korparindo Tekhnologi Jakarta'),
('zy58', 'RSUD Brebes dan SMPN 3 Wanasari'),
('zy59', 'Lapangan Desa Sukareja Kecamatan Banjarharjo'),
('ZY60', 'DPPKAD Kab. BAnyumas'),
('D.01', 'Kementerian Kesehatan,Kementerian Pertanian,Badan Kepegawaian Negara.'),
('zy61', 'BKNK Kab. Brebes dan Kec. Puskesmas Wanasari'),
('zy62', 'BNK Kab. Brebes dan Puskesmas Wanasari'),
('zy63', 'UPTD. Pendidikan Kecamatan Tanjung, Bulakamba, Wanasari dan Losari'),
('ZY64', 'Kabupaten Sleman dan Kabupaten Temanggung'),
('0250', 'Merapi Ballroom Hotel Grasia Semarang'),
('0251', 'Kabupaten Bandung'),
('zy65', 'NELI SILFIAH, SE, M.Si'),
('zy66', 'RSUD Brebes dan Puskesmas Jatibarang'),
('sm', 'Kabupaten Lombok Propinsi NTB'),
('Smt', 'Badan Kepegawaian Daerah Kabupaten Lombok Propinsi Nusa Tenggara Barat'),
('zy67', 'STIE Cirebon'),
('0252', 'The Margo Hotel Depok Jawa Barat'),
('zy68', 'SMP N 1 Tonjong Kecamatan Tonjong'),
('zy69', 'SMPN 2 Kecamatan Jatibarang, Kantor Kecamatan Jatibarang dan Diperindag Kab. Brebes'),
('0016', 'Ciawi - Bogor'),
('1234', 'PT Solusi Corparindo Tekhnologi dan BKN Jakarta'),
('zy70', 'Griya Persada Hotel dan Resort, Kaliurang, Yogyakarta'),
('2745', 'Kementrian Pekerjaan Umum dan Perumahan Rakyat Balai Diklat Wil. VIII Yogyakarta'),
('0253', 'Pusdiklat Kemendagri Regional Yogyakarta dan BKN Yogyakarta'),
('2641', 'Pusat Pengembangan  ASN  di Ciawi - Bogor'),
('zy71', 'Laboraturium Komputer Sub Bidang Dokumentasi Badan Kepegawaian Daerah Provinsi Jawa Tengah, Semarang'),
('0254', 'Badan Kepegawaian dan Kementerian Pertanian RI'),
('zy72', 'Kementerian Dalam Negri Jakarta'),
('2645', 'BPSDM Jakarta'),
('2646', 'Pusdiklat BPS RI  dan BPSDM  Hukum dan HAM'),
('0255', 'Hotel Pesona Jl.depok 33 Semarang'),
('ZY73', 'Kantor Pusat Kementerian Pertanian'),
('ZY74', 'PT Samudra Lautan Emas (STAMCO)  Cabang Purwokerto'),
('zy75', 'JAKARTA SELATAN'),
('zy76', 'Auditorium Badan Pengembangan Sumber Daya Manusia, Kementerian Dalam Negeri Jalan Kalibata No. 8 Jakarta Selatan.'),
('ZY77', 'Kec. Jatibarang dan Kec. Ketanggungan'),
('ZY78', 'Kec. Wanasari dan Puskesmas Wanasari'),
('ZY79', 'Kec. Tanjung dan Kec. Wanasari'),
('ZY80', 'Kec. Wanasari, Puskesmas Wanasari dan Puskesmas Tanjung'),
('ZY81', 'Hotel Java Heritage Purwokerto'),
('zy82', 'SMPN 2 Wanasari dan SDN Kupu 02 Kecamatan Wanasari'),
('2658', 'Hotel Sartika Premier  Jl. Pandanaran No. 116 - 120  - Kota Semarang'),
('0256', 'Stadion Ranggajati Kab.Cirebon'),
('0259', 'Universitas Muhadi Setyabudi Brebes di wanasari'),
('zy83', 'BPSDM Perhubungan Bekasi dan Pusbindiklatren - Jakarta'),
('Zy84', 'Hotel Pesona Tegal'),
('Zy85', 'SMAN 2 Paguyangan');

-- --------------------------------------------------------

--
-- Struktur dari tabel `tb_sppd`
--

CREATE TABLE `tb_sppd` (
  `id` int(11) NOT NULL,
  `no_agenda` char(10) NOT NULL,
  `dasar` varchar(500) NOT NULL,
  `nama` varchar(255) DEFAULT NULL,
  `jabatan` varchar(255) DEFAULT NULL,
  `kd_lokasi` char(10) DEFAULT NULL,
  `lokasi` text DEFAULT NULL,
  `tgl_surat` date DEFAULT NULL,
  `kendaraan` char(100) DEFAULT NULL,
  `tgl_berangkat` date DEFAULT NULL,
  `tgl_kembali` date DEFAULT NULL,
  `jam` varchar(20) NOT NULL,
  `tempat` varchar(100) NOT NULL,
  `anggaran` char(10) DEFAULT NULL,
  `no_surat` varchar(50) DEFAULT NULL,
  `perihal` text DEFAULT NULL,
  `kepada` char(3) DEFAULT NULL,
  `ttd` text NOT NULL,
  `tahun` char(4) DEFAULT NULL,
  `nip9` varchar(30) DEFAULT NULL,
  `gol` char(5) DEFAULT NULL,
  `pangkat` varchar(50) DEFAULT NULL,
  `eselon` char(10) DEFAULT NULL,
  `tingkat` char(10) DEFAULT NULL,
  `nourut` char(3) DEFAULT NULL,
  `kategori` text NOT NULL,
  `kd_user` int(11) NOT NULL,
  `bidang_user` int(11) NOT NULL,
  `aproval` text NOT NULL
) ENGINE=InnoDB DEFAULT CHARSET=utf8;

--
-- Dumping data untuk tabel `tb_sppd`
--

INSERT INTO `tb_sppd` (`id`, `no_agenda`, `dasar`, `nama`, `jabatan`, `kd_lokasi`, `lokasi`, `tgl_surat`, `kendaraan`, `tgl_berangkat`, `tgl_kembali`, `jam`, `tempat`, `anggaran`, `no_surat`, `perihal`, `kepada`, `ttd`, `tahun`, `nip9`, `gol`, `pangkat`, `eselon`, `tingkat`, `nourut`, `kategori`, `kd_user`, `bidang_user`, `aproval`) VALUES
(1, '0031', 'Dasar perintah Kepala Dinas Pendidikan, Pemuda dan Olahraga', 'SUTRISNO, SH, MH', 'Kepala Dinas Pendidikan Pemuda dan Olahraga', 'A003', 'Kantor Walikota Tegal', '2021-02-18', 'G 30 G', '2021-02-19', '2021-02-19', '08:30 WIB', '', '3', '094 / 0031 / 2021', 'Mengikuti Ibu Bupati Tenis Persahabatan Pemda Kab. Brebes dengan Pemkot Kota Tegal', '01', '196309191992091002', '2021', '19630919 199209 1 002', 'IV/b', 'Pembina Tk.I', 'II/b', 'Tingkat B', '8', 'SPPD', 10, 1, 'Menunggu Aprove'),
(2, '0032', 'Dasar perintah Kepala Dinas Pendidikan, Pemuda dan Olahraga', 'LIS DWI ANDRIYANI, SH', 'Sekretaris Dinas', 'A003', 'Kantor Walikota Tegal', '2021-02-18', 'G 35 G', '2021-02-19', '2021-02-19', '08:30 WIB', '', '3', '094 / 0032 / 2021', 'Mengikuti Ibu Bupati Tenis Persahabatan Pemda Kab. Brebes dengan Pemkot Kota Tegal', '01', '196309191992091002', '2021', '19700623 199603 2 002', 'IV/b', 'Pembina Tk.I', 'III/a', 'Tingkat B', '8', 'SPPD', 1, 1, 'Menunggu Aprove'),
(3, '0033', 'Dasar perintah Kepala Dinas Pendidikan, Pemuda dan Olahraga', 'FAJAR ADI WIDIARSO, S.Hut, M.Si', 'Kepala Bidang Pembinaan Pemuda dan Olahraga', 'A003', 'Kantor Walikota Tegal', '2021-02-18', 'G 1121 XG', '2021-02-19', '2021-02-19', '08:30 WIB', '', '3', '094 / 0033 / 2021', 'Mengikuti Ibu Bupati Tenis Persahabatan Pemda Kab. Brebes dengan Pemkot Kota Tegal', '5', '196309191992091002', '2021', '19830429 201001 1 018', 'III/c', 'Penata', 'III/b', 'Tingkat B', '8', 'SPPD', 1, 1, 'Menunggu Aprove'),
(4, '0034', 'Dasar Perintah Kepala Dinas', 'HARYANTO, S.Pd, S.IP, M.Pd', 'Pengawas Sekolah Madya', 'A002', 'Hotel Pandanaran Semarang', '2021-02-19', 'Umum', '2021-02-19', '2021-02-20', '0033', '', '', '094 / 0048 / 2021', 'Rakor Mutu Pendidikan', '2', '196309191992091002', '2021', '196202261985031011', 'IV/b', 'Pembina Tk.I', '', '', '8', 'SPPD', 1, 1, 'Menunggu Aprove'),
(5, '0035', 'edwerwerwer', 'SUTRISNO, SH, MH', 'Kepala Dinas Pendidikan, Pemuda dan Olahraga', 'A004', 'Learning Management System (LMS) ', '2021-02-22', 'Umum', '2021-02-22', '2021-02-23', '0034', '', '3', '094 / 0048 / 2021', 'ewrwerwer', '1', '196309191992091002', '2021', '196309191992091002', 'IV/b', 'Pembina Tk.I', '', '', '', 'SPPD', 1, 1, 'Menunggu Aprove'),
(6, '0036', 'dsfdsffdfd', 'MOH. MA`MUR, S.Pd, S.H, M.Pd', 'Pengawas Sekolah Madya', 'A002', 'Hotel Pandanaran Semarang', '2021-03-25', 'Umum', '2021-03-18', '2021-03-18', '0035', '', '3', '094 / 0048 / 2021', 'dsfsdffd', '1', '196604072006041007', '2021', '196201121982011014', 'IV/c', 'Pembina Utama Muda', '', '', '8', 'SPPD', 1, 1, 'Menunggu Aprove'),
(7, '0037', 'asdasddsa', 'MOH. MA`MUR, S.Pd, S.H, M.Pd', 'Pengawas Sekolah Madya', 'A002', 'Hotel Pandanaran Semarang', '2021-03-23', 'G 35 G', '2021-03-24', '2021-03-24', '0035', '', '1', '094 / 0048 / 2021', 'asdasddas', '1', '196309191992091002', '2021', '196201121982011014', 'IV/c', 'Pembina Utama Muda', '', '', '8', 'SPPD', 1, 1, 'Menunggu Aprove'),
(8, '0038', 'dsfsdffd', 'MOH. MA`MUR, S.Pd, S.H, M.Pd', 'Pengawas Sekolah Madya', 'A001', 'Kecamatan Paguyangan', '2021-03-18', 'Umum', '2021-03-25', '2021-03-25', '0037', '', '1', '094 / 0049 / 2021', 'dsfdfsfd', '1', '196309191992091002', '2021', '196201121982011014', 'IV/c', 'Pembina Utama Muda', '', '', '8', 'SPPD', 1, 1, 'Menunggu Aprove'),
(9, '0039', 'Dasar surat dari SEKRETARIAT DAERAH KABUPATEN BREBES Nomor : 005-1083-2021. Tanggal 25 Februari 2021 Perihal Undangan', 'FAJAR ADI WIDIARSO, S.Hut, M.Si', 'Kepala Bidang Pembinaan Pemuda dan Olahraga ', 'A006', '1. Hotel Moro Seneng Baturaden, 2. Lapangan Tenis GOR Satria\r\nPurwokerto', '2021-02-26', 'Umum', '2021-02-27', '2021-02-28', 'Terlampir', '', '3', '094 / 0043 / 2021', 'Menghadiri Badan Kerjasama Antar Desa (BKAD) Kecamatan Banjarharjo dan Pertandingan tenis lapangan persahabatan antara Pemerintahan Kabupaten Brebes dengan Pemerintah Kabupaten Banyumas', '5', '196309191992091002', '2021', '198304292010011018', 'III/c', 'Penata', '', '', '8', 'SPPD', 1, 1, 'Sudah Aprove'),
(10, '0040', 'Dasar surat DISPORAPAR No.427-366-2021 Tentang Pendaftaran Penerimaan PKKP Provinsi Jawa Tengah Tahun 2021', 'SUGENG', 'Staf Kepemudaan', 'A005', 'Disporapar Provinsi Jawa Tengah Jl. Mangunsarkoro -Semarang', '2021-02-26', 'Umum', '2021-03-01', '2021-03-01', '07.00 WIB', '', '3', '094 / 0042 / 2021', 'Pengiriman Berkas Calon Peserta PKKP 2021', '5', '196309191992091002', '2021', '197904122009011007', 'II/b', 'Pengatur Muda Tk.I', '', '', '8', 'SPPD', 1, 1, 'Menunggu Aprove'),
(11, '0041', 'Dasar surat dari Kementerian Pendidikan dan Kebudyaan Lembaga Pengembangan danPemberdayaan Kepala Sekolah dan Pengawas Sekolah Nomor : 0788 - B6.7-PP-2021.Tanggal 26 Februari 2021 Perihal Permohonan Pengajar Diklat Penguatan Kepala SekolahModa Daring T', 'HARYANTO, S.Pd, S.IP, M.Pd', 'Pengawas Sekolah Madya', 'A004', '', '2021-03-01', '', '2021-03-04', '2021-04-03', '07.30 WIB', '', '', '094 / 0034 / 2021', 'menjadi Pengajar Diklat Penguatan Kepala Sekolah Moda Daring Tahap 1 RegionalJawa Timur', '', '196309191992091002', '2021', '196202261985031011', 'IV/b', 'Pembina Tk.I', '', '', '8', 'Non SPPD', 1, 1, 'Menunggu Aprove'),
(13, '0042', 'sdfdsfdfsfds', 'MOH. MA`MUR, S.Pd, S.H, M.Pd', 'Pengawas Sekolah Madya', 'A001', 'Kecamatan Paguyangan', '2021-03-04', 'Umum', '2021-03-04', '2021-03-04', 'ghg', '', '3', '094 / 0042 / 2021', 'fgfg', '', '196604072006041007', '2021', '196201121982011014', 'IV/c', 'Pembina Utama Muda', '', '', '8', 'SPPD', 1, 2, 'Menunggu Aprove'),
(14, '0043', 'asdasddsadsa', 'FAJAR ADI WIDIARSO, S.Hut, M.Si', 'Kepala Bidang Pembinaan Pemuda dan Olahraga ', 'A002', 'Hotel Pandanaran Semarang', '2021-03-04', 'G 1121 XG', '2021-03-04', '2021-03-04', '09.00 WIB', '', '3', '094 / 0043 / 2021', 'sadasdsa', '5', '197006231996032002', '2021', '198304292010011018', 'III/c', 'Penata', '', '', '8', 'SPPD', 8, 5, 'Menunggu Aprove'),
(15, '0044', 'SADSASDA', 'SUGENG', 'Staf Kepemudaan', 'A003', 'Kantor Walikota Tegal', '2021-03-05', 'Umum', '2021-03-05', '2021-03-05', '09.30 WIB', '', '3', '094 / 0044 / 2021', 'SASADASDSDADSA', '5', '198304292010011018', '2021', '197904122009011007', 'II/b', 'Pengatur Muda Tk.I', '', '', '8', 'SPPD', 10, 1, 'Sudah Aprove'),
(16, '0045', 'sadasddsa', 'Dr. TAHRONI, M.Pd', 'Kepala Dinas Pendidikan, Pemuda dan Olahraga Kabupaten Brebes ', 'A002', 'Hotel Pandanaran Semarang', '2021-03-04', 'Umum', '2021-03-04', '2021-03-04', 'sadasdsda', '', '3', '094 / 0045 / 2021', 'saddassda', '5', '197006231996032002', '2021', '197106091998021001', 'IV/c', 'Pembina Utama Muda', '', '', '8', 'SPPD', 10, 1, 'Sudah Aprove'),
(17, '0046', 'asdasddsa', 'SUTRISNO, SH, MH', 'Kepala Dinas Pendidikan, Pemuda dan Olahraga', 'A002', 'Hotel Pandanaran Semarang', '2021-03-04', '', '2021-03-04', '2021-03-05', 'asdsaddsa', '', '', '094 / 0046 / 2021', 'sadasdsdadsa', '5', '196309191992091002', '2021', '196309191992091002', 'IV/b', 'Pembina Tk.I', '', '', '8', 'Non SPPD', 10, 1, 'Menunggu Aprove'),
(18, '0047', 'Dasar Perintah Kepala DInas', 'WIDO DRIPANA', 'Staf Subag Umum dan Kepegawaian', 'A001', 'Kecamatan Paguyangan', '2021-03-11', 'Umum', '2021-03-12', '2021-03-12', '08.00 WIB', '', '3', '094 / 0047 / 2021', 'Monev DAK', '1', '196604072006041007', '2021', '98', '-', '-', '', '', '8', 'SPPD', 1, 1, 'Menunggu Aprove'),
(19, '0048', 'hjgjghj', 'MOH. MA`MUR, S.Pd, S.H., M.Pd', 'Pengawas Sekolah', 'A002', 'Hotel Pandanaran Semarang', '2021-03-18', '', '2021-03-26', '2021-03-26', 'hgjghj', '', '', '094 / 0048 / 2021', 'hgj', '1', '196309191992091002', '2021', '19620112 198201 1 014', 'IV/c', 'Pembina Utama Muda', '', '', '8', 'Non SPPD', 1, 1, 'Menunggu Aprove'),
(21, '0049', 'asdadsdsdsa', 'MOH. MA`MUR, S.Pd, S.H, M.Pd', 'Pengawas Sekolah Madya', 'A001', 'Kecamatan Paguyangan', '2021-03-03', 'Umum', '2021-03-11', '2021-03-11', 'sdadasdsa', '', '1', '094 / 0049 / 2021', 'asdasdsadsda', '1', '196309191992091002', '2021', '196201121982011014', 'IV/c', 'Pembina Utama Muda', '', '', '8', 'SPPD', 1, 1, 'Menunggu Aprove'),
(22, '0050', 'asdasddsa', 'LIS DWI ANDRIYANI, SH', 'Sekretaris', 'A001', 'Kecamatan Paguyangan', '2021-03-18', '', '2021-03-12', '2021-03-12', 'sadsda', '', '', '094 / 0050 / 2021', 'saddsadsa', '1', '197006231996032002', '2021', '197006231996032002', 'IV/b', 'Pembina Tk.I', '', '', '8', 'Non SPPD', 1, 1, 'Sudah Aprove'),
(24, '0053', 'dffddf', 'Drs. IMAM SUGIHARTO, M.Pd', 'Kepala Bidang Pembinaan PAUD PNF', 'A001', 'Kecamatan Paguyangan', '2021-03-18', 'G 30 G', '2021-03-18', '2021-03-18', 'fdgfgfd', '', '1', '094 / 0055 / 2021', 'fdgfdgf', '5', '197006231996032002', '2021', '196607161999011001', 'IV/a', 'Pembina', '', '', '8', 'SPPD', 8, 5, 'Sudah Aprove'),
(25, '0054', 'vsdfsdfsfdfds', 'Drs. AGUS SUNARTO, M.Pd', 'Pengawas Sekolah Madya', 'A001', 'Kecamatan Paguyangan', '2021-03-19', 'Umum', '2021-03-18', '2021-03-18', 'sdfsfdfsd', '', '3', '094 / 0054 / 2021', 'dsfsdfdsf', '5', '196309191992091002', '2021', '19611025 198803 1 008', 'IV/b', 'Pembina Tk.I', '', '', '8', 'SPPD', 8, 5, 'Sudah Aprove'),
(27, '0055', 'adssaasdsa', 'ROJAT, S.Pd, M.Pd', 'Kepala Bidang Pembinaan DIKDAS', 'A002', 'Hotel Pandanaran Semarang', '2021-03-16', 'Umum', '2021-03-17', '2021-03-17', 'sadsadsad', '', '1', '094 / 0055 / 2021', 'asdsasd', '2', '196309191992091002', '2021', '196608061988061003', 'IV/a', 'Pembina', '', '', '8', 'SPPD', 1, 1, 'Sudah Aprove'),
(28, '0056', 'asdasdsad', 'SARMIAN, S.Pd, M.Pd', 'Kepala Seksi Kurikulum dan Kesiswaan', 'A001', 'Kecamatan Paguyangan', '2021-03-17', 'G 35 G', '2021-03-18', '2021-03-18', 'sadasdsad', '', '1', '094 / 0056 / 2021', 'sadsdadsa', '1', '196309191992091002', '2021', '196703281992031003', 'IV/a', 'Pembina', '', '', '8', 'SPPD', 1, 1, 'Sudah Aprove'),
(29, '0057', 'saddasdsa', 'HARYANTO, S.Pd, S.IP, M.Pd', 'Pengawas Sekolah Madya', 'A002', 'Hotel Pandanaran Semarang', '2021-03-19', 'G 35 G', '2021-03-19', '2021-03-19', 'dfsdf', '', '1', '094 / 0057 / 2021', 'dsffdfd', '5', '196309191992091002', '2021', '196202261985031011', 'IV/b', 'Pembina Tk.I', '', '', '8', 'SPPD', 1, 1, 'Sudah Aprove'),
(30, '0058', 'sdsfsdfsdfsd', 'BASKORO PRAMONO, S.Sos', 'Kepala Seksi Kelembagaan dan Sarana Prasarana', 'A001', 'Kecamatan Paguyangan', '2021-03-22', 'G 35 G', '2021-03-22', '2021-03-22', 'saddsadsa', '', '3', '094 / 0058 / 2021', 'saddsadsasd', '2', '197006231996032002', '2021', '196504031989032005', 'III/d', 'Penata Tk.I', '', '', '8', 'SPPD', 1, 1, 'Sudah Aprove'),
(31, '0059', 'sadsaddsdsdsa', 'MURTADO, M.Pd', 'KEPALA SMPN 2 BREBES', 'A003', 'Kantor Walikota Tegal', '2021-03-15', 'Umum', '2021-03-15', '2021-03-15', 'saddsadsa', '', '3', '094 / 0059 / 2021', 'saddsadsa', '5', '196309191992091002', '2021', '197007151994121002', 'IV/a', 'Pembina', '', '', '8', 'SPPD', 8, 5, 'Sudah Aprove'),
(32, '0060', 'dsffdsfdsfds', 'Drs. MOH. BAEDOWI ', 'Penilik Madya', 'A002', 'Hotel Pandanaran Semarang', '2021-03-15', 'Umum', '2021-03-15', '2021-03-15', 'dsffdfds', '', '3', '094 / 0060 / 2021', 'dfsfdsfsd', '5', '196309191992091002', '2021', '196703191988061001', 'IV/a', 'Pembina', '', '', '8', 'SPPD', 8, 5, 'Sudah Aprove'),
(33, '0061', 'saddassad', 'AGNES KADARISMI, SH', 'Kasi PTK PAUD PNF dan PORA ', 'A003', 'Kantor Walikota Tegal', '2021-03-23', 'Umum', '2021-03-22', '2021-03-22', 'saddasdsa', '', '3', '094 / 0061 / 2021', 'sdadasdsa', '1', '197006231996032002', '2021', '197009191990032004', 'III/d', 'Penata Tk.I', '', '', '8', 'SPPD', 1, 1, 'Sudah Aprove'),
(34, '0062', 'sdsdffsdfsd', 'FAJAR ADI WIDIARSO, S.Hut, M.Si', 'Kepala Bidang Pembinaan Pemuda dan Olahraga ', 'A002', 'Hotel Pandanaran Semarang', '2021-03-24', 'G 1121 XG', '2021-03-25', '2021-03-25', '08.00', '', '3', '094 / 0062 / 2021', 'asdasdsdasda', '5', '196309191992091002', '2021', '198304292010011018', 'III/c', 'Penata', '', '', '8', 'SPPD', 1, 1, 'Sudah Aprove'),
(35, '0063', 'adsdfsfd', 'FAJAR URIP ADITYA S, S.Kom', 'Staf Kelembagaan Sarana dan Prasarana ', 'A004', 'Learning Management System (LMS) ', '2021-03-26', 'Umum', '2021-03-25', '2021-03-25', 'ssss', '', '3', '094 / 0063 / 2021', 'saddsadsa', '5', '196604072006041007', '2021', '198504172010011002', 'III/a', 'Penata Muda', '', '', '8', 'SPPD', 8, 5, 'Sudah Aprove');

-- --------------------------------------------------------

--
-- Struktur dari tabel `tb_tahun`
--

CREATE TABLE `tb_tahun` (
  `nourut` int(11) NOT NULL,
  `tahun` char(4) DEFAULT NULL,
  `nomor` char(50) DEFAULT NULL,
  `bupati` char(50) DEFAULT NULL,
  `pangkat` char(50) DEFAULT NULL,
  `jabatan` varchar(255) NOT NULL,
  `tingkat` varchar(255) NOT NULL,
  `jabatan2` varchar(255) DEFAULT NULL,
  `posisi` char(5) DEFAULT NULL
) ENGINE=MyISAM DEFAULT CHARSET=utf8;

--
-- Dumping data untuk tabel `tb_tahun`
--

INSERT INTO `tb_tahun` (`nourut`, `tahun`, `nomor`, `bupati`, `pangkat`, `jabatan`, `tingkat`, `jabatan2`, `posisi`) VALUES
(8, '2021', '19630919 199209 1 002', 'SUTRISNO, SH, MH', 'Pembina Tk.I - IV/b', 'Kepala Dinas Pendidikan Pemuda dan Olahraga Kabupaten Brebes', 'Tingkat B', '', 'Aktif');

-- --------------------------------------------------------

--
-- Struktur dari tabel `tb_tools`
--

CREATE TABLE `tb_tools` (
  `kode` varchar(100) DEFAULT NULL,
  `nama_tools` varchar(100) DEFAULT NULL
) ENGINE=MyISAM DEFAULT CHARSET=utf8;

--
-- Dumping data untuk tabel `tb_tools`
--

INSERT INTO `tb_tools` (`kode`, `nama_tools`) VALUES
('001', 'Data Utama Jalan'),
('002', 'Data Nama Ruas Jalan'),
('003', 'Data Jenis Penanganan'),
('004', 'Data Jenis Kontruksi'),
('005', 'Data Panjang Jalan Menurut Status Jalan'),
('006', 'Data Jalan dan Jembatan Menurut Status Jalan'),
('007', 'Data Kondisi Jalan Portrait'),
('008', 'Data Kondisi Jalan Landscape'),
('009', 'Data Rencana Jalan'),
('010', 'Data Panjang Jalan'),
('011', 'Data Kondisi Jalan dan Jembatan'),
('012', 'Data Foto'),
('013', 'Pembentukan Data Utama Jalan'),
('014', 'Pembentukan Data Panjang Jalan'),
('015', 'Pembentukan Data Jalan dan Jembatan'),
('016', 'Pendaftaran User Baru'),
('017', 'Ganti User Name'),
('018', 'Daftar User Name'),
('019', 'Mendaftarkan Hak Akses'),
('020', 'Input Data Kepala Dinas'),
('021', 'Backup Data Total'),
('022', 'Restore Data Total'),
('023', 'Estimasi Biaya Selama 3 Tahun Terakhir'),
('024', 'Kunci Database'),
('025', 'Ekspor Data Ke Excel'),
('026', 'Data Jalan Lingkungan Perdesaan'),
('027', 'Data Usulan Program '),
('028', 'Ekspor Data Jalan Lingkungan dan Data Usulan Program'),
('029', 'Impor Data Jalan Lingkungan dan Data Usulan Program'),
('030', 'Data Kepala UPTD');

-- --------------------------------------------------------

--
-- Struktur dari tabel `tb_tools2`
--

CREATE TABLE `tb_tools2` (
  `kode` varchar(100) DEFAULT NULL,
  `id_user` varchar(100) DEFAULT NULL
) ENGINE=MyISAM DEFAULT CHARSET=utf8;

--
-- Dumping data untuk tabel `tb_tools2`
--

INSERT INTO `tb_tools2` (`kode`, `id_user`) VALUES
('001', '197003252008011008'),
('024', 'faizin'),
('023', 'faizin'),
('012', 'faizin'),
('022', 'faizin'),
('021', 'faizin'),
('020', 'faizin'),
('019', 'faizin'),
('018', 'faizin'),
('017', 'faizin'),
('016', 'faizin'),
('015', 'faizin'),
('014', 'faizin'),
('013', 'faizin'),
('011', 'faizin'),
('010', 'faizin'),
('009', 'faizin'),
('008', 'faizin'),
('007', 'faizin'),
('006', 'faizin'),
('005', 'faizin'),
('004', 'faizin'),
('003', 'faizin'),
('029', 'a'),
('028', 'a'),
('027', 'a'),
('026', 'a'),
('025', 'a'),
('024', 'a'),
('023', 'a'),
('012', 'a'),
('022', 'a'),
('021', 'a'),
('020', 'a'),
('019', 'a'),
('018', 'a'),
('017', 'a'),
('016', 'a'),
('015', 'a'),
('014', 'a'),
('013', 'a'),
('011', 'a'),
('010', 'a'),
('009', 'a'),
('008', 'a'),
('002', 'faizin'),
('007', 'a'),
('002', '197003252008011008'),
('001', 'faizin'),
('006', 'a'),
('006', 'suparto'),
('005', 'suparto'),
('005', 'a'),
('004', 'suparto'),
('003', 'suparto'),
('002', 'suparto'),
('001', 'suparto'),
('007', 'suparto'),
('008', 'suparto'),
('009', 'suparto'),
('010', 'suparto'),
('011', 'suparto'),
('013', 'suparto'),
('014', 'suparto'),
('015', 'suparto'),
('016', 'suparto'),
('017', 'suparto'),
('018', 'suparto'),
('019', 'suparto'),
('020', 'suparto'),
('021', 'suparto'),
('022', 'suparto'),
('012', 'suparto'),
('023', 'suparto'),
('024', 'suparto'),
('025', 'suparto'),
('001', '198009202009011011'),
('004', 'a'),
('003', 'a'),
('002', 'a'),
('001', 'a'),
('030', 'a');

-- --------------------------------------------------------

--
-- Struktur dari tabel `tb_user`
--

CREATE TABLE `tb_user` (
  `username` varchar(255) DEFAULT NULL,
  `password` varchar(255) DEFAULT NULL,
  `posisi` varchar(255) DEFAULT NULL,
  `bidang` varchar(255) DEFAULT NULL
) ENGINE=InnoDB DEFAULT CHARSET=utf8;

--
-- Dumping data untuk tabel `tb_user`
--

INSERT INTO `tb_user` (`username`, `password`, `posisi`, `bidang`) VALUES
('umi', '', 'admin', 'Kepala Sekretariat'),
('ujang', '', 'user', 'Kepala Bidang Mutasi'),
('wagito', '', 'user', 'Kepala Sekretariat'),
('wartoid', '', 'user', 'Kepala Bidang Diklat'),
('umiyati', '', 'user', 'Kepala Bidang Bina Kepegawaian'),
('karyono', '', 'user', 'Kepala Bidang Pengembangan dan Formasi'),
('binpro', '', 'user', 'Kepala Sekretariat'),
('mutasi', '', 'user', 'Kepala Bidang Mutasi'),
('1234', '', 'user', 'Kepala Sekretariat');

-- --------------------------------------------------------

--
-- Struktur dari tabel `tb_user2`
--

CREATE TABLE `tb_user2` (
  `username` varchar(255) DEFAULT NULL,
  `password` varchar(255) DEFAULT NULL,
  `posisi` varchar(255) DEFAULT NULL,
  `bidang` varchar(255) DEFAULT NULL
) ENGINE=InnoDB DEFAULT CHARSET=utf8;

-- --------------------------------------------------------

--
-- Struktur dari tabel `tb_user2_copy`
--

CREATE TABLE `tb_user2_copy` (
  `id_user` varchar(100) NOT NULL,
  `name` varchar(100) NOT NULL,
  `password` varchar(100) NOT NULL,
  `level` varchar(100) NOT NULL
) ENGINE=MyISAM DEFAULT CHARSET=utf8;

-- --------------------------------------------------------

--
-- Struktur dari tabel `tb_user_login`
--

CREATE TABLE `tb_user_login` (
  `id_user` varchar(100) NOT NULL,
  `name` varchar(100) NOT NULL,
  `password` varchar(100) NOT NULL,
  `level` varchar(100) NOT NULL
) ENGINE=MyISAM DEFAULT CHARSET=utf8;

--
-- Dumping data untuk tabel `tb_user_login`
--

INSERT INTO `tb_user_login` (`id_user`, `name`, `password`, `level`) VALUES
('suparto', 'Suparto', '', 'user'),
('SPPD BKD Kab. Brebes', 'a', '', 'admin');

-- --------------------------------------------------------

--
-- Struktur dari tabel `userbkd`
--

CREATE TABLE `userbkd` (
  `kode_user` int(4) NOT NULL,
  `username` varchar(50) NOT NULL,
  `password` varchar(250) NOT NULL,
  `nama` varchar(100) NOT NULL,
  `bidang` varchar(100) NOT NULL,
  `level` varchar(20) NOT NULL
) ENGINE=MyISAM DEFAULT CHARSET=utf8;

--
-- Dumping data untuk tabel `userbkd`
--

INSERT INTO `userbkd` (`kode_user`, `username`, `password`, `nama`, `bidang`, `level`) VALUES
(1, 'sppd', '21232f297a57a5a743894a0e4a801fc3', 'Admin Bidang Sekretariat', '1', 'Admin'),
(6, 'dikdas', '21232f297a57a5a743894a0e4a801fc3', 'Admin Bidang Dikdas', '2', 'User'),
(7, 'pptk', '21232f297a57a5a743894a0e4a801fc3', 'Admin Bidang Ketenagaan', '3', 'User'),
(8, 'bidangpora', '21232f297a57a5a743894a0e4a801fc3', 'Admin Bidang Pora', '5', 'User'),
(9, 'bidangpaudpnf', '21232f297a57a5a743894a0e4a801fc3', 'Admin Bidang PAUDPNF', '4', 'User'),
(10, 'sutris', '21232f297a57a5a743894a0e4a801fc3', 'Sutrisgiantoro', '1', 'Admin');

--
-- Indexes for dumped tables
--

--
-- Indeks untuk tabel `eps_modul`
--
ALTER TABLE `eps_modul`
  ADD PRIMARY KEY (`kode_modul`);

--
-- Indeks untuk tabel `kepegawaian`
--
ALTER TABLE `kepegawaian`
  ADD PRIMARY KEY (`id`);

--
-- Indeks untuk tabel `surat_tugas`
--
ALTER TABLE `surat_tugas`
  ADD PRIMARY KEY (`id`);

--
-- Indeks untuk tabel `tb_bantu`
--
ALTER TABLE `tb_bantu`
  ADD PRIMARY KEY (`noagenda`);

--
-- Indeks untuk tabel `tb_bantu_pengikut`
--
ALTER TABLE `tb_bantu_pengikut`
  ADD PRIMARY KEY (`nomor`);

--
-- Indeks untuk tabel `tb_bulan`
--
ALTER TABLE `tb_bulan`
  ADD PRIMARY KEY (`kd_bulan`);

--
-- Indeks untuk tabel `tb_ceksppd`
--
ALTER TABLE `tb_ceksppd`
  ADD PRIMARY KEY (`id`);

--
-- Indeks untuk tabel `tb_data`
--
ALTER TABLE `tb_data`
  ADD PRIMARY KEY (`nourut`);

--
-- Indeks untuk tabel `tb_gol`
--
ALTER TABLE `tb_gol`
  ADD PRIMARY KEY (`kd_gol`);

--
-- Indeks untuk tabel `tb_jabatan`
--
ALTER TABLE `tb_jabatan`
  ADD PRIMARY KEY (`kd_jabatan`);

--
-- Indeks untuk tabel `tb_kantor`
--
ALTER TABLE `tb_kantor`
  ADD PRIMARY KEY (`nokantor`);

--
-- Indeks untuk tabel `tb_kepada`
--
ALTER TABLE `tb_kepada`
  ADD PRIMARY KEY (`kd_kepada`);

--
-- Indeks untuk tabel `tb_lembur`
--
ALTER TABLE `tb_lembur`
  ADD PRIMARY KEY (`nomor`);

--
-- Indeks untuk tabel `tb_lokasi`
--
ALTER TABLE `tb_lokasi`
  ADD PRIMARY KEY (`nourut`);

--
-- Indeks untuk tabel `tb_nopol`
--
ALTER TABLE `tb_nopol`
  ADD PRIMARY KEY (`kd_nopol`);

--
-- Indeks untuk tabel `tb_pengikut`
--
ALTER TABLE `tb_pengikut`
  ADD PRIMARY KEY (`nomor`);

--
-- Indeks untuk tabel `tb_pengikut_sppd`
--
ALTER TABLE `tb_pengikut_sppd`
  ADD PRIMARY KEY (`nomor`);

--
-- Indeks untuk tabel `tb_sppd`
--
ALTER TABLE `tb_sppd`
  ADD PRIMARY KEY (`id`);

--
-- Indeks untuk tabel `tb_tahun`
--
ALTER TABLE `tb_tahun`
  ADD PRIMARY KEY (`nourut`);

--
-- Indeks untuk tabel `userbkd`
--
ALTER TABLE `userbkd`
  ADD PRIMARY KEY (`kode_user`);

--
-- AUTO_INCREMENT untuk tabel yang dibuang
--

--
-- AUTO_INCREMENT untuk tabel `eps_modul`
--
ALTER TABLE `eps_modul`
  MODIFY `kode_modul` int(4) NOT NULL AUTO_INCREMENT, AUTO_INCREMENT=8;

--
-- AUTO_INCREMENT untuk tabel `kepegawaian`
--
ALTER TABLE `kepegawaian`
  MODIFY `id` int(5) NOT NULL AUTO_INCREMENT, AUTO_INCREMENT=167;

--
-- AUTO_INCREMENT untuk tabel `surat_tugas`
--
ALTER TABLE `surat_tugas`
  MODIFY `id` int(5) NOT NULL AUTO_INCREMENT, AUTO_INCREMENT=895;

--
-- AUTO_INCREMENT untuk tabel `tb_bantu`
--
ALTER TABLE `tb_bantu`
  MODIFY `noagenda` int(11) NOT NULL AUTO_INCREMENT, AUTO_INCREMENT=2;

--
-- AUTO_INCREMENT untuk tabel `tb_bantu_pengikut`
--
ALTER TABLE `tb_bantu_pengikut`
  MODIFY `nomor` int(255) NOT NULL AUTO_INCREMENT, AUTO_INCREMENT=3;

--
-- AUTO_INCREMENT untuk tabel `tb_bulan`
--
ALTER TABLE `tb_bulan`
  MODIFY `kd_bulan` int(11) NOT NULL AUTO_INCREMENT, AUTO_INCREMENT=13;

--
-- AUTO_INCREMENT untuk tabel `tb_ceksppd`
--
ALTER TABLE `tb_ceksppd`
  MODIFY `id` int(11) NOT NULL AUTO_INCREMENT, AUTO_INCREMENT=42;

--
-- AUTO_INCREMENT untuk tabel `tb_data`
--
ALTER TABLE `tb_data`
  MODIFY `nourut` int(11) NOT NULL AUTO_INCREMENT, AUTO_INCREMENT=170;

--
-- AUTO_INCREMENT untuk tabel `tb_gol`
--
ALTER TABLE `tb_gol`
  MODIFY `kd_gol` int(4) NOT NULL AUTO_INCREMENT, AUTO_INCREMENT=19;

--
-- AUTO_INCREMENT untuk tabel `tb_jabatan`
--
ALTER TABLE `tb_jabatan`
  MODIFY `kd_jabatan` int(4) NOT NULL AUTO_INCREMENT, AUTO_INCREMENT=410;

--
-- AUTO_INCREMENT untuk tabel `tb_kantor`
--
ALTER TABLE `tb_kantor`
  MODIFY `nokantor` int(4) NOT NULL AUTO_INCREMENT, AUTO_INCREMENT=23;

--
-- AUTO_INCREMENT untuk tabel `tb_lembur`
--
ALTER TABLE `tb_lembur`
  MODIFY `nomor` int(11) NOT NULL AUTO_INCREMENT;

--
-- AUTO_INCREMENT untuk tabel `tb_lokasi`
--
ALTER TABLE `tb_lokasi`
  MODIFY `nourut` int(11) NOT NULL AUTO_INCREMENT, AUTO_INCREMENT=2981;

--
-- AUTO_INCREMENT untuk tabel `tb_nopol`
--
ALTER TABLE `tb_nopol`
  MODIFY `kd_nopol` int(4) NOT NULL AUTO_INCREMENT, AUTO_INCREMENT=58;

--
-- AUTO_INCREMENT untuk tabel `tb_pengikut`
--
ALTER TABLE `tb_pengikut`
  MODIFY `nomor` int(255) NOT NULL AUTO_INCREMENT, AUTO_INCREMENT=242;

--
-- AUTO_INCREMENT untuk tabel `tb_pengikut_sppd`
--
ALTER TABLE `tb_pengikut_sppd`
  MODIFY `nomor` int(255) NOT NULL AUTO_INCREMENT, AUTO_INCREMENT=93;

--
-- AUTO_INCREMENT untuk tabel `tb_sppd`
--
ALTER TABLE `tb_sppd`
  MODIFY `id` int(11) NOT NULL AUTO_INCREMENT, AUTO_INCREMENT=36;

--
-- AUTO_INCREMENT untuk tabel `tb_tahun`
--
ALTER TABLE `tb_tahun`
  MODIFY `nourut` int(11) NOT NULL AUTO_INCREMENT, AUTO_INCREMENT=9;

--
-- AUTO_INCREMENT untuk tabel `userbkd`
--
ALTER TABLE `userbkd`
  MODIFY `kode_user` int(4) NOT NULL AUTO_INCREMENT, AUTO_INCREMENT=11;
COMMIT;

/*!40101 SET CHARACTER_SET_CLIENT=@OLD_CHARACTER_SET_CLIENT */;
/*!40101 SET CHARACTER_SET_RESULTS=@OLD_CHARACTER_SET_RESULTS */;
/*!40101 SET COLLATION_CONNECTION=@OLD_COLLATION_CONNECTION */;
